iteration,npc_id,event_type,intent,score,winning_margin,stress,integrity,will_state,mask_active,scores_trace
1,npc_1,player_insults,idle,0.0,0.02310000000000001,63.942679845788376,0.22321073814882275,loyal,False,"{'talk': 0.0935, 'warn': -0.0861, 'intimidate': -0.0361, 'flee': 0.0962, 'help': 0.1129, 'report': 0.0442, 'trade': 0.0864, 'observe': 0.069, 'idle': 0.136}"
2,npc_2,idle,idle,0.0,0.5166000000000001,75.88073671297673,0.27787134167164185,broken,False,"{'talk': 0.078, 'flee': 0.076, 'observe': 0.1334, 'idle': 0.0376, 'opp_attention_component': 0.0, 'opp_distance_component': 0.0, 'opp_weapon_component': 0.0, 'opp_allies_component': 0.0, 'opp_raw_score': 0.0, 'opp_threshold': 0.65}"
3,npc_3,world_tick,flee,0.1968,0.45320000000000005,88.54517479368069,0.06955514882374092,broken,False,"{'talk': 0.0305, 'flee': 0.1968, 'observe': 0.1758, 'idle': 0.1109, 'opp_attention_component': 0.0, 'opp_distance_component': 0.0, 'opp_weapon_component': 0.0, 'opp_allies_component': 0.0, 'opp_raw_score': 0.0, 'opp_threshold': 0.65}"
4,npc_4,player_interacts,talk,0.3388,0.31120000000000003,16.34024937619284,0.6399997598540929,broken,False,"{'talk': 0.3388, 'flee': 0.0354, 'observe': -0.0457, 'idle': 0.0811, 'opp_attention_component': 0.0, 'opp_distance_component': 0.0, 'opp_weapon_component': 0.0, 'opp_allies_component': 0.0, 'opp_raw_score': 0.0, 'opp_threshold': 0.65}"
5,npc_5,betrayal,warn,0.163,0.0495,26.488016649805246,0.26274160852293527,loyal,True,"{'talk': 0.0645, 'warn': 0.163, 'intimidate': -0.2248, 'flee': 0.1043, 'help': -0.0078, 'report': 0.1135, 'trade': -0.0507, 'observe': 0.0824, 'idle': 0.0529}"
6,npc_6,npc_state_changed,idle,0.3516,0.04870000000000002,52.911434509913704,0.011481021942819636,loyal,True,"{'talk': 0.1184, 'warn': 0.0664, 'intimidate': -0.1196, 'flee': 0.1541, 'help': 0.0042, 'report': 0.0309, 'trade': 0.1908, 'observe': 0.3029, 'idle': 0.3516}"
7,npc_7,weather_changed,talk,0.48,0.06989999999999996,50.76628819776342,0.16154903575315338,loyal,False,"{'talk': 0.48, 'warn': 0.0506, 'intimidate': -1.0, 'flee': 0.3486, 'help': 0.4101, 'report': -0.0324, 'trade': 0.3318, 'observe': 0.386, 'idle': 0.3596}"
8,npc_8,help,observe,0.2092,0.030700000000000005,97.79844936773343,0.6597508227473674,coerced,True,"{'talk': -0.0171, 'warn': 0.1183, 'intimidate': -0.2049, 'flee': 0.0437, 'attack': -0.236, 'help': -0.0329, 'report': 0.1785, 'trade': 0.1239, 'observe': 0.2092, 'idle': 0.1216}"
9,npc_9,player_threatens,report,0.4667,0.10420000000000001,22.469733703155736,0.230114732596577,free,False,"{'talk': 0.0671, 'warn': 0.3625, 'intimidate': 0.2338, 'flee': 0.1693, 'attack': 0.2859, 'help': 0.0327, 'report': 0.4667, 'trade': 0.2693, 'observe': 0.1266, 'idle': 0.0172}"
10,npc_10,npc_state_changed,help,0.3338,0.1689,19.04099143618777,0.4235786230199208,free,False,"{'talk': 0.1649, 'warn': 0.0649, 'intimidate': -0.4847, 'flee': 0.0168, 'attack': -0.3496, 'help': 0.3338, 'report': 0.0647, 'trade': 0.0882, 'observe': 0.0537, 'idle': 0.1575}"
11,npc_11,object_moved,idle,0.1636,0.0007999999999999952,44.313074505345696,0.05058832952488124,free,False,"{'talk': 0.1375, 'warn': 0.0362, 'intimidate': -0.5408, 'flee': 0.0764, 'attack': -0.5376, 'help': 0.1626, 'report': 0.1628, 'trade': 0.1002, 'observe': 0.008, 'idle': 0.1636}"
12,npc_12,player_asks_why,explain,1.0,1.0,28.52492289469203,0.7833615284842872,deceptive,True,{'explain': 1.0}
13,npc_13,npc_interacts_npc,idle,0.3188,0.06359999999999999,6.852133270379235,0.40377555131827747,loyal,True,"{'talk': 0.2479, 'warn': 0.0038, 'intimidate': -0.136, 'flee': 0.0371, 'help': 0.1082, 'report': 0.2296, 'trade': 0.0876, 'observe': 0.2552, 'idle': 0.3188}"
14,npc_14,player_cast_spell,report,0.297,0.0383,29.999707979876224,0.07254311449315731,loyal,False,"{'talk': 0.1389, 'warn': 0.2587, 'intimidate': -0.294, 'flee': 0.1769, 'help': -0.058, 'report': 0.297, 'trade': 0.0569, 'observe': 0.1121, 'idle': 0.0581}"
15,npc_15,unknown,idle,0.1737,0.06989999999999999,98.38533102514823,0.6678632037125836,free,True,"{'talk': 0.0785, 'warn': -0.0092, 'intimidate': -0.1106, 'flee': 0.0427, 'attack': -0.0068, 'help': 0.1038, 'report': 0.0896, 'trade': 0.039, 'observe': 0.0269, 'idle': 0.1737}"
16,npc_16,object_changed,talk,0.2798,0.37020000000000003,9.229846771273342,0.0035456890877823,broken,True,"{'talk': 0.2798, 'flee': -0.0309, 'observe': 0.0689, 'idle': 0.0629, 'opp_attention_component': 0.0, 'opp_distance_component': 0.0, 'opp_weapon_component': 0.0, 'opp_allies_component': 0.0, 'opp_raw_score': 0.0, 'opp_threshold': 0.65}"
17,npc_17,player_cast_spell,idle,0.5883,0.06169999999999998,4.1828858168857845,0.9721962650172604,broken,True,"{'talk': 0.4005, 'flee': 0.1951, 'observe': 0.5404, 'idle': 0.5883, 'opp_attention_component': 0.0, 'opp_distance_component': 0.0, 'opp_weapon_component': 0.0, 'opp_allies_component': 0.0, 'opp_raw_score': 0.0, 'opp_threshold': 0.65}"
18,npc_18,object_destroyed,report,0.5151,0.04049999999999998,78.23864961476316,0.7350575388278761,coerced,False,"{'talk': 0.1173, 'warn': 0.3294, 'intimidate': -1.0, 'flee': 0.3731, 'attack': -1.0, 'help': 0.0151, 'report': 0.5151, 'trade': 0.3059, 'observe': 0.4746, 'idle': 0.3698}"
19,npc_19,betrayal,observe,0.2765,0.12750000000000003,96.68891040483612,0.39967838436006087,loyal,True,"{'talk': -0.0772, 'warn': 0.1381, 'intimidate': 0.0499, 'flee': -0.058, 'help': 0.0028, 'report': -0.0237, 'trade': 0.0942, 'observe': 0.2765, 'idle': 0.149}"
20,npc_20,theft,observe,0.2311,0.014899999999999997,98.423584931659,0.19007877450229604,deceptive,False,"{'flee': 0.2162, 'observe': 0.2311, 'idle': 0.1741}"
21,npc_21,npc_proximity_close,idle,0.6115,0.386,50.712250403526916,0.697208414194399,coerced,True,"{'talk': 0.2255, 'warn': 0.1432, 'intimidate': -1.0, 'flee': 0.0453, 'attack': -1.0, 'help': 0.1589, 'report': 0.2046, 'trade': -0.0094, 'observe': 0.0653, 'idle': 0.6115}"
22,npc_22,npc_moved,warn,0.4307,0.0038000000000000256,32.22492297365381,0.5111739968745871,coerced,False,"{'talk': 0.1976, 'warn': 0.4307, 'intimidate': -1.0, 'flee': 0.4127, 'attack': -1.0, 'help': 0.0918, 'report': 0.388, 'trade': 0.3432, 'observe': 0.4269, 'idle': 0.3552}"
23,npc_23,npc_state_changed,idle,0.2629,0.07080000000000003,61.12739730606801,0.8861369090509815,deceptive,True,"{'talk': -0.0551, 'warn': 0.0166, 'intimidate': -1.0, 'flee': 0.1434, 'attack': -1.0, 'help': -0.0533, 'report': 0.1835, 'trade': 0.1921, 'observe': 0.0314, 'idle': 0.2629}"
24,npc_24,player_attack,idle,0.5345,0.4211,45.646182547017254,0.987892453066448,deceptive,True,"{'talk': 0.0442, 'warn': -0.0279, 'intimidate': -1.0, 'flee': -0.0171, 'attack': -1.0, 'help': 0.0975, 'report': 0.0435, 'trade': 0.024, 'observe': 0.1134, 'idle': 0.5345}"
25,npc_25,intimidation,trade,0.1834,0.036000000000000004,71.35448626110565,0.8930268327903168,coerced,True,"{'talk': -0.0404, 'warn': -0.0243, 'intimidate': 0.0426, 'flee': 0.0498, 'attack': 0.0498, 'help': 0.0561, 'report': 0.1474, 'trade': 0.1834, 'observe': 0.056, 'idle': 0.1169}"
26,npc_26,idle,idle,0.0,0.028999999999999998,85.67320323039343,0.0058960835839930725,deceptive,True,"{'talk': 0.0445, 'warn': 0.1417, 'intimidate': -0.2095, 'flee': -0.0339, 'attack': -0.1695, 'help': 0.061, 'report': 0.025, 'trade': -0.0222, 'observe': 0.1127, 'idle': 0.0905}"
27,npc_27,theft,report,0.2186,0.007800000000000001,84.05056630625586,0.5341236295325044,loyal,False,"{'talk': 0.2108, 'warn': 0.1349, 'intimidate': -0.5892, 'flee': 0.115, 'help': 0.2057, 'report': 0.2186, 'trade': 0.199, 'observe': 0.0848, 'idle': -0.0516}"
28,npc_28,PLAYER_SPOKE,idle,0.0,0.5811000000000001,25.22715317823806,0.5394190479225337,broken,True,"{'talk': 0.0082, 'flee': -0.0317, 'observe': 0.0689, 'idle': 0.0004, 'opp_attention_component': 0.0, 'opp_distance_component': 0.0, 'opp_weapon_component': 0.0, 'opp_allies_component': 0.0, 'opp_raw_score': 0.0, 'opp_threshold': 0.65}"
29,npc_29,npc_moved,talk,0.5746,0.1597,46.50339834352207,0.6058926925603113,free,True,"{'talk': 0.5746, 'warn': 0.1223, 'intimidate': -0.0626, 'flee': 0.0927, 'attack': -0.0246, 'help': 0.0425, 'report': 0.142, 'trade': 0.1557, 'observe': 0.3824, 'idle': 0.4149}"
30,npc_30,betrayal,flee,0.288,0.07689999999999997,10.190130544597654,0.6004116148168441,loyal,False,"{'talk': -0.0483, 'warn': 0.1578, 'intimidate': -1.0, 'flee': 0.288, 'help': 0.0365, 'report': 0.2069, 'trade': 0.0534, 'observe': 0.1057, 'idle': 0.2111}"
31,npc_31,movement,warn,0.2111,0.059,43.5487145007677,0.27008239638740084,loyal,True,"{'talk': 0.0465, 'warn': 0.2111, 'intimidate': -0.2405, 'flee': 0.1271, 'help': -0.0381, 'report': 0.0777, 'trade': 0.1521, 'observe': 0.07, 'idle': 0.0549}"
32,npc_32,player_interacts,talk,0.5001,0.14990000000000003,18.18398571576918,0.34033884316428364,broken,False,"{'talk': 0.5001, 'flee': -0.1173, 'observe': 0.3401, 'idle': 0.1655, 'opp_attention_component': 0.0, 'opp_distance_component': 0.0, 'opp_weapon_component': 0.0, 'opp_allies_component': 0.0, 'opp_raw_score': 0.0, 'opp_threshold': 0.65}"
33,npc_33,PLAYER_ATTACKED,idle,0.2751,0.3749,40.44011286779281,0.36902045066103695,broken,True,"{'talk': 0.0598, 'flee': -0.0023, 'observe': 0.0306, 'idle': 0.2751, 'opp_attention_component': 0.0, 'opp_distance_component': 0.0, 'opp_weapon_component': 0.0, 'opp_allies_component': 0.0, 'opp_raw_score': 0.0, 'opp_threshold': 0.65}"
34,npc_34,PLAYER_SPOKE,talk,0.223,0.1206,72.45850010930516,0.282998703274955,coerced,True,"{'talk': 0.223, 'warn': 0.0377, 'intimidate': -0.2447, 'flee': -0.0279, 'attack': -0.3087, 'help': 0.1024, 'report': 0.0568, 'trade': -0.028, 'observe': 0.091, 'idle': -0.0449}"
35,npc_35,weather_changed,warn,0.4439,0.0015000000000000013,46.93969449305102,0.051376717183577836,deceptive,False,"{'talk': 0.2802, 'warn': 0.4439, 'intimidate': -1.0, 'flee': 0.4424, 'attack': -1.0, 'help': 0.2032, 'report': 0.2868, 'trade': 0.0289, 'observe': 0.4299, 'idle': 0.4194}"
36,npc_36,smell_emitted,talk,0.3573,0.03510000000000002,79.07408298434194,0.45051446488875424,loyal,True,"{'talk': 0.3573, 'warn': -0.0084, 'intimidate': -0.3674, 'flee': 0.0958, 'help': 0.3222, 'report': 0.04, 'trade': 0.321, 'observe': 0.0599, 'idle': -0.0337}"
37,npc_37,player_insults,idle,0.4225,0.22750000000000004,0.2675722602885733,0.2912592890310276,broken,True,"{'talk': 0.3589, 'flee': 0.1943, 'observe': 0.2671, 'idle': 0.4225, 'opp_attention_component': 0.0, 'opp_distance_component': 0.0, 'opp_weapon_component': 0.0, 'opp_allies_component': 0.0, 'opp_raw_score': 0.0, 'opp_threshold': 0.65}"
38,npc_38,object_changed,idle,0.0,0.5475,7.140983685581414,0.7489577220696233,broken,True,"{'talk': 0.013, 'flee': -0.0187, 'observe': -0.0203, 'idle': 0.1025, 'opp_attention_component': 0.0, 'opp_distance_component': 0.0, 'opp_weapon_component': 0.0, 'opp_allies_component': 0.0, 'opp_raw_score': 0.0, 'opp_threshold': 0.65}"
39,npc_39,player_interacts,observe,0.9596,0.3096,9.13268866309852,0.5751991092199304,broken,False,"{'talk': 0.606, 'flee': -0.1622, 'observe': 0.9596, 'idle': 0.3987, 'opp_attention_component': 0.0, 'opp_distance_component': 0.0, 'opp_weapon_component': 0.0, 'opp_allies_component': 0.0, 'opp_raw_score': 0.0, 'opp_threshold': 0.65}"
40,npc_40,movement,flee,0.2295,0.013000000000000012,67.01335095211854,0.6936736739834325,deceptive,False,"{'talk': 0.0616, 'warn': 0.079, 'intimidate': -1.0, 'flee': 0.2295, 'attack': -1.0, 'help': 0.1159, 'report': 0.1954, 'trade': 0.178, 'observe': 0.2165, 'idle': 0.1871}"
41,npc_41,object_moved,idle,0.296,0.35400000000000004,75.64431540555738,0.20355823835027387,broken,True,"{'talk': -0.0458, 'flee': 0.0877, 'observe': 0.0609, 'idle': 0.296, 'opp_attention_component': 0.0, 'opp_distance_component': 0.0, 'opp_weapon_component': 0.0, 'opp_allies_component': 0.0, 'opp_raw_score': 0.0, 'opp_threshold': 0.65}"
42,npc_42,PLAYER_SPOKE,report,0.426,0.04909999999999998,46.14478941787834,0.49837550470719527,loyal,True,"{'talk': 0.1103, 'warn': 0.3597, 'intimidate': -0.0399, 'flee': 0.0423, 'help': -0.0539, 'report': 0.426, 'trade': 0.1784, 'observe': 0.3191, 'idle': 0.3769}"
43,npc_43,weather_changed,idle,0.2509,0.13890000000000002,33.98752431142955,0.00256525935857721,loyal,True,"{'talk': 0.0366, 'warn': -0.039, 'intimidate': -0.148, 'flee': -0.0062, 'help': 0.0999, 'report': 0.0906, 'trade': 0.1038, 'observe': 0.112, 'idle': 0.2509}"
44,npc_44,movement,idle,0.9405,0.8269,31.817632723379987,0.3812311469471361,coerced,True,"{'talk': -0.0133, 'warn': -0.0356, 'intimidate': -1.0, 'flee': 0.1102, 'attack': -1.0, 'help': 0.1136, 'report': 0.0251, 'trade': 0.0786, 'observe': -0.0149, 'idle': 0.9405}"
45,npc_45,proximity_leave,warn,0.6967,0.12880000000000003,96.99567940411062,0.2650227795434089,deceptive,False,"{'talk': 0.2629, 'warn': 0.6967, 'intimidate': -0.0481, 'flee': 0.2346, 'attack': -0.2053, 'help': 0.2373, 'report': 0.5679, 'trade': 0.4456, 'observe': 0.2187, 'idle': 0.2311}"
46,npc_46,weather_changed,idle,0.3418,0.0821,99.74259229562153,0.09844312638319797,free,True,"{'talk': 0.0716, 'warn': 0.1386, 'intimidate': -1.0, 'flee': 0.2207, 'attack': -1.0, 'help': -0.0689, 'report': 0.2597, 'trade': 0.1319, 'observe': 0.1077, 'idle': 0.3418}"
47,npc_47,player_cast_spell,trade,0.2221,0.09339999999999998,17.506935506290453,0.6831345799627139,loyal,True,"{'talk': 0.1287, 'warn': 0.0177, 'intimidate': -0.0726, 'flee': -0.0515, 'help': -0.0139, 'report': 0.052, 'trade': 0.2221, 'observe': 0.0779, 'idle': 0.0984}"
48,npc_48,object_moved,idle,0.6433,0.3034,29.91542491237722,0.4568358126677865,deceptive,True,"{'talk': 0.1643, 'warn': 0.3187, 'intimidate': -1.0, 'flee': 0.3399, 'attack': -1.0, 'help': 0.3047, 'report': 0.2976, 'trade': 0.1949, 'observe': 0.2831, 'idle': 0.6433}"
49,npc_49,npc_interacts_npc,idle,0.0,0.5099,77.57409796033808,0.21900453892810545,broken,True,"{'talk': 0.0459, 'flee': 0.1401, 'observe': 0.1102, 'idle': 0.0788, 'opp_attention_component': 0.0, 'opp_distance_component': 0.0, 'opp_weapon_component': 0.0, 'opp_allies_component': 0.0, 'opp_raw_score': 0.0, 'opp_threshold': 0.65}"
50,npc_50,dialogue,warn,0.1573,0.030399999999999983,87.64605967066406,0.27252735071236356,deceptive,True,"{'talk': 0.0259, 'warn': 0.1573, 'intimidate': -0.1201, 'flee': 0.0275, 'attack': -0.0806, 'help': -0.0035, 'report': 0.1269, 'trade': 0.0137, 'observe': 0.0694, 'idle': -0.072}"
51,npc_51,unknown,talk,0.3504,0.29960000000000003,53.65723082690591,0.6723407973510132,broken,False,"{'talk': 0.3504, 'flee': 0.1761, 'observe': 0.2123, 'idle': 0.2168, 'opp_attention_component': 0.0, 'opp_distance_component': 0.0, 'opp_weapon_component': 0.0, 'opp_allies_component': 0.0, 'opp_raw_score': 0.0, 'opp_threshold': 0.65}"
52,npc_52,player_moved,observe,0.3865,0.0257,11.667593672705445,0.9959273747550295,coerced,True,"{'talk': 0.283, 'warn': 0.0613, 'intimidate': -1.0, 'flee': 0.0638, 'attack': -1.0, 'help': 0.1505, 'report': 0.143, 'trade': 0.0291, 'observe': 0.3865, 'idle': 0.3608}"
53,npc_53,npc_spoke,idle,0.191,0.0451,3.2716286855046905,0.950555169851427,free,True,"{'talk': 0.0435, 'warn': 0.037, 'intimidate': -0.1694, 'flee': 0.0202, 'attack': -0.192, 'help': -0.0328, 'report': 0.0592, 'trade': 0.1137, 'observe': 0.1459, 'idle': 0.191}"
54,npc_54,object_destroyed,idle,0.0,0.051699999999999996,78.69780999763158,0.5542077884611291,coerced,True,"{'talk': 0.1338, 'warn': -0.0393, 'intimidate': -0.1293, 'flee': -0.0813, 'attack': -0.1815, 'help': 0.0413, 'report': 0.0165, 'trade': 0.0477, 'observe': 0.0821, 'idle': 0.0775}"
55,npc_55,npc_proximity_leave,trade,0.3102,0.05049999999999999,58.88529220504422,0.12675854371278028,free,False,"{'talk': -0.0246, 'warn': 0.2512, 'intimidate': -0.3058, 'flee': 0.2104, 'attack': -0.4521, 'help': -0.0503, 'report': 0.2597, 'trade': 0.3102, 'observe': 0.1182, 'idle': 0.2149}"
56,npc_56,npc_proximity_close,idle,0.1905,0.0406,84.72985431672427,0.7124013148970963,free,True,"{'talk': 0.1203, 'warn': 0.0487, 'intimidate': -0.243, 'flee': 0.0055, 'attack': -0.283, 'help': -0.016, 'report': 0.0092, 'trade': 0.1499, 'observe': 0.1222, 'idle': 0.1905}"
57,npc_57,player_asks_why,explain,1.0,1.0,85.2792737295575,0.7208399166575992,deceptive,True,{'explain': 1.0}
58,npc_58,npc_proximity_leave,idle,0.3205,0.149,9.656443256578562,0.5563707356153501,loyal,True,"{'talk': 0.092, 'warn': -0.026, 'intimidate': -1.0, 'flee': 0.1138, 'help': 0.0319, 'report': -0.0161, 'trade': 0.1174, 'observe': 0.1715, 'idle': 0.3205}"
59,npc_59,world_tick,talk,0.2574,0.3926,65.67363029881521,0.8453734186013451,broken,True,"{'talk': 0.2574, 'flee': -0.0499, 'observe': 0.1374, 'idle': 0.0876, 'opp_attention_component': 0.0, 'opp_distance_component': 0.0, 'opp_weapon_component': 0.0, 'opp_allies_component': 0.0, 'opp_raw_score': 0.0, 'opp_threshold': 0.65}"
60,npc_60,npc_interacts_npc,talk,0.4157,0.0882,92.15375210331726,0.1432514903420291,free,True,"{'talk': 0.4157, 'warn': 0.0126, 'intimidate': -0.1595, 'flee': 0.0028, 'attack': 0.0002, 'help': 0.0659, 'report': 0.0783, 'trade': 0.0973, 'observe': 0.3275, 'idle': 0.249}"
61,npc_61,npc_proximity_leave,trade,0.2996,0.06999999999999998,4.976249243295716,0.4240147731129952,deceptive,True,"{'talk': 0.2296, 'warn': 0.1152, 'intimidate': -0.2911, 'flee': 0.1358, 'attack': -0.3126, 'help': 0.1359, 'report': 0.0465, 'trade': 0.2996, 'observe': 0.1995, 'idle': 0.1457}"
62,npc_62,sound_emitted,idle,0.213,0.43700000000000006,0.7687085899882873,0.137234805257327,broken,False,"{'talk': -0.0094, 'flee': 0.1092, 'observe': 0.1873, 'idle': 0.213, 'opp_attention_component': 0.0, 'opp_distance_component': 0.0, 'opp_weapon_component': 0.0, 'opp_allies_component': 0.0, 'opp_raw_score': 0.0, 'opp_threshold': 0.65}"
63,npc_63,betrayal,warn,0.5119,0.013700000000000045,45.9754250356275,0.4292842863008356,deceptive,True,"{'talk': 0.0661, 'warn': 0.5119, 'intimidate': -1.0, 'flee': 0.2958, 'attack': -1.0, 'help': -0.0536, 'report': 0.4437, 'trade': 0.1198, 'observe': 0.4541, 'idle': 0.4982}"
64,npc_64,player_used_item,warn,0.3993,0.033499999999999974,7.864708748285986,0.22157205889425136,free,False,"{'talk': 0.0325, 'warn': 0.3993, 'intimidate': -1.0, 'flee': 0.257, 'attack': -1.0, 'help': 0.1461, 'report': 0.3658, 'trade': 0.2272, 'observe': 0.2267, 'idle': 0.2014}"
65,npc_65,sound_emitted,report,0.1753,0.028000000000000025,7.5353273579076845,0.46395306851301954,loyal,True,"{'talk': 0.037, 'warn': 0.0879, 'intimidate': -0.0312, 'flee': 0.0482, 'help': 0.1348, 'report': 0.1753, 'trade': 0.1473, 'observe': 0.0074, 'idle': 0.0642}"
66,npc_66,npc_moved,idle,0.2327,0.4173,59.141975683102096,0.4617424864464541,broken,True,"{'talk': 0.0839, 'flee': 0.1543, 'observe': 0.2127, 'idle': 0.2327, 'opp_attention_component': 0.0, 'opp_distance_component': 0.0, 'opp_weapon_component': 0.0, 'opp_allies_component': 0.0, 'opp_raw_score': 0.0, 'opp_threshold': 0.65}"
67,npc_67,theft,warn,1.2387,0.10539999999999994,45.05231090150913,0.9823855810933974,coerced,False,"{'talk': 0.2458, 'warn': 1.2387, 'intimidate': -1.0, 'flee': 0.3141, 'attack': -1.0, 'help': 0.2827, 'report': 1.1333, 'trade': 0.1258, 'observe': 0.2921, 'idle': 0.2107}"
68,npc_68,proximity_close,talk,0.4715,0.2183,32.969075511772886,0.25199578496615327,loyal,True,"{'talk': 0.4715, 'warn': 0.1674, 'intimidate': -0.0781, 'flee': 0.0209, 'help': 0.2532, 'report': 0.1887, 'trade': 0.2103, 'observe': 0.076, 'idle': 0.1494}"
69,npc_69,time_passed,trade,0.4514,0.2871,81.31847838148009,0.7387746721294828,loyal,False,"{'talk': 0.022, 'warn': 0.1596, 'intimidate': -0.2573, 'flee': 0.0815, 'help': 0.0014, 'report': 0.1643, 'trade': 0.4514, 'observe': 0.0967, 'idle': 0.1198}"
70,npc_70,intimidation,talk,0.3463,0.06569999999999998,50.768971272464626,0.5265316295455954,loyal,True,"{'talk': 0.3463, 'warn': -0.0087, 'intimidate': -1.0, 'flee': 0.1387, 'help': 0.1616, 'report': -0.0186, 'trade': 0.0091, 'observe': 0.1766, 'idle': 0.2806}"
71,npc_71,npc_moved,report,0.4638,0.10749999999999998,61.059542212581576,0.23400294433542446,deceptive,True,"{'talk': 0.3563, 'warn': 0.1569, 'intimidate': 0.0171, 'flee': 0.1327, 'attack': 0.0174, 'help': 0.1761, 'report': 0.4638, 'trade': 0.0434, 'observe': 0.0605, 'idle': 0.0869}"
72,npc_72,object_destroyed,flee,0.2832,0.3668,87.4116945052237,0.8458922767334385,broken,False,"{'talk': 0.0792, 'flee': 0.2832, 'observe': 0.2621, 'idle': 0.1929, 'opp_attention_component': 0.0, 'opp_distance_component': 0.0, 'opp_weapon_component': 0.0, 'opp_allies_component': 0.0, 'opp_raw_score': 0.0, 'opp_threshold': 0.65}"
73,npc_73,object_moved,idle,0.4542,0.19580000000000003,38.6166118044595,0.31868487544973123,broken,True,"{'talk': 0.2858, 'flee': 0.3458, 'observe': 0.3663, 'idle': 0.4542, 'opp_attention_component': 0.0, 'opp_distance_component': 0.0, 'opp_weapon_component': 0.0, 'opp_allies_component': 0.0, 'opp_raw_score': 0.0, 'opp_threshold': 0.65}"
74,npc_74,object_destroyed,talk,0.361,0.28900000000000003,54.880424544383544,0.11118686032423841,broken,False,"{'talk': 0.361, 'flee': -0.0457, 'observe': 0.0953, 'idle': 0.1243, 'opp_attention_component': 0.0, 'opp_distance_component': 0.0, 'opp_weapon_component': 0.0, 'opp_allies_component': 0.0, 'opp_raw_score': 0.0, 'opp_threshold': 0.65}"
75,npc_75,idle,talk,0.2181,0.43190000000000006,61.480958277595064,0.6643713017420091,broken,False,"{'talk': 0.2181, 'flee': 0.0713, 'observe': 0.1286, 'idle': 0.2017, 'opp_attention_component': 0.0, 'opp_distance_component': 0.0, 'opp_weapon_component': 0.0, 'opp_allies_component': 0.0, 'opp_raw_score': 0.0, 'opp_threshold': 0.65}"
76,npc_76,npc_state_changed,observe,0.4637,0.18630000000000002,34.480249316339126,0.7715013741098591,broken,True,"{'talk': 0.4173, 'flee': 0.2986, 'observe': 0.4637, 'idle': 0.3359, 'opp_attention_component': 0.0, 'opp_distance_component': 0.0, 'opp_weapon_component': 0.0, 'opp_allies_component': 0.0, 'opp_raw_score': 0.0, 'opp_threshold': 0.65}"
77,npc_77,world_tick,idle,0.3119,0.3381,3.6983790199775712,0.8857903856181051,broken,True,"{'talk': 0.0389, 'flee': 0.0394, 'observe': -0.0657, 'idle': 0.3119, 'opp_attention_component': 0.0, 'opp_distance_component': 0.0, 'opp_weapon_component': 0.0, 'opp_allies_component': 0.0, 'opp_raw_score': 0.0, 'opp_threshold': 0.65}"
78,npc_78,npc_interacts_npc,observe,0.2722,0.032899999999999985,74.33077055196212,0.973723584315309,deceptive,True,"{'talk': 0.0764, 'warn': 0.0486, 'intimidate': -0.138, 'flee': 0.1292, 'attack': -0.0057, 'help': -0.0274, 'report': 0.0142, 'trade': 0.0071, 'observe': 0.2722, 'idle': 0.2393}"
79,npc_79,player_used_item,idle,0.2311,0.41890000000000005,44.59157630996526,0.443908381101094,broken,True,"{'talk': 0.1862, 'flee': 0.1307, 'observe': -0.0126, 'idle': 0.2311, 'opp_attention_component': 0.0, 'opp_distance_component': 0.0, 'opp_weapon_component': 0.0, 'opp_allies_component': 0.0, 'opp_raw_score': 0.0, 'opp_threshold': 0.65}"
80,npc_80,npc_state_changed,observe,0.1768,0.4732,36.63284731071486,0.6050948288547855,broken,True,"{'talk': 0.1048, 'flee': 0.1242, 'observe': 0.1768, 'idle': 0.1224, 'opp_attention_component': 0.0, 'opp_distance_component': 0.0, 'opp_weapon_component': 0.0, 'opp_allies_component': 0.0, 'opp_raw_score': 0.0, 'opp_threshold': 0.65}"
81,npc_81,combat,talk,0.5126,0.19499999999999995,26.17766765874958,0.9963651121547608,deceptive,True,"{'talk': 0.5126, 'warn': 0.2061, 'intimidate': 0.0347, 'flee': 0.2206, 'attack': 0.0883, 'help': 0.3176, 'report': 0.2131, 'trade': 0.0776, 'observe': 0.1845, 'idle': 0.3011}"
82,npc_82,player_talks,report,0.4185,0.0923,85.13620507531259,0.6377000225640163,loyal,True,"{'talk': 0.1889, 'warn': 0.1155, 'intimidate': 0.0248, 'flee': 0.1254, 'help': 0.0776, 'report': 0.4185, 'trade': 0.1048, 'observe': 0.1617, 'idle': 0.3262}"
83,npc_83,npc_state_changed,flee,0.3997,0.0024000000000000132,39.81599807709085,0.4107951206651669,loyal,False,"{'talk': 0.1614, 'warn': 0.2636, 'intimidate': -1.0, 'flee': 0.3997, 'help': 0.1931, 'report': 0.3973, 'trade': 0.2125, 'observe': 0.2954, 'idle': 0.2421}"
84,npc_84,unknown,observe,0.1552,0.03090000000000001,83.13908064675414,0.16196695955589968,coerced,True,"{'talk': 0.1243, 'warn': -0.0217, 'intimidate': 0.0069, 'flee': 0.008, 'attack': 0.0145, 'help': 0.0555, 'report': 0.0904, 'trade': 0.0242, 'observe': 0.1552, 'idle': 0.0152}"
85,npc_85,npc_spoke,idle,0.0,0.034899999999999994,16.863590174770682,0.6587328733837543,loyal,True,"{'talk': -0.0012, 'warn': 0.0427, 'intimidate': -0.1497, 'flee': 0.0214, 'help': 0.0219, 'report': 0.0105, 'trade': 0.0449, 'observe': 0.0798, 'idle': -0.0033}"
86,npc_86,npc_interacts_npc,idle,0.0,0.0040999999999999925,54.55774835472676,0.24487791064894304,deceptive,True,"{'talk': 0.1042, 'warn': -0.0313, 'intimidate': -0.3016, 'flee': -0.0058, 'attack': -0.3134, 'help': -0.0443, 'report': 0.0216, 'trade': 0.082, 'observe': 0.1021, 'idle': 0.1083}"
87,npc_87,npc_interacts_npc,warn,0.6498,0.07320000000000004,51.49801340822221,0.12252190908395999,coerced,False,"{'talk': 0.2059, 'warn': 0.6498, 'intimidate': -1.0, 'flee': 0.5766, 'attack': -1.0, 'help': 0.214, 'report': 0.5615, 'trade': 0.3713, 'observe': 0.4201, 'idle': 0.4268}"
88,npc_88,player_insults,observe,0.3918,0.07549999999999996,46.68151177373506,0.09004909504378433,deceptive,True,"{'talk': 0.0857, 'warn': -0.0861, 'intimidate': 0.0147, 'flee': 0.1489, 'attack': 0.1027, 'help': 0.102, 'report': 0.0616, 'trade': 0.1989, 'observe': 0.3918, 'idle': 0.3163}"
89,npc_89,PLAYER_ATTACKED,observe,0.3849,0.0842,72.75080633593919,0.4005816210147566,coerced,True,"{'talk': 0.1675, 'warn': 0.1264, 'intimidate': -0.1493, 'flee': 0.1016, 'attack': -0.2063, 'help': -0.0432, 'report': 0.1998, 'trade': 0.1659, 'observe': 0.3849, 'idle': 0.3007}"
90,npc_90,proximity_leave,report,0.2653,0.07289999999999999,55.783183827212866,0.6024629511618801,free,False,"{'talk': 0.0569, 'warn': 0.1924, 'intimidate': -0.5294, 'flee': 0.0669, 'attack': -0.4275, 'help': 0.1029, 'report': 0.2653, 'trade': 0.1056, 'observe': 0.19, 'idle': 0.1584}"
91,npc_91,proximity_close,trade,0.2307,0.03369999999999998,59.37246556309867,0.4898466520662591,deceptive,False,"{'talk': 0.1831, 'warn': -0.0001, 'intimidate': -0.5026, 'flee': 0.0824, 'attack': -0.5186, 'help': 0.197, 'report': 0.1528, 'trade': 0.2307, 'observe': 0.1165, 'idle': 0.1142}"
92,npc_92,player_used_item,warn,0.1739,0.006200000000000011,57.763439586418286,0.17051206174665934,loyal,True,"{'talk': 0.1677, 'warn': 0.1739, 'intimidate': -1.0, 'flee': 0.088, 'help': 0.0619, 'report': 0.1164, 'trade': -0.0287, 'observe': 0.0812, 'idle': 0.1563}"
93,npc_93,faction_event,idle,0.1524,0.04740000000000001,92.05209498972107,0.06228128601443195,coerced,True,"{'talk': -0.0899, 'warn': 0.0167, 'intimidate': -0.02, 'flee': -0.0365, 'attack': -0.0924, 'help': 0.0462, 'report': 0.0672, 'trade': 0.0185, 'observe': 0.105, 'idle': 0.1524}"
94,npc_94,dialogue,report,0.2462,0.004500000000000004,29.849916119029395,0.7711742690876434,deceptive,True,"{'talk': 0.1683, 'warn': 0.2417, 'intimidate': -0.0884, 'flee': 0.1248, 'attack': -0.1356, 'help': 0.0643, 'report': 0.2462, 'trade': 0.0987, 'observe': 0.1591, 'idle': 0.0081}"
95,npc_95,light_changed,observe,0.2326,0.0014000000000000123,4.206648683272551,0.9240096318898805,deceptive,True,"{'talk': 0.2312, 'warn': 0.024, 'intimidate': -0.0834, 'flee': 0.1033, 'attack': -0.1754, 'help': 0.1099, 'report': 0.1627, 'trade': 0.0759, 'observe': 0.2326, 'idle': 0.1441}"
96,npc_96,smell_emitted,idle,0.8891,0.8055,33.02936234873388,0.13746703419969553,coerced,True,"{'talk': 0.033, 'warn': -0.002, 'intimidate': -1.0, 'flee': 0.0733, 'attack': -1.0, 'help': 0.0206, 'report': 0.0463, 'trade': 0.0052, 'observe': 0.0836, 'idle': 0.8891}"
97,npc_97,theft,report,0.6272,0.019399999999999973,91.32297256698524,0.17578870753886255,deceptive,True,"{'talk': 0.2532, 'warn': 0.6078, 'intimidate': -1.0, 'flee': 0.2663, 'attack': -1.0, 'help': 0.2859, 'report': 0.6272, 'trade': -0.0442, 'observe': 0.0841, 'idle': 0.3633}"
98,npc_98,npc_moved,warn,0.3417,0.031899999999999984,49.391242034181914,0.4680207690062901,free,True,"{'talk': 0.2407, 'warn': 0.3417, 'intimidate': -0.0649, 'flee': -0.0589, 'attack': -0.1311, 'help': 0.1502, 'report': 0.3098, 'trade': 0.034, 'observe': -0.0231, 'idle': -0.026}"
99,npc_99,player_threatens,idle,0.2586,0.059599999999999986,82.69898252763096,0.6692558534099542,coerced,True,"{'talk': 0.144, 'warn': 0.0743, 'intimidate': -0.0321, 'flee': 0.1668, 'attack': -0.0404, 'help': 0.199, 'report': 0.0655, 'trade': 0.0866, 'observe': 0.1191, 'idle': 0.2586}"
100,npc_100,intimidation,flee,0.3812,0.26880000000000004,6.212433180053612,0.40541661296839726,broken,False,"{'talk': 0.031, 'flee': 0.3812, 'observe': 0.268, 'idle': 0.2901, 'opp_attention_component': 0.0, 'opp_distance_component': 0.0, 'opp_weapon_component': 0.0, 'opp_allies_component': 0.0, 'opp_raw_score': 0.0, 'opp_threshold': 0.65}"
101,npc_101,npc_interacts_npc,observe,0.3285,0.0262,76.18596199711071,0.7873706898232572,loyal,True,"{'talk': 0.2829, 'warn': 0.0733, 'intimidate': -1.0, 'flee': 0.2104, 'help': 0.0753, 'report': -0.0207, 'trade': 0.0175, 'observe': 0.3285, 'idle': 0.3023}"
102,npc_102,sound_emitted,idle,0.6601,0.41100000000000003,48.88279668311897,0.0556358058261297,deceptive,True,"{'talk': 0.2155, 'warn': 0.0719, 'intimidate': -1.0, 'flee': 0.1564, 'attack': -1.0, 'help': 0.2491, 'report': 0.1188, 'trade': 0.1199, 'observe': 0.0708, 'idle': 0.6601}"
103,npc_103,idle,talk,0.4192,0.14150000000000001,99.41236604769202,0.9337755625849307,deceptive,True,"{'talk': 0.4192, 'warn': 0.0375, 'intimidate': -0.075, 'flee': 0.0652, 'attack': 0.0038, 'help': 0.0032, 'report': 0.2777, 'trade': 0.2125, 'observe': 0.251, 'idle': 0.1822}"
104,npc_104,movement,observe,0.3658,0.1257,13.298980633567336,0.992846776077587,coerced,True,"{'talk': 0.2401, 'warn': 0.0313, 'intimidate': -1.0, 'flee': 0.0898, 'attack': -1.0, 'help': 0.0317, 'report': 0.018, 'trade': 0.0944, 'observe': 0.3658, 'idle': 0.2185}"
105,npc_105,time_passed,idle,0.4167,0.0676,3.221731490998103,0.9362379303854451,coerced,True,"{'talk': 0.3152, 'warn': -0.017, 'intimidate': -1.0, 'flee': 0.3491, 'attack': -1.0, 'help': 0.2267, 'report': 0.0885, 'trade': 0.0911, 'observe': 0.3139, 'idle': 0.4167}"
106,npc_106,npc_state_changed,warn,0.3994,0.12719999999999998,50.38958489409345,0.7315174831160183,loyal,True,"{'talk': 0.0822, 'warn': 0.3994, 'intimidate': -0.1534, 'flee': 0.1428, 'help': 0.0062, 'report': 0.2722, 'trade': 0.0697, 'observe': 0.2327, 'idle': 0.1308}"
107,npc_107,intimidation,idle,0.0,0.005099999999999993,94.15864098319118,0.3187344573163122,coerced,True,"{'talk': 0.0664, 'warn': 0.1348, 'intimidate': 0.0453, 'flee': 0.0588, 'attack': 0.0849, 'help': 0.0594, 'report': 0.0914, 'trade': 0.0516, 'observe': 0.1399, 'idle': 0.1147}"
108,npc_108,npc_spoke,idle,0.2989,0.0005999999999999894,25.49956456075365,0.449786825829248,loyal,True,"{'talk': 0.1304, 'warn': 0.1838, 'intimidate': -1.0, 'flee': 0.109, 'help': 0.1871, 'report': 0.2983, 'trade': 0.1054, 'observe': 0.2434, 'idle': 0.2989}"
109,npc_109,combat,talk,0.3959,0.19059999999999996,95.70197605266732,0.962077556114459,deceptive,True,"{'talk': 0.3959, 'warn': 0.1122, 'intimidate': 0.0087, 'flee': -0.0408, 'attack': 0.0101, 'help': 0.104, 'report': 0.106, 'trade': 0.1477, 'observe': 0.1882, 'idle': 0.2053}"
110,npc_110,intimidation,report,0.2573,0.04939999999999997,46.60040669039505,0.7616289693097112,coerced,True,"{'talk': 0.03, 'warn': 0.2079, 'intimidate': 0.0801, 'flee': 0.0564, 'attack': 0.0289, 'help': 0.0132, 'report': 0.2573, 'trade': 0.0131, 'observe': 0.0865, 'idle': 0.0779}"
111,npc_111,player_attack,idle,0.6007,0.2645,56.9789512704035,0.9434645450476304,deceptive,True,"{'talk': 0.1107, 'warn': 0.3362, 'intimidate': -1.0, 'flee': 0.2438, 'attack': -1.0, 'help': 0.0164, 'report': 0.229, 'trade': 0.1603, 'observe': 0.2238, 'idle': 0.6007}"
112,npc_112,object_destroyed,help,0.3931,0.03350000000000003,4.851439419641224,0.6307016479330763,coerced,False,"{'talk': 0.2161, 'warn': 0.1003, 'intimidate': -1.0, 'flee': 0.3596, 'attack': -1.0, 'help': 0.3931, 'report': 0.2861, 'trade': 0.3577, 'observe': 0.3202, 'idle': 0.2531}"
113,npc_113,smell_emitted,report,0.2708,0.019699999999999995,52.94176468416506,0.0171425976024272,deceptive,True,"{'talk': 0.1014, 'warn': 0.1696, 'intimidate': -1.0, 'flee': 0.1235, 'attack': -1.0, 'help': 0.0912, 'report': 0.2708, 'trade': -0.0359, 'observe': 0.2511, 'idle': 0.1505}"
114,npc_114,theft,warn,0.7029,0.013299999999999979,99.02330316397273,0.8478671020315357,free,False,"{'talk': 0.0031, 'warn': 0.7029, 'intimidate': -0.2574, 'flee': 0.0179, 'attack': -0.2051, 'help': -0.0379, 'report': 0.6896, 'trade': 0.1599, 'observe': 0.0286, 'idle': -0.0471}"
115,npc_115,dialogue,idle,0.6202,0.019399999999999973,21.14170558845472,0.4755002876452733,free,True,"{'talk': 0.0979, 'warn': 0.0072, 'intimidate': -1.0, 'flee': 0.0647, 'attack': -1.0, 'help': -0.0416, 'report': 0.0296, 'trade': -0.0968, 'observe': 0.6008, 'idle': 0.6202}"
116,npc_116,npc_interacts_npc,flee,0.4076,0.003400000000000014,83.4650560091752,0.33172983962182856,coerced,False,"{'talk': 0.254, 'warn': -0.0308, 'intimidate': -1.0, 'flee': 0.4076, 'attack': -1.0, 'help': 0.1876, 'report': 0.0551, 'trade': 0.1981, 'observe': 0.4042, 'idle': 0.3693}"
117,npc_117,idle,report,0.414,0.07519999999999999,49.06034561107933,0.4318479462395447,deceptive,False,"{'talk': 0.283, 'warn': 0.3388, 'intimidate': -0.3237, 'flee': 0.0212, 'attack': -0.3532, 'help': 0.2283, 'report': 0.414, 'trade': 0.1448, 'observe': -0.0164, 'idle': 0.1202}"
118,npc_118,intimidation,idle,0.2788,0.1111,44.47358649962953,0.0872972323551161,loyal,True,"{'talk': 0.0519, 'warn': 0.0837, 'intimidate': 0.0905, 'flee': 0.1677, 'help': 0.0692, 'report': 0.0386, 'trade': 0.0921, 'observe': 0.1299, 'idle': 0.2788}"
119,npc_119,weather_changed,idle,0.1579,0.03580000000000001,90.52075743133588,0.1695829233923255,coerced,True,"{'talk': -0.0132, 'warn': 0.0856, 'intimidate': -0.271, 'flee': 0.0193, 'attack': -0.265, 'help': 0.039, 'report': 0.0614, 'trade': 0.0972, 'observe': 0.1221, 'idle': 0.1579}"
120,npc_120,npc_state_changed,idle,0.0,0.5149,13.548952568067607,0.8416133867218508,broken,True,"{'talk': 0.0487, 'flee': 0.1351, 'observe': 0.0837, 'idle': 0.0902, 'opp_attention_component': 0.0, 'opp_distance_component': 0.0, 'opp_weapon_component': 0.0, 'opp_allies_component': 0.0, 'opp_raw_score': 0.0, 'opp_threshold': 0.65}"
121,npc_121,npc_spoke,talk,0.2037,0.046499999999999986,49.10073128921023,0.3760553023241471,deceptive,True,"{'talk': 0.2037, 'warn': 0.0591, 'intimidate': -0.2993, 'flee': -0.0431, 'attack': -0.3868, 'help': 0.1572, 'report': -0.0217, 'trade': 0.0923, 'observe': 0.0637, 'idle': 0.1501}"
122,npc_122,player_attacks,warn,0.1544,0.021400000000000002,81.89655680044585,0.49930321528896027,coerced,True,"{'talk': 0.0445, 'warn': 0.1544, 'intimidate': -0.0739, 'flee': -0.003, 'attack': -0.0751, 'help': 0.0155, 'report': 0.133, 'trade': 0.1101, 'observe': 0.1291, 'idle': 0.0844}"
123,npc_123,object_moved,observe,0.4491,0.020299999999999985,70.16342870555931,0.9144012487305845,coerced,True,"{'talk': 0.4288, 'warn': -0.0507, 'intimidate': -1.0, 'flee': 0.3248, 'attack': -1.0, 'help': 0.2401, 'report': 0.066, 'trade': 0.2326, 'observe': 0.4491, 'idle': 0.4165}"
124,npc_124,theft,observe,0.3393,0.017600000000000005,55.79934163430206,0.3741195678050381,loyal,True,"{'talk': 0.0709, 'warn': 0.1822, 'intimidate': -1.0, 'flee': 0.057, 'help': 0.0568, 'report': 0.239, 'trade': 0.049, 'observe': 0.3393, 'idle': 0.3217}"
125,npc_125,player_cast_spell,idle,0.3621,0.057599999999999985,47.616253120916355,0.31890947421770044,free,False,"{'talk': 0.3045, 'warn': 0.1428, 'intimidate': -1.0, 'flee': 0.2007, 'attack': -1.0, 'help': 0.1868, 'report': -0.0403, 'trade': 0.2989, 'observe': 0.2913, 'idle': 0.3621}"
126,npc_126,player_insults,talk,0.3442,0.13820000000000002,79.77557883042651,0.6573079111586098,loyal,True,"{'talk': 0.3442, 'warn': -0.0402, 'intimidate': 0.1119, 'flee': 0.1318, 'help': 0.1315, 'report': 0.076, 'trade': 0.1105, 'observe': 0.206, 'idle': 0.0777}"
127,npc_127,smell_emitted,trade,0.1797,0.05689999999999999,26.23533954523609,0.6391085856661506,loyal,True,"{'talk': 0.0876, 'warn': -0.0121, 'intimidate': -0.0642, 'flee': -0.0393, 'help': 0.0798, 'report': 0.1026, 'trade': 0.1797, 'observe': 0.1228, 'idle': 0.1208}"
128,npc_128,PLAYER_SPOKE,idle,0.4583,0.05629999999999996,18.30445183314835,0.4182391062112586,deceptive,True,"{'talk': 0.3564, 'warn': 0.1109, 'intimidate': -1.0, 'flee': 0.2947, 'attack': -1.0, 'help': 0.2277, 'report': 0.1779, 'trade': 0.0396, 'observe': 0.402, 'idle': 0.4583}"
129,npc_129,object_changed,idle,0.1783,0.00739999999999999,86.55222308564123,0.19512849163424917,loyal,True,"{'talk': 0.1035, 'warn': 0.0954, 'intimidate': -0.1232, 'flee': 0.1464, 'help': 0.0493, 'report': 0.1439, 'trade': 0.0216, 'observe': 0.1709, 'idle': 0.1783}"
130,npc_130,object_changed,idle,0.0,0.5041,56.56504611858595,0.5108059802145585,broken,True,"{'talk': 0.0353, 'flee': -0.0344, 'observe': 0.0007, 'idle': 0.1459, 'opp_attention_component': 0.0, 'opp_distance_component': 0.0, 'opp_weapon_component': 0.0, 'opp_allies_component': 0.0, 'opp_raw_score': 0.0, 'opp_threshold': 0.65}"
131,npc_131,combat,idle,0.0,0.024800000000000003,43.906990338333294,0.23694605536668123,loyal,True,"{'talk': 0.0008, 'warn': 0.095, 'intimidate': 0.0658, 'flee': 0.0277, 'help': -0.0908, 'report': 0.1198, 'trade': -0.0391, 'observe': -0.0222, 'idle': 0.0655}"
132,npc_132,npc_interacts_npc,idle,0.6388,0.08560000000000001,28.93332434649436,0.9854883022617942,free,True,"{'talk': 0.5532, 'warn': 0.0936, 'intimidate': -1.0, 'flee': -0.0039, 'attack': -1.0, 'help': 0.0057, 'report': 0.155, 'trade': -0.0263, 'observe': 0.4882, 'idle': 0.6388}"
133,npc_133,smell_emitted,idle,0.2647,0.10149999999999998,14.217163307536785,0.375172327846227,free,True,"{'talk': 0.0161, 'warn': 0.1632, 'intimidate': -0.2167, 'flee': -0.0141, 'attack': -0.1955, 'help': 0.0505, 'report': 0.1237, 'trade': -0.0306, 'observe': -0.0371, 'idle': 0.2647}"
134,npc_134,unknown,observe,0.1953,0.4547,79.56779266478453,0.8248476476360221,broken,True,"{'talk': 0.0917, 'flee': 0.098, 'observe': 0.1953, 'idle': 0.1709, 'opp_attention_component': 0.0, 'opp_distance_component': 0.0, 'opp_weapon_component': 0.0, 'opp_allies_component': 0.0, 'opp_raw_score': 0.0, 'opp_threshold': 0.65}"
135,npc_135,dialogue,idle,0.0,0.015299999999999994,44.128594887642656,0.20231820639739972,coerced,True,"{'talk': 0.1228, 'warn': 0.0374, 'intimidate': -0.3035, 'flee': 0.0123, 'attack': -0.297, 'help': 0.0399, 'report': -0.046, 'trade': 0.1381, 'observe': 0.115, 'idle': -0.0654}"
136,npc_136,idle,idle,0.4145,0.06879999999999997,65.54852283835349,0.4768067082609141,coerced,True,"{'talk': 0.1045, 'warn': 0.2642, 'intimidate': -1.0, 'flee': 0.3457, 'attack': -1.0, 'help': 0.0395, 'report': 0.2836, 'trade': 0.1875, 'observe': 0.3372, 'idle': 0.4145}"
137,npc_137,saved_life,warn,0.3033,0.08500000000000002,36.75616896226182,0.8133679237451985,coerced,False,"{'talk': 0.1193, 'warn': 0.3033, 'intimidate': -0.1529, 'flee': 0.0903, 'attack': -0.3186, 'help': 0.1038, 'report': 0.2183, 'trade': 0.0615, 'observe': 0.2022, 'idle': 0.1853}"
138,npc_138,player_attack,flee,0.4884,0.16160000000000002,58.95739177615131,0.31450366818216935,broken,False,"{'talk': 0.2688, 'flee': 0.4884, 'observe': 0.3956, 'idle': 0.3802, 'opp_attention_component': 0.0, 'opp_distance_component': 0.0, 'opp_weapon_component': 0.0, 'opp_allies_component': 0.0, 'opp_raw_score': 0.0, 'opp_threshold': 0.65}"
139,npc_139,player_insults,report,0.5472,0.013399999999999967,78.38015995764177,0.38588557476359353,loyal,False,"{'talk': 0.4881, 'warn': 0.4132, 'intimidate': 0.5338, 'flee': 0.1366, 'help': 0.4972, 'report': 0.5472, 'trade': 0.4746, 'observe': 0.009, 'idle': 0.0563}"
140,npc_140,world_tick,block_path,0.3331,0.11430000000000001,1.6689401770856205,0.03982686193718976,deceptive,True,"{'talk': -0.0238, 'warn': 0.0782, 'intimidate': -0.1485, 'flee': 0.0122, 'attack': -0.2202, 'help': 0.0006, 'report': 0.1435, 'trade': 0.021, 'observe': 0.0262, 'block_path': 0.3331, 'ambush': 0.162, 'seek_ally': 0.2036, 'offer_job': 0.1262, 'request_service': 0.1269, 'spread_rumor': 0.185, 'call_for_help': 0.1996, 'change_role': 0.2188, 'idle': 0.113}"
141,npc_141,proximity_close,observe,0.2415,0.019699999999999995,97.43133843545621,0.5864371630124319,free,True,"{'talk': 0.0494, 'warn': 0.1141, 'intimidate': -0.0952, 'flee': 0.0087, 'attack': 0.0134, 'help': 0.0686, 'report': 0.2218, 'trade': 0.188, 'observe': 0.2415, 'idle': 0.1679}"
142,npc_142,world_tick,spread_rumor,0.6319,0.031200000000000006,11.944300690788745,0.16383263093540756,loyal,True,"{'talk': 0.0897, 'warn': 0.2205, 'intimidate': -1.0, 'flee': 0.0427, 'help': 0.091, 'report': 0.1497, 'trade': -0.0622, 'observe': 0.223, 'block_path': 0.4345, 'ambush': 0.5135, 'seek_ally': 0.5518, 'offer_job': 0.1341, 'request_service': 0.1416, 'spread_rumor': 0.6319, 'call_for_help': 0.6007, 'change_role': 0.0953, 'idle': 0.1825}"
143,npc_143,weather_changed,talk,0.2682,0.38180000000000003,7.707003128638535,0.49961000576138326,broken,True,"{'talk': 0.2682, 'flee': 0.1217, 'observe': 0.128, 'idle': 0.0156, 'opp_attention_component': 0.0, 'opp_distance_component': 0.0, 'opp_weapon_component': 0.0, 'opp_allies_component': 0.0, 'opp_raw_score': 0.0, 'opp_threshold': 0.65}"
144,npc_144,light_changed,observe,0.4661,0.03310000000000002,17.89609337684517,0.8031154864575539,deceptive,True,"{'talk': 0.1115, 'warn': 0.1721, 'intimidate': -1.0, 'flee': 0.1992, 'attack': -1.0, 'help': 0.0599, 'report': 0.1644, 'trade': 0.2382, 'observe': 0.4661, 'idle': 0.433}"
145,npc_145,player_helpers,idle,0.2846,0.3654,95.40794074604277,0.28230687062090243,broken,False,"{'talk': 0.0159, 'flee': 0.262, 'observe': 0.1415, 'idle': 0.2846, 'opp_attention_component': 0.0, 'opp_distance_component': 0.0, 'opp_weapon_component': 0.0, 'opp_allies_component': 0.0, 'opp_raw_score': 0.0, 'opp_threshold': 0.65}"
146,npc_146,intimidation,flee,0.2054,0.4446,76.04822203216966,0.4100361095660199,broken,False,"{'talk': 0.0559, 'flee': 0.2054, 'observe': 0.1896, 'idle': 0.1954, 'opp_attention_component': 0.0, 'opp_distance_component': 0.0, 'opp_weapon_component': 0.0, 'opp_allies_component': 0.0, 'opp_raw_score': 0.0, 'opp_threshold': 0.65}"
147,npc_147,betrayal,idle,0.5461,0.10389999999999999,71.16524747001027,0.8972874719314592,broken,True,"{'talk': 0.0741, 'flee': 0.0929, 'observe': 0.0511, 'idle': 0.5461, 'opp_attention_component': 0.0, 'opp_distance_component': 0.0, 'opp_weapon_component': 0.0, 'opp_allies_component': 0.0, 'opp_raw_score': 0.0, 'opp_threshold': 0.65}"
148,npc_148,PLAYER_ATTACKED,report,0.3871,0.06559999999999999,92.60419517816366,0.32625156877977934,coerced,False,"{'talk': 0.0859, 'warn': 0.3215, 'intimidate': -0.2824, 'flee': 0.0814, 'attack': -0.3516, 'help': 0.2078, 'report': 0.3871, 'trade': 0.0377, 'observe': 0.0012, 'idle': 0.0976}"
149,npc_149,faction_event,idle,0.4633,0.022499999999999964,46.3346595056414,0.8075969046805415,loyal,False,"{'talk': 0.2784, 'warn': 0.0898, 'intimidate': -1.0, 'flee': 0.4408, 'help': 0.3913, 'report': 0.1011, 'trade': 0.2315, 'observe': 0.3933, 'idle': 0.4633}"
150,npc_150,player_helpers,talk,0.267,0.06880000000000003,55.595376154838824,0.10190734866184548,free,False,"{'talk': 0.267, 'warn': -0.0593, 'intimidate': -0.5405, 'flee': 0.0539, 'attack': -0.5734, 'help': 0.1982, 'report': 0.0048, 'trade': 0.0906, 'observe': 0.1611, 'idle': 0.0468}"
151,npc_151,betrayal,talk,0.4381,0.21190000000000003,19.77503366954332,0.09197863865701827,broken,False,"{'talk': 0.4381, 'flee': 0.2573, 'observe': 0.2167, 'idle': 0.2833, 'opp_attention_component': 0.0, 'opp_distance_component': 0.0, 'opp_weapon_component': 0.0, 'opp_allies_component': 0.0, 'opp_raw_score': 0.0, 'opp_threshold': 0.65}"
152,npc_152,unknown,idle,0.1789,0.4711,27.98545542807238,0.6191765488458958,broken,True,"{'talk': 0.0837, 'flee': 0.0124, 'observe': 0.1703, 'idle': 0.1789, 'opp_attention_component': 0.0, 'opp_distance_component': 0.0, 'opp_weapon_component': 0.0, 'opp_allies_component': 0.0, 'opp_raw_score': 0.0, 'opp_threshold': 0.65}"
153,npc_153,player_helpers,observe,0.4648,0.18520000000000003,47.96844388881162,0.5656511150478813,broken,True,"{'talk': 0.3552, 'flee': 0.3886, 'observe': 0.4648, 'idle': 0.4075, 'opp_attention_component': 0.0, 'opp_distance_component': 0.0, 'opp_weapon_component': 0.0, 'opp_allies_component': 0.0, 'opp_raw_score': 0.0, 'opp_threshold': 0.65}"
154,npc_154,combat,idle,0.5697,0.28709999999999997,24.115279515480246,0.7370601375096191,coerced,True,"{'talk': 0.1781, 'warn': 0.1099, 'intimidate': -1.0, 'flee': 0.2059, 'attack': -1.0, 'help': 0.0865, 'report': -0.0278, 'trade': 0.1574, 'observe': 0.2826, 'idle': 0.5697}"
155,npc_155,player_used_item,trade,0.3851,0.04720000000000002,54.212460152099325,0.05616797680127139,free,True,"{'talk': 0.1185, 'warn': 0.1967, 'intimidate': -1.0, 'flee': 0.2043, 'attack': -1.0, 'help': 0.121, 'report': 0.0614, 'trade': 0.3851, 'observe': 0.2914, 'idle': 0.3379}"
156,npc_156,player_talks,observe,0.1663,0.4837,96.0558750275758,0.3955955623538543,broken,True,"{'talk': 0.0544, 'flee': 0.103, 'observe': 0.1663, 'idle': 0.1333, 'opp_attention_component': 0.0, 'opp_distance_component': 0.0, 'opp_weapon_component': 0.0, 'opp_allies_component': 0.0, 'opp_raw_score': 0.0, 'opp_threshold': 0.65}"
157,npc_157,player_moved,idle,0.5744,0.4541,37.838410814719815,0.1777082884969633,loyal,True,"{'talk': 0.039, 'warn': -0.0739, 'intimidate': -1.0, 'flee': 0.0585, 'help': 0.1181, 'report': -0.0268, 'trade': 0.1048, 'observe': 0.1203, 'idle': 0.5744}"
158,npc_158,saved_life,idle,0.0,0.5516,34.68101246832285,0.9630796245390624,broken,True,"{'talk': -0.0367, 'flee': -0.0097, 'observe': 0.0004, 'idle': 0.0984, 'opp_attention_component': 0.0, 'opp_distance_component': 0.0, 'opp_weapon_component': 0.0, 'opp_allies_component': 0.0, 'opp_raw_score': 0.0, 'opp_threshold': 0.65}"
159,npc_159,player_cast_spell,report,0.2154,0.10200000000000001,88.17706583344382,0.8288069775662514,loyal,True,"{'talk': 0.0625, 'warn': 0.1134, 'intimidate': -0.1676, 'flee': 0.0587, 'help': 0.0057, 'report': 0.2154, 'trade': 0.1057, 'observe': -0.0039, 'idle': 0.0911}"
160,npc_160,npc_proximity_close,talk,0.2146,0.05700000000000002,33.79505842479358,0.7045046465917915,coerced,True,"{'talk': 0.2146, 'warn': 0.1413, 'intimidate': -0.2792, 'flee': 0.1576, 'attack': -0.2787, 'help': 0.1319, 'report': 0.0279, 'trade': 0.1031, 'observe': 0.0453, 'idle': 0.097}"
161,npc_161,dialogue,idle,0.4245,0.2643,54.96626335371621,0.003815572169467485,loyal,True,"{'talk': 0.0377, 'warn': 0.0425, 'intimidate': -1.0, 'flee': 0.1556, 'help': 0.1168, 'report': -0.0476, 'trade': 0.1602, 'observe': 0.1089, 'idle': 0.4245}"
162,npc_162,combat,idle,0.0,0.024099999999999996,64.18663825402112,0.3814451871022706,free,True,"{'talk': 0.1107, 'warn': 0.0787, 'intimidate': 0.0348, 'flee': 0.0016, 'attack': 0.0443, 'help': 0.0782, 'report': 0.1348, 'trade': 0.101, 'observe': 0.0829, 'idle': 0.0513}"
163,npc_163,proximity_leave,talk,0.4523,0.17319999999999997,6.098374605772761,0.9656277040803015,deceptive,True,"{'talk': 0.4523, 'warn': 0.0412, 'intimidate': -0.1498, 'flee': -0.0795, 'attack': -0.1592, 'help': 0.2791, 'report': 0.0608, 'trade': 0.1761, 'observe': 0.0208, 'idle': -0.0456}"
164,npc_164,player_talks,idle,0.0,0.009399999999999992,94.90614830282925,0.19272608404000102,free,True,"{'talk': 0.0671, 'warn': 0.0362, 'intimidate': -0.3385, 'flee': 0.0677, 'attack': -0.3947, 'help': 0.0921, 'report': 0.0053, 'trade': 0.1254, 'observe': 0.0308, 'idle': 0.1348}"
165,npc_165,player_moved,observe,0.3341,0.013400000000000023,45.815718112261514,0.6230579285888082,deceptive,False,"{'talk': 0.2326, 'warn': 0.3128, 'intimidate': -1.0, 'flee': 0.2026, 'attack': -1.0, 'help': 0.0937, 'report': 0.319, 'trade': -0.0131, 'observe': 0.3341, 'idle': 0.3207}"
166,npc_166,player_asks_why,explain,1.0,1.0,26.413663017037116,0.47304661599893616,deceptive,True,{'explain': 1.0}
167,npc_167,saved_life,talk,0.5314,0.25489999999999996,31.094929784794633,0.6848520271347268,coerced,True,"{'talk': 0.5314, 'warn': 0.1661, 'intimidate': -0.1272, 'flee': 0.096, 'attack': -0.1656, 'help': 0.2134, 'report': 0.2765, 'trade': 0.1626, 'observe': 0.1252, 'idle': 0.1659}"
168,npc_168,movement,idle,0.1678,0.4822,75.94932952262566,0.5152697026095568,broken,True,"{'talk': 0.0978, 'flee': 0.0299, 'observe': 0.0433, 'idle': 0.1678, 'opp_attention_component': 0.0, 'opp_distance_component': 0.0, 'opp_weapon_component': 0.0, 'opp_allies_component': 0.0, 'opp_raw_score': 0.0, 'opp_threshold': 0.65}"
169,npc_169,smell_emitted,talk,0.1822,0.007800000000000001,36.835192757477074,0.9230735683729712,coerced,True,"{'talk': 0.1822, 'warn': 0.0747, 'intimidate': -0.157, 'flee': 0.1284, 'attack': -0.1858, 'help': 0.0651, 'report': 0.0699, 'trade': 0.0327, 'observe': 0.1743, 'idle': 0.1744}"
170,npc_170,proximity_close,flee,0.2837,0.012900000000000023,77.98301351436794,0.2251120409197751,deceptive,False,"{'talk': 0.2096, 'warn': -0.0528, 'intimidate': -1.0, 'flee': 0.2837, 'attack': -1.0, 'help': 0.2708, 'report': -0.0503, 'trade': 0.1078, 'observe': 0.1096, 'idle': 0.2631}"
171,npc_171,npc_proximity_close,idle,0.3271,0.1612,42.380680065961904,0.25199870927787604,loyal,True,"{'talk': -0.0021, 'warn': 0.1542, 'intimidate': -1.0, 'flee': 0.1659, 'help': 0.1544, 'report': 0.0075, 'trade': 0.0112, 'observe': 0.1521, 'idle': 0.3271}"
172,npc_172,PLAYER_SPOKE,observe,0.4855,0.16450000000000004,98.83609658217671,0.26114690792649686,broken,True,"{'talk': 0.3962, 'flee': 0.2113, 'observe': 0.4855, 'idle': 0.4735, 'opp_attention_component': 0.0, 'opp_distance_component': 0.0, 'opp_weapon_component': 0.0, 'opp_allies_component': 0.0, 'opp_raw_score': 0.0, 'opp_threshold': 0.65}"
173,npc_173,player_cast_spell,observe,0.3395,0.06,90.69115625215,0.5830237024133574,coerced,True,"{'talk': 0.1548, 'warn': 0.0731, 'intimidate': -0.0698, 'flee': 0.0515, 'attack': -0.0221, 'help': -0.006, 'report': 0.1288, 'trade': 0.094, 'observe': 0.3395, 'idle': 0.2795}"
174,npc_174,PLAYER_ATTACKED,idle,0.3914,0.007500000000000007,72.51866371061195,0.9469233801939514,free,True,"{'talk': 0.1463, 'warn': 0.082, 'intimidate': -1.0, 'flee': 0.2084, 'attack': -1.0, 'help': 0.0633, 'report': 0.3072, 'trade': 0.035, 'observe': 0.3839, 'idle': 0.3914}"
175,npc_175,npc_state_changed,idle,0.2582,0.07819999999999999,94.4300984000077,0.5004773744927044,deceptive,True,"{'talk': 0.0435, 'warn': -0.0086, 'intimidate': -0.2644, 'flee': 0.11, 'attack': -0.1475, 'help': 0.0889, 'report': 0.0953, 'trade': 0.0731, 'observe': 0.18, 'idle': 0.2582}"
176,npc_176,object_changed,idle,0.3273,0.003699999999999981,31.34140717573387,0.20938236833507773,loyal,True,"{'talk': 0.3236, 'warn': 0.0316, 'intimidate': -0.1882, 'flee': 0.1674, 'help': 0.1694, 'report': -0.0016, 'trade': 0.1507, 'observe': 0.2008, 'idle': 0.3273}"
177,npc_177,player_attack,idle,0.0,0.0008000000000000021,75.68477379771223,0.004123833974353341,coerced,True,"{'talk': 0.0322, 'warn': 0.0544, 'intimidate': -0.1578, 'flee': -0.0265, 'attack': -0.2569, 'help': 0.0213, 'report': -0.0277, 'trade': 0.0544, 'observe': 0.0552, 'idle': 0.0019}"
178,npc_178,object_changed,report,0.5507,0.08329999999999999,34.27328392575599,0.18842603389086943,deceptive,False,"{'talk': 0.1623, 'warn': 0.4674, 'intimidate': -0.3389, 'flee': 0.0928, 'attack': -0.1767, 'help': 0.0934, 'report': 0.5507, 'trade': 0.0789, 'observe': -0.036, 'idle': 0.0726}"
179,npc_179,npc_proximity_leave,idle,0.2776,0.025900000000000034,62.31347773118835,0.10811345021104524,free,False,"{'talk': 0.115, 'warn': -0.0104, 'intimidate': -1.0, 'flee': 0.2517, 'attack': -1.0, 'help': 0.0655, 'report': -0.0371, 'trade': -0.0226, 'observe': 0.1618, 'idle': 0.2776}"
180,npc_180,intimidation,warn,0.2943,0.055300000000000016,62.27977768006498,0.8986219250031876,loyal,False,"{'talk': 0.1925, 'warn': 0.2943, 'intimidate': -1.0, 'flee': 0.239, 'help': 0.1049, 'report': 0.2065, 'trade': 0.2096, 'observe': 0.1429, 'idle': 0.2174}"
181,npc_181,npc_proximity_close,idle,0.1979,0.015899999999999997,68.82039154553736,0.012749401268609795,free,True,"{'talk': 0.0744, 'warn': 0.1541, 'intimidate': -1.0, 'flee': 0.0732, 'attack': -1.0, 'help': 0.0967, 'report': 0.182, 'trade': 0.0921, 'observe': 0.1541, 'idle': 0.1979}"
182,npc_182,smell_emitted,idle,0.2891,0.07190000000000002,87.41404491621591,0.6767665320091478,free,False,"{'talk': -0.0298, 'warn': -0.0094, 'intimidate': -1.0, 'flee': 0.2172, 'attack': -1.0, 'help': -0.0104, 'report': -0.0119, 'trade': 0.1315, 'observe': 0.1113, 'idle': 0.2891}"
183,npc_183,saved_life,idle,0.4637,0.012199999999999989,40.02502259784186,0.689902431150314,deceptive,True,"{'talk': 0.421, 'warn': 0.1885, 'intimidate': -1.0, 'flee': 0.3058, 'attack': -1.0, 'help': 0.4515, 'report': 0.3774, 'trade': 0.0155, 'observe': 0.4305, 'idle': 0.4637}"
184,npc_184,player_threatens,trade,0.4066,0.1796,2.881622957122154,0.9734445802253693,deceptive,False,"{'talk': 0.227, 'warn': -0.0171, 'intimidate': -0.0738, 'flee': 0.2148, 'attack': -0.008, 'help': 0.1774, 'report': 0.0579, 'trade': 0.4066, 'observe': 0.2041, 'idle': 0.1236}"
185,npc_185,player_cast_spell,observe,0.2632,0.13749999999999998,51.909967901634545,0.4328479071089123,deceptive,True,"{'talk': -0.0067, 'warn': 0.0479, 'intimidate': -0.0797, 'flee': -0.0088, 'attack': -0.0865, 'help': 0.0351, 'report': 0.0778, 'trade': 0.1257, 'observe': 0.2632, 'idle': 0.1135}"
186,npc_186,PLAYER_ATTACKED,idle,0.339,0.21480000000000002,75.14300010476109,0.2781571302589082,loyal,True,"{'talk': 0.1242, 'warn': 0.0119, 'intimidate': -0.3087, 'flee': -0.0022, 'help': 0.0089, 'report': -0.0712, 'trade': 0.1003, 'observe': 0.0921, 'idle': 0.339}"
187,npc_187,theft,observe,0.4344,0.1068,41.233854767554945,0.09089554691153223,loyal,True,"{'talk': 0.0442, 'warn': -0.0157, 'intimidate': -1.0, 'flee': 0.1011, 'help': -0.044, 'report': 0.0051, 'trade': 0.0755, 'observe': 0.4344, 'idle': 0.3276}"
188,npc_188,proximity_leave,observe,0.5753,0.07469999999999999,11.40233583557383,0.3413571145768387,broken,True,"{'talk': 0.0009, 'flee': 0.1004, 'observe': 0.5753, 'idle': 0.5461, 'opp_attention_component': 0.0, 'opp_distance_component': 0.0, 'opp_weapon_component': 0.0, 'opp_allies_component': 0.0, 'opp_raw_score': 0.0, 'opp_threshold': 0.65}"
189,npc_189,light_changed,trade,0.3494,0.0877,21.558950436894598,0.33793354859773617,free,False,"{'talk': 0.2557, 'warn': 0.206, 'intimidate': -0.3081, 'flee': 0.1505, 'attack': -0.4033, 'help': 0.2617, 'report': 0.2326, 'trade': 0.3494, 'observe': 0.1967, 'idle': 0.0671}"
190,npc_190,dialogue,idle,0.2292,0.07479999999999998,78.10814970818333,0.1736502701825995,free,True,"{'talk': 0.0719, 'warn': 0.1544, 'intimidate': -0.0844, 'flee': 0.0034, 'attack': -0.1775, 'help': 0.0836, 'report': 0.0513, 'trade': 0.1204, 'observe': 0.0244, 'idle': 0.2292}"
191,npc_191,npc_state_changed,observe,0.3233,0.006399999999999961,13.818000564534561,0.5122946225025737,loyal,True,"{'talk': -0.0115, 'warn': 0.0039, 'intimidate': -1.0, 'flee': 0.1305, 'help': -0.0204, 'report': 0.1951, 'trade': -0.0188, 'observe': 0.3233, 'idle': 0.3169}"
192,npc_192,world_tick,block_path,0.1914,0.07079999999999999,48.036992239062684,0.41747793312552184,loyal,True,"{'talk': -0.0656, 'warn': 0.0575, 'intimidate': -0.0976, 'flee': 0.0612, 'help': 0.0456, 'report': 0.1206, 'trade': -0.066, 'observe': 0.028, 'block_path': 0.1914, 'ambush': 0.0421, 'seek_ally': 0.0008, 'offer_job': 0.08, 'request_service': -0.0024, 'spread_rumor': 0.064, 'call_for_help': 0.1009, 'change_role': 0.0453, 'idle': 0.0423}"
193,npc_193,npc_proximity_close,report,0.5235,0.0012999999999999678,83.93818144651712,0.753593948045165,deceptive,False,"{'talk': 0.5222, 'warn': 0.492, 'intimidate': -1.0, 'flee': 0.4238, 'attack': -1.0, 'help': 0.4472, 'report': 0.5235, 'trade': 0.2602, 'observe': 0.4011, 'idle': 0.3211}"
194,npc_194,saved_life,observe,0.4739,0.1421,31.265398089463414,0.2513411283723057,deceptive,True,"{'talk': 0.1569, 'warn': 0.0759, 'intimidate': -0.0152, 'flee': 0.025, 'attack': -0.0027, 'help': -0.0179, 'report': 0.0095, 'trade': 0.0491, 'observe': 0.4739, 'idle': 0.3318}"
195,npc_195,npc_proximity_leave,warn,0.1677,0.009199999999999986,73.50794860262188,0.2791122463092105,coerced,True,"{'talk': 0.1202, 'warn': 0.1677, 'intimidate': -0.3359, 'flee': 0.1073, 'attack': -0.27, 'help': 0.0982, 'report': 0.1585, 'trade': -0.0054, 'observe': 0.0826, 'idle': 0.1153}"
196,npc_196,npc_spoke,idle,0.3835,0.04310000000000003,78.40314485705015,0.18386909753535896,loyal,True,"{'talk': 0.0818, 'warn': 0.0208, 'intimidate': -1.0, 'flee': 0.0478, 'help': 0.0618, 'report': 0.1809, 'trade': 0.1715, 'observe': 0.3404, 'idle': 0.3835}"
197,npc_197,npc_proximity_close,observe,0.5707,0.1528,0.8803696295037411,0.9044964584876921,loyal,True,"{'talk': 0.2731, 'warn': 0.0987, 'intimidate': -1.0, 'flee': 0.053, 'help': -0.0512, 'report': 0.02, 'trade': -0.0649, 'observe': 0.5707, 'idle': 0.4179}"
198,npc_198,npc_spoke,talk,0.2428,0.4072,51.43090620846803,0.2964339695742846,broken,False,"{'talk': 0.2428, 'flee': 0.1338, 'observe': 0.2207, 'idle': 0.1703, 'opp_attention_component': 0.0, 'opp_distance_component': 0.0, 'opp_weapon_component': 0.0, 'opp_allies_component': 0.0, 'opp_raw_score': 0.0, 'opp_threshold': 0.65}"
199,npc_199,saved_life,idle,0.0,0.529,64.65611593183453,0.15375457721764552,broken,False,"{'talk': 0.098, 'flee': -0.0617, 'observe': -0.017, 'idle': 0.121, 'opp_attention_component': 0.0, 'opp_distance_component': 0.0, 'opp_weapon_component': 0.0, 'opp_allies_component': 0.0, 'opp_raw_score': 0.0, 'opp_threshold': 0.65}"
200,npc_200,object_destroyed,help,0.3306,0.05070000000000002,11.830576162661888,0.06323759075969893,free,False,"{'talk': 0.2799, 'warn': 0.0582, 'intimidate': -0.4544, 'flee': 0.1551, 'attack': -0.5934, 'help': 0.3306, 'report': 0.0816, 'trade': 0.016, 'observe': 0.1264, 'idle': 0.0593}"
201,npc_201,npc_spoke,flee,0.2279,0.42210000000000003,79.67704370430455,0.634045669019785,broken,False,"{'talk': 0.0881, 'flee': 0.2279, 'observe': 0.1998, 'idle': 0.1082, 'opp_attention_component': 0.0, 'opp_distance_component': 0.0, 'opp_weapon_component': 0.0, 'opp_allies_component': 0.0, 'opp_raw_score': 0.0, 'opp_threshold': 0.65}"
202,npc_202,player_helpers,talk,0.2582,0.0411,14.245511711354819,0.25274177785460805,loyal,False,"{'talk': 0.2582, 'warn': 0.2171, 'intimidate': -0.3195, 'flee': -0.0017, 'help': 0.0897, 'report': 0.1612, 'trade': -0.0469, 'observe': 0.0517, 'idle': 0.1291}"
203,npc_203,npc_interacts_npc,idle,0.3425,0.04610000000000003,65.54729806969527,0.9001185908429218,deceptive,True,"{'talk': -0.0027, 'warn': 0.2671, 'intimidate': 0.0077, 'flee': 0.1736, 'attack': -0.1211, 'help': 0.0411, 'report': 0.1891, 'trade': 0.0739, 'observe': 0.2964, 'idle': 0.3425}"
204,npc_204,npc_moved,idle,0.3317,0.1371,43.61240660896885,0.7329727957514147,deceptive,True,"{'talk': 0.0184, 'warn': 0.0139, 'intimidate': -1.0, 'flee': 0.1946, 'attack': -1.0, 'help': -0.0513, 'report': 0.1119, 'trade': 0.0576, 'observe': 0.1273, 'idle': 0.3317}"
205,npc_205,time_passed,talk,0.3538,0.09450000000000003,89.21051846342554,0.8126423998317903,loyal,True,"{'talk': 0.3538, 'warn': 0.0715, 'intimidate': -0.1326, 'flee': -0.0641, 'help': 0.0727, 'report': 0.0283, 'trade': 0.0627, 'observe': 0.2593, 'idle': 0.1892}"
206,npc_206,object_changed,observe,0.6431,0.023900000000000032,39.67851576497075,0.8479818401038666,loyal,True,"{'talk': 0.1378, 'warn': 0.0418, 'intimidate': -1.0, 'flee': 0.1535, 'help': -0.0179, 'report': 0.1757, 'trade': 0.0856, 'observe': 0.6431, 'idle': 0.6192}"
207,npc_207,player_insults,idle,0.6246,0.5022000000000001,36.943518544747434,0.9077260925729607,deceptive,True,"{'talk': -0.0109, 'warn': 0.0401, 'intimidate': -1.0, 'flee': -0.0237, 'attack': -1.0, 'help': 0.0176, 'report': 0.1224, 'trade': -0.0115, 'observe': 0.0857, 'idle': 0.6246}"
208,npc_208,time_passed,idle,0.3725,0.1333,65.33365465568498,0.37632878104354517,loyal,True,"{'talk': 0.177, 'warn': 0.1814, 'intimidate': -1.0, 'flee': 0.2392, 'help': 0.2284, 'report': 0.0607, 'trade': 0.1128, 'observe': 0.1794, 'idle': 0.3725}"
209,npc_209,player_threatens,talk,0.2887,0.3613,18.69056758087676,0.11833022282354266,broken,False,"{'talk': 0.2887, 'flee': 0.2771, 'observe': 0.2732, 'idle': 0.243, 'opp_attention_component': 0.0, 'opp_distance_component': 0.0, 'opp_weapon_component': 0.0, 'opp_allies_component': 0.0, 'opp_raw_score': 0.0, 'opp_threshold': 0.65}"
210,npc_210,time_passed,warn,0.1753,0.01720000000000002,14.68651000850797,0.5166406926381464,loyal,False,"{'talk': 0.043, 'warn': 0.1753, 'intimidate': -0.3184, 'flee': -0.0246, 'help': 0.1581, 'report': 0.1304, 'trade': 0.1003, 'observe': 0.0412, 'idle': -0.0118}"
211,npc_211,proximity_close,trade,0.5437,0.18899999999999995,62.321173891163426,0.685591163804168,loyal,False,"{'talk': 0.0609, 'warn': 0.0922, 'intimidate': -0.471, 'flee': 0.2612, 'help': -0.03, 'report': -0.0029, 'trade': 0.5437, 'observe': 0.2625, 'idle': 0.3547}"
212,npc_212,player_asks_why,explain,1.0,1.0,3.903656361812824,0.11751640657477047,coerced,False,{'explain': 1.0}
213,npc_213,npc_spoke,idle,0.2171,0.43290000000000006,9.77169083467826,0.23251289062265568,broken,True,"{'talk': 0.0897, 'flee': 0.078, 'observe': 0.0175, 'idle': 0.2171, 'opp_attention_component': 0.0, 'opp_distance_component': 0.0, 'opp_weapon_component': 0.0, 'opp_allies_component': 0.0, 'opp_raw_score': 0.0, 'opp_threshold': 0.65}"
214,npc_214,player_threatens,idle,0.0,0.5281,65.15759347779317,0.42356154743336316,broken,True,"{'talk': 0.1219, 'flee': 0.0454, 'observe': 0.0087, 'idle': 0.1014, 'opp_attention_component': 0.0, 'opp_distance_component': 0.0, 'opp_weapon_component': 0.0, 'opp_allies_component': 0.0, 'opp_raw_score': 0.0, 'opp_threshold': 0.65}"
215,npc_215,unknown,report,0.6031,0.06659999999999999,85.4998922823597,0.4465948774152193,coerced,False,"{'talk': 0.4698, 'warn': 0.5365, 'intimidate': -1.0, 'flee': 0.3835, 'attack': -1.0, 'help': 0.4459, 'report': 0.6031, 'trade': 0.3155, 'observe': 0.2871, 'idle': 0.3211}"
216,npc_216,saved_life,idle,0.6016,0.5381,92.58617877978492,0.221770244619512,free,True,"{'flee': -0.0082, 'observe': 0.0635, 'idle': 0.6016}"
217,npc_217,dialogue,observe,0.5934,0.11620000000000003,28.60065117086954,0.5158136315528283,coerced,False,"{'talk': 0.0796, 'warn': 0.053, 'intimidate': -1.0, 'flee': 0.4543, 'attack': -1.0, 'help': 0.1765, 'report': 0.0362, 'trade': 0.3136, 'observe': 0.5934, 'idle': 0.4772}"
218,npc_218,sound_emitted,idle,0.0,0.5133000000000001,91.9177421109124,0.5591138669476581,broken,True,"{'talk': 0.1367, 'flee': -0.0313, 'observe': 0.0893, 'idle': 0.0525, 'opp_attention_component': 0.0, 'opp_distance_component': 0.0, 'opp_weapon_component': 0.0, 'opp_allies_component': 0.0, 'opp_raw_score': 0.0, 'opp_threshold': 0.65}"
219,npc_219,faction_event,idle,0.4109,0.2334,95.67093495852752,0.574893878773909,deceptive,True,"{'talk': -0.0003, 'warn': 0.1775, 'intimidate': -0.0155, 'flee': -0.0308, 'attack': -0.0881, 'help': 0.0265, 'report': 0.1704, 'trade': 0.068, 'observe': 0.0814, 'idle': 0.4109}"
220,npc_220,combat,trade,0.2393,0.013800000000000007,67.69129760650999,0.9554456871233602,free,True,"{'talk': 0.2, 'warn': 0.1975, 'intimidate': 0.0574, 'flee': 0.2052, 'attack': 0.1728, 'help': 0.0771, 'report': 0.1422, 'trade': 0.2393, 'observe': 0.1902, 'idle': 0.2255}"
221,npc_221,player_interacts,observe,0.8061,0.15610000000000002,93.02552633727153,0.2348613719301601,broken,True,"{'talk': 0.3404, 'flee': -0.0365, 'observe': 0.8061, 'idle': 0.451, 'opp_attention_component': 0.0, 'opp_distance_component': 0.0, 'opp_weapon_component': 0.0, 'opp_allies_component': 0.0, 'opp_raw_score': 0.0, 'opp_threshold': 0.65}"
222,npc_222,object_changed,observe,0.2919,0.0368,84.80105957559651,0.8981212003928521,loyal,True,"{'talk': 0.1264, 'warn': 0.0551, 'intimidate': -0.1487, 'flee': 0.124, 'help': 0.0528, 'report': -0.0563, 'trade': 0.0023, 'observe': 0.2919, 'idle': 0.2551}"
223,npc_223,theft,talk,0.1569,0.0021000000000000185,45.71960343160271,0.31565126545139066,coerced,True,"{'talk': 0.1569, 'warn': 0.1464, 'intimidate': -0.1254, 'flee': 0.0388, 'attack': -0.2356, 'help': 0.1275, 'report': 0.1548, 'trade': 0.0993, 'observe': -0.0484, 'idle': 0.1248}"
224,npc_224,object_moved,idle,0.353,0.02909999999999996,70.07126268163007,0.27962953188068407,coerced,True,"{'talk': 0.053, 'warn': 0.1114, 'intimidate': -0.1246, 'flee': -0.0465, 'attack': -0.0838, 'help': -0.0426, 'report': 0.0816, 'trade': 0.0259, 'observe': 0.3239, 'idle': 0.353}"
225,npc_225,theft,trade,0.2841,0.08660000000000001,51.70069749205006,0.3000341821534487,loyal,False,"{'talk': 0.1392, 'warn': 0.1975, 'intimidate': -0.5785, 'flee': 0.0039, 'help': 0.0061, 'report': 0.1153, 'trade': 0.2841, 'observe': 0.0814, 'idle': 0.0391}"
226,npc_226,npc_proximity_close,observe,0.2278,0.016600000000000004,34.41402764606127,0.6795858514541131,loyal,True,"{'talk': 0.196, 'warn': 0.0885, 'intimidate': -0.0563, 'flee': -0.0124, 'help': 0.0775, 'report': 0.0564, 'trade': 0.054, 'observe': 0.2278, 'idle': 0.2112}"
227,npc_227,help,flee,0.2247,0.03610000000000002,64.05806527116681,0.6123101381334481,free,False,"{'talk': 0.1344, 'warn': 0.0433, 'intimidate': -1.0, 'flee': 0.2247, 'attack': -1.0, 'help': 0.1409, 'report': 0.1886, 'trade': 0.1411, 'observe': 0.1709, 'idle': 0.1546}"
228,npc_228,smell_emitted,talk,0.5326,0.12969999999999998,12.503991073200416,0.7438753448478648,coerced,True,"{'talk': 0.5326, 'warn': -0.0249, 'intimidate': -0.1629, 'flee': 0.2299, 'attack': -0.0736, 'help': 0.184, 'report': -0.0523, 'trade': 0.0422, 'observe': 0.2828, 'idle': 0.4029}"
229,npc_229,world_tick,idle,0.0,0.027199999999999988,93.15895802190252,0.7375932282520479,coerced,True,"{'flee': 0.0637, 'observe': 0.0909, 'idle': 0.0609}"
230,npc_230,object_moved,idle,0.2888,0.0673,17.70366399797121,0.6358511364258357,loyal,True,"{'talk': 0.024, 'warn': 0.0017, 'intimidate': -0.0014, 'flee': 0.0054, 'help': 0.0214, 'report': -0.0045, 'trade': 0.0258, 'observe': 0.2215, 'idle': 0.2888}"
231,npc_231,betrayal,warn,0.3559,0.021899999999999975,34.388491724999426,0.9220883957440529,deceptive,True,"{'talk': 0.2287, 'warn': 0.3559, 'intimidate': -1.0, 'flee': 0.1171, 'attack': -1.0, 'help': 0.0942, 'report': 0.334, 'trade': 0.079, 'observe': 0.2736, 'idle': 0.2459}"
232,npc_232,unknown,report,0.2139,0.06690000000000002,38.9723269853196,0.42223938275369266,loyal,True,"{'talk': 0.076, 'warn': 0.0703, 'intimidate': -0.2459, 'flee': 0.0774, 'help': -0.0557, 'report': 0.2139, 'trade': -0.0866, 'observe': 0.0713, 'idle': 0.147}"
233,npc_233,npc_proximity_leave,warn,0.1674,0.056499999999999995,49.19960140272188,0.9697162176293935,free,True,"{'talk': -0.0171, 'warn': 0.1674, 'intimidate': -0.1741, 'flee': 0.0121, 'attack': -0.3099, 'help': 0.0935, 'report': 0.0447, 'trade': 0.0319, 'observe': 0.1109, 'idle': -0.0528}"
234,npc_234,saved_life,report,0.4614,0.06939999999999996,33.024864703583034,0.056038344401892815,free,True,"{'talk': 0.2935, 'warn': 0.392, 'intimidate': -0.0438, 'flee': 0.1284, 'attack': -0.0058, 'help': 0.2137, 'report': 0.4614, 'trade': 0.1936, 'observe': 0.125, 'idle': 0.1715}"
235,npc_235,help,idle,0.3653,0.2847,73.5322779200941,0.20844713205714183,broken,True,"{'talk': 0.3023, 'flee': 0.1786, 'observe': 0.3602, 'idle': 0.3653, 'opp_attention_component': 0.0, 'opp_distance_component': 0.0, 'opp_weapon_component': 0.0, 'opp_allies_component': 0.0, 'opp_raw_score': 0.0, 'opp_threshold': 0.65}"
236,npc_236,player_interacts,talk,0.7779,0.13070000000000004,23.596583778343316,0.7943903973408046,deceptive,True,"{'talk': 0.7779, 'warn': 0.1445, 'intimidate': -1.0, 'flee': -0.2074, 'attack': -1.0, 'help': 0.2878, 'report': 0.0598, 'trade': 0.1581, 'observe': 0.6472, 'idle': 0.4429}"
237,npc_237,idle,talk,0.2572,0.029699999999999976,6.0052335707657996,0.5363533257802295,deceptive,True,"{'talk': 0.2572, 'warn': 0.0672, 'intimidate': -1.0, 'flee': 0.2275, 'attack': -1.0, 'help': 0.2015, 'report': 0.1304, 'trade': 0.0147, 'observe': 0.1872, 'idle': 0.1972}"
238,npc_238,saved_life,observe,0.3524,0.1164,48.53021331625131,0.6970377749956548,coerced,True,"{'talk': 0.1348, 'warn': 0.0304, 'intimidate': -1.0, 'flee': 0.0945, 'attack': -1.0, 'help': 0.1188, 'report': 0.1371, 'trade': 0.109, 'observe': 0.3524, 'idle': 0.236}"
239,npc_239,proximity_leave,talk,0.2485,0.4015,0.07198287242494716,0.18553429009714995,broken,True,"{'talk': 0.2485, 'flee': 0.1463, 'observe': 0.1928, 'idle': 0.1304, 'opp_attention_component': 0.0, 'opp_distance_component': 0.0, 'opp_weapon_component': 0.0, 'opp_allies_component': 0.0, 'opp_raw_score': 0.0, 'opp_threshold': 0.65}"
240,npc_240,player_helpers,observe,0.2111,0.0050000000000000044,9.62562972545663,0.9377995366586317,free,True,"{'talk': 0.0941, 'warn': 0.0446, 'intimidate': -1.0, 'flee': 0.1189, 'attack': -1.0, 'help': 0.0523, 'report': -0.0138, 'trade': 0.0927, 'observe': 0.2111, 'idle': 0.2061}"
241,npc_241,object_changed,warn,0.7476,0.052200000000000024,1.3086109833501447,0.928403719438369,deceptive,False,"{'talk': 0.2588, 'warn': 0.7476, 'intimidate': -0.1105, 'flee': 0.2291, 'attack': -0.1686, 'help': 0.2387, 'report': 0.6954, 'trade': 0.2666, 'observe': 0.1081, 'idle': 0.1459}"
242,npc_242,movement,observe,0.3453,0.1242,96.05867454371248,0.5316610514024726,loyal,True,"{'talk': 0.1771, 'warn': 0.0341, 'intimidate': -1.0, 'flee': 0.1688, 'help': 0.1078, 'report': 0.0294, 'trade': 0.0157, 'observe': 0.3453, 'idle': 0.2211}"
243,npc_243,player_threatens,idle,0.2995,0.35050000000000003,54.9965466570535,0.5339004769804594,broken,True,"{'talk': 0.1085, 'flee': 0.0752, 'observe': 0.2956, 'idle': 0.2995, 'opp_attention_component': 0.0, 'opp_distance_component': 0.0, 'opp_weapon_component': 0.0, 'opp_allies_component': 0.0, 'opp_raw_score': 0.0, 'opp_threshold': 0.65}"
244,npc_244,player_attacks,talk,0.5417,0.10830000000000006,36.00085449341817,0.00019562785560844898,broken,False,"{'talk': 0.5417, 'flee': 0.1285, 'observe': 0.0906, 'idle': 0.1172, 'opp_attention_component': 0.0, 'opp_distance_component': 0.0, 'opp_weapon_component': 0.0, 'opp_allies_component': 0.0, 'opp_raw_score': 0.0, 'opp_threshold': 0.65}"
245,npc_245,player_moved,idle,0.2897,0.11950000000000002,13.840819347640998,0.2329941485542344,free,True,"{'talk': 0.0814, 'warn': 0.155, 'intimidate': -1.0, 'flee': 0.1284, 'attack': -1.0, 'help': 0.0309, 'report': 0.0969, 'trade': 0.0718, 'observe': 0.1702, 'idle': 0.2897}"
246,npc_246,npc_proximity_leave,warn,0.5642,0.08540000000000003,7.847739592285386,0.3479302069529332,deceptive,False,"{'talk': 0.414, 'warn': 0.5642, 'intimidate': -1.0, 'flee': 0.3799, 'attack': -1.0, 'help': 0.4375, 'report': 0.4358, 'trade': 0.3264, 'observe': 0.4654, 'idle': 0.4788}"
247,npc_247,faction_event,warn,0.3588,0.0474,50.24016104472327,0.7315785735649414,deceptive,False,"{'talk': 0.004, 'warn': 0.3588, 'intimidate': -0.1427, 'flee': 0.0913, 'attack': -0.2057, 'help': 0.0906, 'report': 0.3114, 'trade': 0.24, 'observe': 0.2298, 'idle': 0.1588}"
248,npc_248,help,idle,0.3606,0.05439999999999995,76.2032919636896,0.3953188035804661,loyal,True,"{'talk': 0.1067, 'warn': 0.1138, 'intimidate': -1.0, 'flee': 0.0863, 'help': 0.0536, 'report': 0.3062, 'trade': 0.0616, 'observe': 0.2765, 'idle': 0.3606}"
249,npc_249,proximity_leave,observe,0.5159,0.17310000000000003,2.4206830335269047,0.6162209944545034,deceptive,True,"{'talk': 0.2608, 'warn': 0.0402, 'intimidate': -1.0, 'flee': 0.0954, 'attack': -1.0, 'help': 0.0608, 'report': -0.0382, 'trade': 0.3085, 'observe': 0.5159, 'idle': 0.3428}"
250,npc_250,object_destroyed,trade,0.2914,0.02999999999999997,34.327137242105024,0.4711903037335583,loyal,True,"{'talk': 0.2614, 'warn': -0.0197, 'intimidate': -1.0, 'flee': 0.1046, 'help': 0.162, 'report': 0.2011, 'trade': 0.2914, 'observe': 0.2275, 'idle': 0.1824}"
251,npc_251,idle,talk,0.5246,0.017199999999999993,25.545634456217027,0.696526688471174,deceptive,False,"{'talk': 0.5246, 'warn': 0.1122, 'intimidate': -1.0, 'flee': 0.404, 'attack': -1.0, 'help': 0.5074, 'report': 0.1108, 'trade': 0.4686, 'observe': 0.3625, 'idle': 0.338}"
252,npc_252,unknown,flee,0.254,0.061100000000000015,90.38720601458546,0.08802066882265647,deceptive,False,"{'flee': 0.254, 'observe': 0.1929, 'idle': 0.159}"
253,npc_253,time_passed,warn,0.2938,0.0461,27.58782789997224,0.3871705896437323,free,True,"{'talk': 0.134, 'warn': 0.2938, 'intimidate': -0.1283, 'flee': -0.0386, 'attack': -0.2732, 'help': -0.0322, 'report': 0.2477, 'trade': 0.1083, 'observe': 0.037, 'idle': 0.0345}"
254,npc_254,player_cast_spell,idle,0.3128,0.01980000000000004,90.97353935641712,0.20675727466100935,loyal,True,"{'flee': 0.1182, 'observe': 0.293, 'idle': 0.3128}"
255,npc_255,npc_state_changed,idle,0.6849,0.21329999999999993,18.413521586058724,0.029483346383534448,deceptive,True,"{'talk': 0.2179, 'warn': 0.4716, 'intimidate': -1.0, 'flee': 0.3192, 'attack': -1.0, 'help': 0.1853, 'report': 0.446, 'trade': 0.0643, 'observe': 0.3274, 'idle': 0.6849}"
256,npc_256,npc_moved,help,0.27,0.08510000000000001,60.560451125385676,0.23091237759126637,free,True,"{'talk': 0.1325, 'warn': 0.1067, 'intimidate': -0.2956, 'flee': -0.0283, 'attack': -0.1962, 'help': 0.27, 'report': 0.0753, 'trade': 0.1849, 'observe': 0.0454, 'idle': 0.0512}"
257,npc_257,object_changed,warn,0.5063,0.02639999999999998,92.54350831349096,0.6713390871006505,coerced,False,"{'talk': 0.0905, 'warn': 0.5063, 'intimidate': -0.3686, 'flee': 0.0983, 'attack': -0.322, 'help': 0.2102, 'report': 0.4799, 'trade': 0.1011, 'observe': 0.1171, 'idle': 0.132}"
258,npc_258,player_attack,idle,0.5736,0.3751,59.380580139278905,0.7869198623188731,deceptive,True,"{'talk': -0.0087, 'warn': 0.0962, 'intimidate': -0.0937, 'flee': 0.0915, 'attack': -0.0781, 'help': -0.0127, 'report': 0.048, 'trade': 0.1985, 'observe': 0.1354, 'idle': 0.5736}"
259,npc_259,dialogue,talk,0.2721,0.08070000000000002,77.36770125301257,0.2944197253371348,loyal,True,"{'talk': 0.2721, 'warn': 0.0391, 'intimidate': -0.097, 'flee': 0.1106, 'help': 0.1914, 'report': 0.1416, 'trade': 0.1682, 'observe': 0.0025, 'idle': 0.022}"
260,npc_260,idle,report,0.2662,0.0262,59.0315475289654,0.4546832076473508,coerced,False,"{'talk': 0.0387, 'warn': 0.2, 'intimidate': -0.3543, 'flee': 0.1518, 'attack': -0.3353, 'help': 0.069, 'report': 0.2662, 'trade': 0.1764, 'observe': 0.24, 'idle': 0.1696}"
261,npc_261,proximity_leave,idle,0.3152,0.07919999999999999,56.54915785141691,0.8688185374782038,free,True,"{'talk': 0.1718, 'warn': 0.236, 'intimidate': -1.0, 'flee': 0.0366, 'attack': -1.0, 'help': 0.0268, 'report': 0.1652, 'trade': 0.05, 'observe': 0.1942, 'idle': 0.3152}"
262,npc_262,light_changed,idle,0.5597,0.2587,54.350115960430024,0.23787835401947677,deceptive,True,"{'talk': -0.0798, 'warn': 0.1991, 'intimidate': -1.0, 'flee': 0.1643, 'attack': -1.0, 'help': -0.0446, 'report': 0.1889, 'trade': 0.0919, 'observe': 0.301, 'idle': 0.5597}"
263,npc_263,movement,observe,0.2897,0.0796,14.537441621593594,0.6032854638877626,free,False,"{'talk': 0.1376, 'warn': 0.1256, 'intimidate': -1.0, 'flee': 0.2101, 'attack': -1.0, 'help': 0.0812, 'report': 0.1546, 'trade': 0.1766, 'observe': 0.2897, 'idle': 0.1014}"
264,npc_264,light_changed,observe,0.3837,0.06259999999999999,32.28218508405195,0.7584419878372836,free,True,"{'talk': 0.152, 'warn': 0.3211, 'intimidate': -0.1672, 'flee': 0.2239, 'attack': -0.0949, 'help': -0.0192, 'report': 0.2496, 'trade': 0.0643, 'observe': 0.3837, 'idle': 0.3111}"
265,npc_265,player_attack,idle,0.2727,0.3773,98.71892637585829,0.9338916747881832,broken,True,"{'talk': 0.1196, 'flee': 0.046, 'observe': 0.0766, 'idle': 0.2727, 'opp_attention_component': 0.0, 'opp_distance_component': 0.0, 'opp_weapon_component': 0.0, 'opp_allies_component': 0.0, 'opp_raw_score': 0.0, 'opp_threshold': 0.65}"
266,npc_266,npc_proximity_close,idle,0.1912,0.008599999999999997,23.272163948854107,0.1182071344851463,free,True,"{'talk': 0.0764, 'warn': 0.0274, 'intimidate': -0.0505, 'flee': -0.0399, 'attack': 0.0463, 'help': 0.018, 'report': 0.1177, 'trade': 0.1288, 'observe': 0.1826, 'idle': 0.1912}"
267,npc_267,player_asks_why,explain,1.0,1.0,54.99935993844556,0.3332828904789804,loyal,False,{'explain': 1.0}
268,npc_268,world_tick,change_role,0.3139,0.033399999999999985,89.5928601437134,0.927789976765101,loyal,True,"{'talk': 0.0559, 'warn': -0.0047, 'intimidate': -0.2637, 'flee': -0.031, 'help': 0.1086, 'report': 0.0669, 'trade': 0.039, 'observe': -0.0208, 'block_path': 0.0809, 'ambush': 0.0909, 'seek_ally': 0.2618, 'offer_job': 0.2494, 'request_service': 0.2805, 'spread_rumor': 0.2321, 'call_for_help': 0.1466, 'change_role': 0.3139, 'idle': 0.1421}"
269,npc_269,npc_proximity_leave,idle,0.2031,0.4469,84.24057749358525,0.5951918670299994,broken,True,"{'talk': 0.1037, 'flee': 0.0341, 'observe': 0.0777, 'idle': 0.2031, 'opp_attention_component': 0.0, 'opp_distance_component': 0.0, 'opp_weapon_component': 0.0, 'opp_allies_component': 0.0, 'opp_raw_score': 0.0, 'opp_threshold': 0.65}"
270,npc_270,PLAYER_SPOKE,idle,0.2981,0.019699999999999995,91.33538461670587,0.4826631911468192,coerced,True,"{'talk': -0.0423, 'warn': 0.1379, 'intimidate': -0.0182, 'flee': 0.1085, 'attack': -0.0074, 'help': 0.0403, 'report': 0.0056, 'trade': -0.0342, 'observe': 0.2784, 'idle': 0.2981}"
271,npc_271,npc_interacts_npc,idle,0.3636,0.28640000000000004,11.583598706208065,0.8481240242294041,broken,True,"{'talk': 0.0922, 'flee': 0.0806, 'observe': 0.0102, 'idle': 0.3636, 'opp_attention_component': 0.0, 'opp_distance_component': 0.0, 'opp_weapon_component': 0.0, 'opp_allies_component': 0.0, 'opp_raw_score': 0.0, 'opp_threshold': 0.65}"
272,npc_272,sound_emitted,observe,0.3164,0.00030000000000002247,77.27870974027783,0.15749601478604136,loyal,False,"{'talk': 0.0276, 'warn': 0.3161, 'intimidate': -1.0, 'flee': 0.1848, 'help': 0.0824, 'report': 0.2493, 'trade': 0.2648, 'observe': 0.3164, 'idle': 0.3063}"
273,npc_273,theft,idle,0.6775,0.24119999999999997,5.0726183727934915,0.05045601059441951,free,True,"{'talk': 0.1524, 'warn': 0.4363, 'intimidate': -1.0, 'flee': 0.1211, 'attack': -1.0, 'help': 0.1661, 'report': 0.3411, 'trade': 0.1897, 'observe': 0.1747, 'idle': 0.6775}"
274,npc_274,help,warn,0.3848,0.14329999999999998,7.854560743035288,0.5677893022581583,deceptive,False,"{'talk': 0.1333, 'warn': 0.3848, 'intimidate': -0.3119, 'flee': 0.2024, 'attack': -0.2647, 'help': 0.1513, 'report': 0.2415, 'trade': 0.214, 'observe': 0.0796, 'idle': 0.1465}"
275,npc_275,player_talks,idle,0.3944,0.25560000000000005,78.87787063478797,0.030264132211843098,broken,True,"{'talk': 0.1462, 'flee': 0.0905, 'observe': 0.1165, 'idle': 0.3944, 'opp_attention_component': 0.0, 'opp_distance_component': 0.0, 'opp_weapon_component': 0.0, 'opp_allies_component': 0.0, 'opp_raw_score': 0.0, 'opp_threshold': 0.65}"
276,npc_276,npc_state_changed,trade,0.3292,0.02779999999999999,59.053595672132,0.15902028958418757,free,True,"{'talk': 0.2378, 'warn': 0.2837, 'intimidate': -0.0619, 'flee': 0.0876, 'attack': -0.1232, 'help': 0.1979, 'report': 0.3014, 'trade': 0.3292, 'observe': 0.2832, 'idle': 0.15}"
277,npc_277,smell_emitted,idle,0.3403,0.30970000000000003,11.432286048057028,0.09765390919166095,broken,True,"{'talk': 0.1999, 'flee': 0.3185, 'observe': 0.2192, 'idle': 0.3403, 'opp_attention_component': 0.0, 'opp_distance_component': 0.0, 'opp_weapon_component': 0.0, 'opp_allies_component': 0.0, 'opp_raw_score': 0.0, 'opp_threshold': 0.65}"
278,npc_278,player_helpers,idle,0.4806,0.17660000000000003,80.98393678678895,0.4529744202737198,loyal,True,"{'talk': 0.0337, 'warn': 0.2908, 'intimidate': -1.0, 'flee': 0.2501, 'help': 0.1563, 'report': 0.304, 'trade': 0.2969, 'observe': 0.1824, 'idle': 0.4806}"
279,npc_279,idle,report,0.3081,0.005299999999999971,85.25051794512916,0.9678995166206904,loyal,True,"{'talk': -0.0404, 'warn': 0.2553, 'intimidate': -1.0, 'flee': 0.226, 'help': 0.103, 'report': 0.3081, 'trade': -0.0051, 'observe': 0.1325, 'idle': 0.3028}"
280,npc_280,intimidation,idle,0.3619,0.2881,13.906886568834508,0.3602878886458477,broken,True,"{'talk': 0.1248, 'flee': 0.2001, 'observe': 0.1828, 'idle': 0.3619, 'opp_attention_component': 0.0, 'opp_distance_component': 0.0, 'opp_weapon_component': 0.0, 'opp_allies_component': 0.0, 'opp_raw_score': 0.0, 'opp_threshold': 0.65}"
281,npc_281,help,talk,0.4403,0.23990000000000003,62.32484815999669,0.8200714249167276,coerced,True,"{'talk': 0.4403, 'warn': 0.194, 'intimidate': -0.0457, 'flee': 0.11, 'attack': -0.0205, 'help': 0.1925, 'report': 0.1188, 'trade': 0.0586, 'observe': 0.0816, 'idle': 0.2004}"
282,npc_282,unknown,idle,0.2661,0.3839,11.31643696149347,0.14208747990567583,broken,True,"{'talk': -0.0106, 'flee': 0.1414, 'observe': 0.0284, 'idle': 0.2661, 'opp_attention_component': 0.0, 'opp_distance_component': 0.0, 'opp_weapon_component': 0.0, 'opp_allies_component': 0.0, 'opp_raw_score': 0.0, 'opp_threshold': 0.65}"
283,npc_283,unknown,idle,0.4244,0.08029999999999998,77.85271332471325,0.46923239211712253,deceptive,True,"{'talk': -0.0707, 'warn': 0.1161, 'intimidate': -1.0, 'flee': 0.0802, 'attack': -1.0, 'help': 0.0008, 'report': 0.1133, 'trade': -0.0606, 'observe': 0.3441, 'idle': 0.4244}"
284,npc_284,player_helpers,help,0.3626,0.08659999999999995,99.03648293894022,0.28681565437287226,loyal,False,"{'talk': 0.276, 'warn': 0.1798, 'intimidate': -0.323, 'flee': 0.1169, 'help': 0.3626, 'report': 0.0319, 'trade': 0.0832, 'observe': 0.2361, 'idle': 0.1357}"
285,npc_285,saved_life,flee,0.3362,0.3138,26.125258790349736,0.7993720064117673,broken,False,"{'talk': 0.0483, 'flee': 0.3362, 'observe': 0.2344, 'idle': 0.2839, 'opp_attention_component': 0.0, 'opp_distance_component': 0.0, 'opp_weapon_component': 0.0, 'opp_allies_component': 0.0, 'opp_raw_score': 0.0, 'opp_threshold': 0.65}"
286,npc_286,npc_proximity_close,idle,0.1816,0.021100000000000008,5.4325786547817945,0.05252319699228103,deceptive,True,"{'talk': 0.1278, 'warn': -0.0284, 'intimidate': -0.1955, 'flee': 0.1142, 'attack': -0.1766, 'help': -0.0357, 'report': -0.0147, 'trade': 0.0791, 'observe': 0.1605, 'idle': 0.1816}"
287,npc_287,player_helpers,idle,0.3324,0.021199999999999997,68.28763109137918,0.6374241512553996,deceptive,True,"{'talk': 0.0356, 'warn': 0.1482, 'intimidate': -0.1775, 'flee': 0.1268, 'attack': -0.1065, 'help': -0.0099, 'report': 0.1534, 'trade': 0.0679, 'observe': 0.3112, 'idle': 0.3324}"
288,npc_288,npc_spoke,help,0.1612,0.038000000000000006,31.326982786962798,0.06795195499033779,loyal,False,"{'talk': 0.1232, 'warn': 0.0589, 'intimidate': -0.4595, 'flee': 0.0151, 'help': 0.1612, 'report': 0.1185, 'trade': -0.0111, 'observe': 0.0549, 'idle': 0.0741}"
289,npc_289,npc_interacts_npc,flee,0.1803,0.0353,12.990725320546648,0.5660688042879108,free,True,"{'talk': -0.0586, 'warn': 0.1419, 'intimidate': -0.0254, 'flee': 0.1803, 'attack': -0.0921, 'help': -0.0519, 'report': 0.0995, 'trade': 0.1137, 'observe': 0.1066, 'idle': 0.145}"
290,npc_290,player_moved,warn,0.17,0.00360000000000002,38.27990024431826,0.9556056992173259,deceptive,False,"{'talk': -0.0338, 'warn': 0.17, 'intimidate': -0.3727, 'flee': 0.1444, 'attack': -0.4415, 'help': 0.0038, 'report': 0.1324, 'trade': 0.0682, 'observe': 0.1664, 'idle': 0.0867}"
291,npc_291,betrayal,idle,0.1893,0.008800000000000002,7.041232713568624,0.018764793101790467,free,False,"{'talk': 0.0203, 'warn': 0.0064, 'intimidate': -0.4047, 'flee': 0.0838, 'attack': -0.4705, 'help': 0.1597, 'report': 0.0114, 'trade': -0.032, 'observe': 0.1805, 'idle': 0.1893}"
292,npc_292,movement,idle,0.4101,0.0008000000000000229,54.01287170190129,0.8179766593860825,loyal,True,"{'talk': 0.2023, 'warn': -0.0047, 'intimidate': -1.0, 'flee': 0.1271, 'help': 0.1432, 'report': 0.0083, 'trade': -0.0218, 'observe': 0.4093, 'idle': 0.4101}"
293,npc_293,idle,idle,0.0,0.5978,96.75129606139933,0.3901047251854889,broken,True,"{'talk': 0.0284, 'flee': 0.0522, 'observe': 0.0114, 'idle': 0.0345, 'opp_attention_component': 0.0, 'opp_distance_component': 0.0, 'opp_weapon_component': 0.0, 'opp_allies_component': 0.0, 'opp_raw_score': 0.0, 'opp_threshold': 0.65}"
294,npc_294,player_helpers,observe,0.4226,0.009299999999999975,53.39400467645663,0.9958336280019453,free,True,"{'talk': -0.0252, 'warn': 0.0256, 'intimidate': -1.0, 'flee': 0.1446, 'attack': -1.0, 'help': -0.0083, 'report': -0.0268, 'trade': 0.0778, 'observe': 0.4226, 'idle': 0.4133}"
295,npc_295,PLAYER_ATTACKED,talk,0.2825,0.0010999999999999899,48.88947133260334,0.6183720830515153,coerced,False,"{'talk': 0.2825, 'warn': 0.2814, 'intimidate': -0.178, 'flee': 0.0215, 'attack': -0.2269, 'help': 0.2339, 'report': 0.2297, 'trade': 0.222, 'observe': 0.093, 'idle': 0.0883}"
296,npc_296,theft,observe,0.509,0.14100000000000001,80.44535309273088,0.9821927527928977,broken,False,"{'talk': 0.1426, 'flee': 0.4822, 'observe': 0.509, 'idle': 0.4307, 'opp_attention_component': 0.0, 'opp_distance_component': 0.0, 'opp_weapon_component': 0.0, 'opp_allies_component': 0.0, 'opp_raw_score': 0.0, 'opp_threshold': 0.65}"
297,npc_297,smell_emitted,warn,0.3492,0.06280000000000002,16.805085313540534,0.2436446094935799,coerced,False,"{'talk': 0.265, 'warn': 0.3492, 'intimidate': -0.2985, 'flee': -0.0805, 'attack': -0.2582, 'help': 0.2291, 'report': 0.2864, 'trade': 0.1474, 'observe': 0.0888, 'idle': 0.043}"
298,npc_298,player_talks,help,0.5542,0.07040000000000002,69.23583308375807,0.5230868641318316,coerced,False,"{'talk': 0.4838, 'warn': 0.308, 'intimidate': -1.0, 'flee': 0.2855, 'attack': -1.0, 'help': 0.5542, 'report': 0.2573, 'trade': 0.4189, 'observe': 0.2306, 'idle': 0.3674}"
299,npc_299,object_changed,idle,0.5425,0.020399999999999974,61.89209398768939,0.5075407566076229,coerced,True,"{'talk': 0.2929, 'warn': 0.3964, 'intimidate': -1.0, 'flee': 0.3988, 'attack': -1.0, 'help': 0.0395, 'report': 0.5221, 'trade': 0.2164, 'observe': 0.4719, 'idle': 0.5425}"
300,npc_300,intimidation,observe,0.4848,0.0010000000000000009,25.138177971761387,0.45314762773601325,free,True,"{'talk': 0.1539, 'warn': 0.1031, 'intimidate': -1.0, 'flee': 0.2106, 'attack': -1.0, 'help': -0.0083, 'report': 0.2362, 'trade': 0.2524, 'observe': 0.4848, 'idle': 0.4838}"
301,npc_301,help,talk,0.4442,0.14199999999999996,77.89752789596682,0.7377478660091419,deceptive,True,"{'talk': 0.4442, 'warn': 0.1051, 'intimidate': -0.057, 'flee': 0.072, 'attack': -0.1114, 'help': 0.3022, 'report': 0.1587, 'trade': 0.2682, 'observe': 0.0573, 'idle': 0.1664}"
302,npc_302,player_cast_spell,warn,0.3809,0.05930000000000002,97.55558913178334,0.6922105295111673,coerced,False,"{'talk': 0.3034, 'warn': 0.3809, 'intimidate': -0.4026, 'flee': 0.0723, 'attack': -0.3398, 'help': 0.3216, 'report': 0.2894, 'trade': 0.1428, 'observe': 0.0975, 'idle': 0.1493}"
303,npc_303,object_changed,talk,0.4428,0.028100000000000014,86.21990531359936,0.4627629166779732,deceptive,True,"{'talk': 0.4428, 'warn': 0.0871, 'intimidate': -0.0164, 'flee': 0.1084, 'attack': -0.0086, 'help': 0.309, 'report': 0.2895, 'trade': -0.0205, 'observe': 0.4147, 'idle': 0.2667}"
304,npc_304,smell_emitted,report,0.2699,0.00489999999999996,3.362055440021783,0.7980175144721083,deceptive,True,"{'talk': 0.1538, 'warn': 0.265, 'intimidate': -0.0913, 'flee': 0.2201, 'attack': -0.1569, 'help': 0.1999, 'report': 0.2699, 'trade': 0.0969, 'observe': 0.1148, 'idle': 0.158}"
305,npc_305,player_attack,talk,0.4582,0.2993,85.79221112309455,0.45484079766095153,deceptive,True,"{'talk': 0.4582, 'warn': -0.0063, 'intimidate': -0.0096, 'flee': -0.0221, 'attack': 0.013, 'help': 0.0281, 'report': 0.1589, 'trade': 0.1393, 'observe': -0.0866, 'idle': -0.0788}"
306,npc_306,sound_emitted,idle,0.0,0.02260000000000001,54.2435106450538,0.0809590415690482,free,True,"{'talk': 0.1159, 'warn': -0.0148, 'intimidate': -0.097, 'flee': -0.0049, 'attack': -0.1097, 'help': 0.0933, 'report': 0.0534, 'trade': 0.0605, 'observe': 0.0452, 'idle': 0.0481}"
307,npc_307,player_attack,talk,0.2492,0.0862,11.35576788264393,0.5801193853551997,coerced,True,"{'talk': 0.2492, 'warn': 0.071, 'intimidate': -0.0139, 'flee': 0.0391, 'attack': -0.0202, 'help': 0.163, 'report': 0.1624, 'trade': 0.1302, 'observe': -0.0532, 'idle': -0.0434}"
308,npc_308,world_tick,offer_job,0.2515,0.089,89.94511983712341,0.6733064796430268,free,True,"{'talk': 0.0226, 'warn': -0.0359, 'intimidate': -0.1093, 'flee': 0.045, 'attack': -0.0437, 'help': -0.0026, 'report': -0.0663, 'trade': 0.0104, 'observe': -0.0175, 'block_path': 0.0409, 'ambush': 0.0525, 'seek_ally': 0.0908, 'offer_job': 0.2515, 'request_service': 0.1625, 'spread_rumor': 0.0597, 'call_for_help': -0.0102, 'change_role': 0.1144, 'idle': 0.0356}"
309,npc_309,theft,report,0.3793,0.029200000000000004,52.068763935644,0.9695746055424465,coerced,True,"{'talk': -0.0857, 'warn': 0.3501, 'intimidate': -0.2757, 'flee': -0.0411, 'attack': -0.1146, 'help': 0.0963, 'report': 0.3793, 'trade': 0.0027, 'observe': 0.0685, 'idle': 0.0595}"
310,npc_310,npc_proximity_close,observe,0.192,0.024999999999999994,48.61483916145358,0.5484687123094223,loyal,True,"{'talk': 0.167, 'warn': 0.0021, 'intimidate': -0.1253, 'flee': -0.069, 'help': 0.0656, 'report': -0.0328, 'trade': 0.0048, 'observe': 0.192, 'idle': 0.1181}"
311,npc_311,object_changed,report,0.3698,0.1635,71.18121723481765,0.8393316768714126,coerced,True,"{'talk': 0.1762, 'warn': 0.2059, 'intimidate': -0.0234, 'flee': 0.0938, 'attack': -0.154, 'help': 0.0321, 'report': 0.3698, 'trade': 0.1349, 'observe': 0.1151, 'idle': 0.2063}"
312,npc_312,player_asks_why,explain,1.0,1.0,53.98665962775474,0.9204339759418756,deceptive,True,{'explain': 1.0}
313,npc_313,smell_emitted,idle,0.0,0.006499999999999992,66.68877314558883,0.9222921016969199,free,True,"{'talk': -0.0857, 'warn': 0.1014, 'intimidate': -0.0479, 'flee': 0.0992, 'attack': -0.1367, 'help': 0.072, 'report': 0.1079, 'trade': -0.009, 'observe': 0.1011, 'idle': 0.004}"
314,npc_314,player_used_item,observe,0.2436,0.013200000000000017,52.64338420491207,0.19571567343584184,deceptive,False,"{'talk': 0.065, 'warn': 0.1605, 'intimidate': -1.0, 'flee': 0.1693, 'attack': -1.0, 'help': 0.1941, 'report': 0.1523, 'trade': 0.2304, 'observe': 0.2436, 'idle': 0.1991}"
315,npc_315,proximity_close,idle,0.7215,0.5884,34.49202131580936,0.5610330111354487,deceptive,True,"{'talk': 0.0565, 'warn': 0.0694, 'intimidate': -1.0, 'flee': 0.1331, 'attack': -1.0, 'help': 0.0196, 'report': -0.0449, 'trade': 0.0278, 'observe': 0.048, 'idle': 0.7215}"
316,npc_316,player_interacts,observe,0.9849,0.4629,98.66383473233635,0.7561140535456866,deceptive,True,"{'flee': -0.1231, 'observe': 0.9849, 'idle': 0.522}"
317,npc_317,weather_changed,observe,0.5322,0.11780000000000002,30.391437928453445,0.02684001469030639,broken,True,"{'talk': 0.0075, 'flee': 0.0992, 'observe': 0.5322, 'idle': 0.5278, 'opp_attention_component': 0.0, 'opp_distance_component': 0.0, 'opp_weapon_component': 0.0, 'opp_allies_component': 0.0, 'opp_raw_score': 0.0, 'opp_threshold': 0.65}"
318,npc_318,PLAYER_SPOKE,warn,0.3847,0.013299999999999979,59.88913233992872,0.43606851151843307,deceptive,False,"{'talk': 0.3252, 'warn': 0.3847, 'intimidate': -0.3315, 'flee': -0.0321, 'attack': -0.2748, 'help': 0.3107, 'report': 0.3714, 'trade': 0.1161, 'observe': 0.1223, 'idle': -0.0257}"
319,npc_319,world_tick,idle,0.0,0.009600000000000025,63.62471350439236,0.2916640976787531,free,True,"{'talk': 0.0732, 'warn': -0.0501, 'intimidate': -0.0289, 'flee': 0.0657, 'attack': -0.0188, 'help': 0.0352, 'report': -0.0021, 'trade': 0.0155, 'observe': -0.0463, 'block_path': 0.1239, 'ambush': 0.1314, 'seek_ally': 0.1372, 'offer_job': 0.1355, 'request_service': -0.0219, 'spread_rumor': 0.1136, 'call_for_help': 0.0661, 'change_role': 0.1468, 'idle': -0.0262}"
320,npc_320,player_talks,idle,0.4813,0.041100000000000025,1.2897663838784656,0.4848990247547217,coerced,False,"{'talk': 0.1843, 'warn': 0.0761, 'intimidate': -1.0, 'flee': 0.349, 'attack': -1.0, 'help': 0.149, 'report': 0.1571, 'trade': 0.3529, 'observe': 0.4402, 'idle': 0.4813}"
321,npc_321,npc_proximity_leave,trade,0.3567,0.10830000000000001,81.88447440507423,0.31157346584685663,deceptive,True,"{'talk': 0.2484, 'warn': -0.0737, 'intimidate': -0.3502, 'flee': 0.0191, 'attack': -0.3712, 'help': 0.0807, 'report': -0.0326, 'trade': 0.3567, 'observe': 0.0845, 'idle': 0.1325}"
322,npc_322,object_moved,report,0.3172,0.18419999999999997,69.08181366549707,0.7746923080403721,free,True,"{'talk': 0.0438, 'warn': 0.1273, 'intimidate': -0.1339, 'flee': 0.0796, 'attack': -0.1929, 'help': -0.0586, 'report': 0.3172, 'trade': 0.0836, 'observe': -0.0137, 'idle': 0.133}"
323,npc_323,npc_spoke,observe,0.3708,0.2792,58.760304675381526,0.029259116133893315,broken,True,"{'talk': 0.1579, 'flee': 0.0399, 'observe': 0.3708, 'idle': 0.2196, 'opp_attention_component': 0.0, 'opp_distance_component': 0.0, 'opp_weapon_component': 0.0, 'opp_allies_component': 0.0, 'opp_raw_score': 0.0, 'opp_threshold': 0.65}"
324,npc_324,player_attacks,idle,0.1901,0.0032999999999999974,0.432892869099899,0.9204771779790167,deceptive,True,"{'talk': 0.1868, 'warn': 0.0222, 'intimidate': -0.0697, 'flee': -0.0401, 'attack': -0.0131, 'help': 0.0293, 'report': 0.1267, 'trade': 0.0053, 'observe': 0.0837, 'idle': 0.1901}"
325,npc_325,intimidation,observe,0.2208,0.0796,12.361540247426694,0.762273679384965,loyal,False,"{'talk': 0.0182, 'warn': 0.014, 'intimidate': -1.0, 'flee': 0.1412, 'help': 0.125, 'report': -0.0185, 'trade': 0.1247, 'observe': 0.2208, 'idle': 0.0803}"
326,npc_326,player_cast_spell,report,0.5244,0.13689999999999997,89.475464702441,0.36744139477087023,deceptive,False,"{'talk': 0.0379, 'warn': 0.3875, 'intimidate': -0.2655, 'flee': 0.1077, 'attack': -0.3088, 'help': 0.0816, 'report': 0.5244, 'trade': 0.2979, 'observe': 0.0562, 'idle': -0.0019}"
327,npc_327,player_used_item,observe,0.2915,0.35850000000000004,59.49608299436382,0.8381091313414588,broken,True,"{'talk': -0.0569, 'flee': 0.0307, 'observe': 0.2915, 'idle': 0.1659, 'opp_attention_component': 0.0, 'opp_distance_component': 0.0, 'opp_weapon_component': 0.0, 'opp_allies_component': 0.0, 'opp_raw_score': 0.0, 'opp_threshold': 0.65}"
328,npc_328,player_attack,report,0.4009,0.022399999999999975,23.082179299273353,0.7377983559135527,deceptive,False,"{'talk': 0.0608, 'warn': 0.3785, 'intimidate': -0.4312, 'flee': 0.1455, 'attack': -0.308, 'help': 0.0247, 'report': 0.4009, 'trade': 0.1156, 'observe': 0.0969, 'idle': -0.0075}"
329,npc_329,npc_proximity_leave,report,0.3058,0.0040000000000000036,49.78990442324456,0.8094815973913096,free,False,"{'talk': 0.1873, 'warn': 0.2565, 'intimidate': -0.3037, 'flee': 0.2138, 'attack': -0.4179, 'help': 0.1396, 'report': 0.3058, 'trade': 0.3018, 'observe': 0.1055, 'idle': 0.1083}"
330,npc_330,npc_proximity_close,idle,0.2297,0.0678,48.745492669948284,0.6600785892738692,loyal,True,"{'talk': 0.1053, 'warn': 0.0889, 'intimidate': -0.2043, 'flee': 0.1619, 'help': 0.0177, 'report': -0.0011, 'trade': 0.0914, 'observe': -0.0139, 'idle': 0.2297}"
331,npc_331,player_helpers,talk,0.1708,0.4792,83.69341519952572,0.026899842658594353,broken,True,"{'talk': 0.1708, 'flee': 0.0422, 'observe': 0.0764, 'idle': 0.069, 'opp_attention_component': 0.0, 'opp_distance_component': 0.0, 'opp_weapon_component': 0.0, 'opp_allies_component': 0.0, 'opp_raw_score': 0.0, 'opp_threshold': 0.65}"
332,npc_332,player_interacts,idle,0.2914,0.017699999999999994,11.447129650111687,0.03737762168727354,deceptive,True,"{'talk': 0.0832, 'warn': 0.1181, 'intimidate': -0.3421, 'flee': -0.0353, 'attack': -0.3005, 'help': 0.0564, 'report': 0.0455, 'trade': 0.0858, 'observe': 0.2737, 'idle': 0.2914}"
333,npc_333,proximity_leave,report,0.3634,0.056599999999999984,50.276852258635444,0.6148278735542364,deceptive,True,"{'talk': 0.3068, 'warn': 0.0555, 'intimidate': -0.0272, 'flee': 0.0838, 'attack': -0.0214, 'help': 0.2167, 'report': 0.3634, 'trade': 0.0975, 'observe': 0.0915, 'idle': 0.2373}"
334,npc_334,player_talks,idle,0.0,0.0199,33.683806116405826,0.47526836713482357,free,True,"{'talk': 0.1343, 'warn': 0.1084, 'intimidate': -0.1079, 'flee': 0.0972, 'attack': -0.0536, 'help': 0.1144, 'report': 0.0387, 'trade': 0.0034, 'observe': 0.0676, 'idle': 0.0231}"
335,npc_335,npc_moved,observe,0.389,0.12390000000000001,86.27098067592004,0.9621170746081172,deceptive,True,"{'talk': -0.0511, 'warn': 0.1161, 'intimidate': -1.0, 'flee': 0.0405, 'attack': -1.0, 'help': 0.0441, 'report': 0.0585, 'trade': 0.0235, 'observe': 0.389, 'idle': 0.2651}"
336,npc_336,object_destroyed,idle,0.3881,0.08760000000000001,76.55300818404233,0.86018594972949,coerced,True,"{'talk': 0.0859, 'warn': 0.3005, 'intimidate': -1.0, 'flee': 0.1398, 'attack': -1.0, 'help': 0.0406, 'report': 0.2795, 'trade': 0.065, 'observe': 0.2459, 'idle': 0.3881}"
337,npc_337,smell_emitted,warn,0.3562,0.027400000000000035,55.98250105328344,0.03700373472266272,coerced,False,"{'talk': 0.0309, 'warn': 0.3562, 'intimidate': -1.0, 'flee': 0.3227, 'attack': -1.0, 'help': 0.089, 'report': 0.2425, 'trade': 0.3288, 'observe': 0.3018, 'idle': 0.3251}"
338,npc_338,smell_emitted,observe,0.3916,0.00019999999999997797,89.67732441681194,0.3968950505790273,coerced,True,"{'talk': -0.0261, 'warn': 0.0436, 'intimidate': -1.0, 'flee': 0.2266, 'attack': -1.0, 'help': 0.0342, 'report': 0.2745, 'trade': 0.1713, 'observe': 0.3916, 'idle': 0.3914}"
339,npc_339,help,trade,0.3457,0.18430000000000002,32.92859109665018,0.7483742292520327,deceptive,True,"{'talk': 0.0671, 'warn': 0.094, 'intimidate': -0.111, 'flee': 0.0755, 'attack': -0.0607, 'help': 0.1006, 'report': 0.1614, 'trade': 0.3457, 'observe': 0.1464, 'idle': 0.1384}"
340,npc_340,player_talks,observe,0.3185,0.3315,24.634668948736294,0.1449115303382129,broken,True,"{'talk': 0.2304, 'flee': 0.142, 'observe': 0.3185, 'idle': 0.2955, 'opp_attention_component': 0.0, 'opp_distance_component': 0.0, 'opp_weapon_component': 0.0, 'opp_allies_component': 0.0, 'opp_raw_score': 0.0, 'opp_threshold': 0.65}"
341,npc_341,npc_interacts_npc,idle,0.3919,0.2963,90.31570986825994,0.2363818947795565,free,True,"{'flee': -0.0599, 'observe': 0.0956, 'idle': 0.3919}"
342,npc_342,object_destroyed,trade,0.378,0.1528,82.31977803964665,0.41296131854129736,deceptive,False,"{'talk': -0.054, 'warn': 0.2252, 'intimidate': -0.3942, 'flee': 0.1258, 'attack': -0.4185, 'help': 0.0052, 'report': 0.1826, 'trade': 0.378, 'observe': 0.1839, 'idle': 0.1614}"
343,npc_343,npc_interacts_npc,warn,0.3716,0.013000000000000012,79.10193178139538,0.6282962732430364,free,False,"{'talk': 0.1509, 'warn': 0.3716, 'intimidate': -1.0, 'flee': 0.2394, 'attack': -1.0, 'help': 0.176, 'report': 0.3586, 'trade': -0.0522, 'observe': 0.2674, 'idle': 0.1437}"
344,npc_344,unknown,talk,0.4888,0.1612,17.34790257175778,0.2817973285813906,broken,True,"{'talk': 0.4888, 'flee': 0.0355, 'observe': 0.0555, 'idle': 0.2117, 'opp_attention_component': 0.0, 'opp_distance_component': 0.0, 'opp_weapon_component': 0.0, 'opp_allies_component': 0.0, 'opp_raw_score': 0.0, 'opp_threshold': 0.65}"
345,npc_345,PLAYER_ATTACKED,warn,0.6737,0.026699999999999946,26.17831654940631,0.6180040495760989,coerced,False,"{'talk': 0.1302, 'warn': 0.6737, 'intimidate': -1.0, 'flee': 0.4421, 'attack': -1.0, 'help': 0.1068, 'report': 0.647, 'trade': 0.182, 'observe': 0.3426, 'idle': 0.4034}"
346,npc_346,player_helpers,idle,0.33,0.32,28.796197285088166,0.8563377276555146,broken,True,"{'talk': -0.0361, 'flee': 0.0641, 'observe': 0.3041, 'idle': 0.33, 'opp_attention_component': 0.0, 'opp_distance_component': 0.0, 'opp_weapon_component': 0.0, 'opp_allies_component': 0.0, 'opp_raw_score': 0.0, 'opp_threshold': 0.65}"
347,npc_347,object_changed,trade,0.3331,0.12810000000000002,97.43991769330468,0.3834954552982238,loyal,True,"{'talk': 0.205, 'warn': -0.0334, 'intimidate': -0.3215, 'flee': 0.1842, 'help': 0.1531, 'report': -0.0554, 'trade': 0.3331, 'observe': 0.0764, 'idle': 0.1889}"
348,npc_348,faction_event,report,0.4681,0.014000000000000012,97.75238737068833,0.8922259476748138,coerced,True,"{'talk': 0.2644, 'warn': 0.4541, 'intimidate': -0.1494, 'flee': -0.0149, 'attack': -0.0382, 'help': 0.1102, 'report': 0.4681, 'trade': 0.1009, 'observe': 0.0877, 'idle': 0.068}"
349,npc_349,unknown,observe,0.4248,0.2252,87.16795591516157,0.9262370424724073,broken,True,"{'talk': 0.096, 'flee': 0.0698, 'observe': 0.4248, 'idle': 0.3968, 'opp_attention_component': 0.0, 'opp_distance_component': 0.0, 'opp_weapon_component': 0.0, 'opp_allies_component': 0.0, 'opp_raw_score': 0.0, 'opp_threshold': 0.65}"
350,npc_350,smell_emitted,trade,0.4501,0.0943,18.314132121102688,0.4671328398319323,deceptive,False,"{'talk': 0.1779, 'warn': 0.1817, 'intimidate': -0.2776, 'flee': 0.0028, 'attack': -0.2903, 'help': 0.2968, 'report': 0.3558, 'trade': 0.4501, 'observe': -0.0435, 'idle': 0.0877}"
351,npc_351,PLAYER_ATTACKED,talk,0.2379,0.0884,74.9936651503576,0.6631376786953017,free,True,"{'talk': 0.2379, 'warn': 0.0642, 'intimidate': -0.1977, 'flee': 0.0204, 'attack': -0.1709, 'help': 0.0744, 'report': -0.0505, 'trade': 0.1495, 'observe': 0.0742, 'idle': -0.0496}"
352,npc_352,light_changed,idle,0.0,0.008000000000000007,83.69772085811074,0.8306992255725462,deceptive,True,"{'talk': 0.0893, 'warn': 0.1174, 'intimidate': -1.0, 'flee': 0.0757, 'attack': -1.0, 'help': 0.0427, 'report': 0.0124, 'trade': 0.1471, 'observe': 0.137, 'idle': 0.1391}"
353,npc_353,npc_proximity_leave,help,0.3266,0.1486,54.715622180625935,0.2551639018804639,deceptive,False,"{'talk': 0.1605, 'warn': 0.1455, 'intimidate': -0.5761, 'flee': 0.0991, 'attack': -0.5041, 'help': 0.3266, 'report': 0.0289, 'trade': 0.178, 'observe': 0.0485, 'idle': 0.1457}"
354,npc_354,betrayal,report,0.1723,0.008900000000000019,90.37342718613291,0.09611149752179438,coerced,True,"{'talk': 0.1226, 'warn': 0.1634, 'intimidate': -0.2302, 'flee': 0.0163, 'attack': -0.2789, 'help': 0.023, 'report': 0.1723, 'trade': 0.1277, 'observe': -0.007, 'idle': 0.1163}"
355,npc_355,player_attack,trade,0.2483,0.014600000000000002,67.64400320070251,0.9306676126668024,loyal,False,"{'talk': 0.2337, 'warn': 0.0051, 'intimidate': -0.509, 'flee': 0.183, 'help': 0.182, 'report': -0.0145, 'trade': 0.2483, 'observe': 0.0141, 'idle': 0.0216}"
356,npc_356,object_changed,talk,0.1759,0.0393,91.73020127795256,0.4130194045192328,loyal,True,"{'talk': 0.1759, 'warn': 0.0968, 'intimidate': -0.2357, 'flee': -0.0605, 'help': 0.1366, 'report': -0.0029, 'trade': 0.1006, 'observe': 0.0127, 'idle': 0.0342}"
357,npc_357,PLAYER_ATTACKED,idle,0.405,0.037900000000000045,58.7208388180246,0.6238103941666637,coerced,True,"{'talk': 0.1396, 'warn': 0.2659, 'intimidate': -1.0, 'flee': 0.1778, 'attack': -1.0, 'help': 0.1851, 'report': 0.3671, 'trade': 0.1263, 'observe': 0.3458, 'idle': 0.405}"
358,npc_358,npc_moved,report,0.2157,0.07370000000000002,86.8780520988383,0.48672249393761136,loyal,True,"{'talk': 0.0773, 'warn': 0.142, 'intimidate': -0.0033, 'flee': -0.0582, 'help': -0.0339, 'report': 0.2157, 'trade': 0.1179, 'observe': -0.021, 'idle': 0.1176}"
359,npc_359,saved_life,talk,0.4898,0.15500000000000003,24.178021725854627,0.5385825350203697,deceptive,True,"{'talk': 0.4898, 'warn': 0.0451, 'intimidate': -1.0, 'flee': 0.2019, 'attack': -1.0, 'help': 0.2277, 'report': -0.0101, 'trade': 0.1668, 'observe': 0.3263, 'idle': 0.3348}"
360,npc_360,light_changed,talk,0.3092,0.007899999999999963,5.092218021936756,0.7130928146227296,deceptive,True,"{'talk': 0.3092, 'warn': 0.1769, 'intimidate': -1.0, 'flee': 0.1624, 'attack': -1.0, 'help': 0.1954, 'report': 0.2541, 'trade': 0.229, 'observe': 0.2176, 'idle': 0.3013}"
361,npc_361,theft,idle,0.218,0.43200000000000005,26.78488708501845,0.11694074045709368,broken,True,"{'talk': 0.0015, 'flee': 0.0587, 'observe': 0.1082, 'idle': 0.218, 'opp_attention_component': 0.0, 'opp_distance_component': 0.0, 'opp_weapon_component': 0.0, 'opp_allies_component': 0.0, 'opp_raw_score': 0.0, 'opp_threshold': 0.65}"
362,npc_362,player_interacts,talk,0.3249,0.15070000000000003,95.98033682768127,0.7345846322197881,coerced,True,"{'talk': 0.3249, 'warn': 0.0341, 'intimidate': -0.2306, 'flee': -0.0988, 'attack': -0.2278, 'help': 0.0432, 'report': 0.0715, 'trade': -0.0648, 'observe': 0.1742, 'idle': 0.0056}"
363,npc_363,combat,talk,0.2678,0.0030000000000000027,35.87867534228124,0.17471479496321585,loyal,False,"{'talk': 0.2678, 'warn': 0.1977, 'intimidate': 0.2254, 'flee': -0.0275, 'help': 0.2648, 'report': 0.1427, 'trade': 0.0519, 'observe': 0.1372, 'idle': 0.0655}"
364,npc_364,player_attacks,idle,0.5952,0.44799999999999995,85.34081480662195,0.10414202292565189,deceptive,True,"{'talk': 0.0754, 'warn': 0.1465, 'intimidate': -1.0, 'flee': 0.0974, 'attack': -1.0, 'help': 0.1472, 'report': 0.1425, 'trade': 0.026, 'observe': 0.0474, 'idle': 0.5952}"
365,npc_365,theft,report,0.3407,0.17,91.09857705357554,0.44151791007790475,free,True,"{'talk': 0.1266, 'warn': 0.1312, 'intimidate': -0.0734, 'flee': -0.043, 'attack': -0.0873, 'help': -0.0434, 'report': 0.3407, 'trade': 0.1567, 'observe': -0.0159, 'idle': 0.1707}"
366,npc_366,object_destroyed,idle,0.3029,0.1497,71.5199744364956,0.2454512801141382,loyal,True,"{'talk': 0.0368, 'warn': 0.1532, 'intimidate': 0.0254, 'flee': 0.1254, 'help': -0.0491, 'report': 0.1312, 'trade': -0.0124, 'observe': 0.0938, 'idle': 0.3029}"
367,npc_367,intimidation,idle,0.3218,0.09859999999999997,94.36428403078108,0.9819449243871319,free,True,"{'talk': -0.0767, 'warn': 0.2232, 'intimidate': 0.0182, 'flee': 0.1156, 'attack': 0.1338, 'help': -0.0169, 'report': 0.1917, 'trade': 0.1478, 'observe': -0.0185, 'idle': 0.3218}"
368,npc_368,dialogue,talk,0.5983,0.20780000000000004,72.15510438583604,0.8270035555942411,loyal,True,"{'talk': 0.5983, 'warn': 0.1093, 'intimidate': -1.0, 'flee': 0.1795, 'help': 0.0431, 'report': 0.1797, 'trade': 0.1853, 'observe': 0.3905, 'idle': 0.3904}"
369,npc_369,weather_changed,observe,0.2723,0.37770000000000004,33.44929247349019,0.1260056459938712,broken,True,"{'talk': 0.0427, 'flee': 0.2378, 'observe': 0.2723, 'idle': 0.1945, 'opp_attention_component': 0.0, 'opp_distance_component': 0.0, 'opp_weapon_component': 0.0, 'opp_allies_component': 0.0, 'opp_raw_score': 0.0, 'opp_threshold': 0.65}"
370,npc_370,unknown,trade,0.3041,0.1986,73.19861654933224,0.5074993770902853,free,True,"{'talk': 0.0621, 'warn': 0.0002, 'intimidate': -0.3998, 'flee': 0.0163, 'attack': -0.3741, 'help': 0.1055, 'report': -0.0977, 'trade': 0.3041, 'observe': 0.0101, 'idle': 0.0793}"
371,npc_371,PLAYER_SPOKE,idle,0.2285,0.014399999999999996,67.24338020382187,0.24763333130796938,loyal,True,"{'talk': 0.0982, 'warn': 0.1092, 'intimidate': 0.0236, 'flee': -0.0067, 'help': -0.0858, 'report': 0.0682, 'trade': 0.1111, 'observe': 0.2141, 'idle': 0.2285}"
372,npc_372,player_interacts,idle,0.5103,0.39799999999999996,52.625560315514875,0.39478247517358356,deceptive,True,"{'talk': 0.1123, 'warn': 0.1016, 'intimidate': -1.0, 'flee': -0.0652, 'attack': -1.0, 'help': 0.1034, 'report': -0.0113, 'trade': -0.0545, 'observe': 0.0401, 'idle': 0.5103}"
373,npc_373,help,idle,0.179,0.47100000000000003,11.805815767102468,0.7464963060381985,broken,False,"{'talk': 0.0424, 'flee': 0.1766, 'observe': 0.1453, 'idle': 0.179, 'opp_attention_component': 0.0, 'opp_distance_component': 0.0, 'opp_weapon_component': 0.0, 'opp_allies_component': 0.0, 'opp_raw_score': 0.0, 'opp_threshold': 0.65}"
374,npc_374,player_threatens,talk,0.2345,0.13989999999999997,14.213980573261153,0.8942529283848699,coerced,True,"{'talk': 0.2345, 'warn': -0.065, 'intimidate': 0.0938, 'flee': 0.0433, 'attack': 0.0858, 'help': 0.0946, 'report': -0.0551, 'trade': 0.0208, 'observe': -0.0396, 'idle': -0.0133}"
375,npc_375,player_insults,idle,0.4748,0.1068,83.4459988177072,0.13852228600355876,deceptive,True,"{'talk': 0.3159, 'warn': 0.0839, 'intimidate': -1.0, 'flee': 0.277, 'attack': -1.0, 'help': 0.368, 'report': 0.2482, 'trade': 0.1208, 'observe': 0.33, 'idle': 0.4748}"
376,npc_376,player_asks_why,explain,1.0,1.0,64.59165296594045,0.5719947936394006,broken,False,{'explain': 1.0}
377,npc_377,npc_state_changed,trade,0.2789,0.03369999999999998,96.2376766048175,0.8296905510546095,loyal,True,"{'talk': -0.0043, 'warn': 0.2452, 'intimidate': -0.1809, 'flee': 0.1035, 'help': 0.0334, 'report': 0.2379, 'trade': 0.2789, 'observe': -0.0619, 'idle': 0.0637}"
378,npc_378,player_moved,flee,0.3848,0.26520000000000005,25.71777931677184,0.1681559926670173,broken,False,"{'talk': -0.0347, 'flee': 0.3848, 'observe': 0.2219, 'idle': 0.3654, 'opp_attention_component': 0.0, 'opp_distance_component': 0.0, 'opp_weapon_component': 0.0, 'opp_allies_component': 0.0, 'opp_raw_score': 0.0, 'opp_threshold': 0.65}"
379,npc_379,object_destroyed,idle,0.0,0.0175,37.551315830333166,0.20255945801454,loyal,True,"{'talk': -0.0427, 'warn': 0.0681, 'intimidate': -0.0687, 'flee': 0.0856, 'help': 0.005, 'report': 0.0056, 'trade': 0.0133, 'observe': -0.0655, 'idle': -0.0278}"
380,npc_380,weather_changed,idle,0.0,0.0228,26.915973837729734,0.2463160959108046,coerced,True,"{'talk': -0.0017, 'warn': -0.0896, 'intimidate': -0.2299, 'flee': 0.0711, 'attack': -0.1132, 'help': 0.1153, 'report': 0.0088, 'trade': 0.0925, 'observe': 0.0806, 'idle': -0.0083}"
381,npc_381,player_attacks,observe,0.2732,0.03900000000000001,0.10010586130895227,0.28924945483400555,free,False,"{'talk': 0.0712, 'warn': 0.2095, 'intimidate': -1.0, 'flee': 0.2342, 'attack': -1.0, 'help': 0.1127, 'report': 0.0692, 'trade': 0.2145, 'observe': 0.2732, 'idle': 0.163}"
382,npc_382,world_tick,flee,0.1793,0.4707,6.993521973966321,0.8304981078181435,broken,True,"{'talk': 0.0053, 'flee': 0.1793, 'observe': 0.0038, 'idle': 0.0992, 'opp_attention_component': 0.0, 'opp_distance_component': 0.0, 'opp_weapon_component': 0.0, 'opp_allies_component': 0.0, 'opp_raw_score': 0.0, 'opp_threshold': 0.65}"
383,npc_383,sound_emitted,idle,0.4461,0.024399999999999977,45.97993415519049,0.6918450603911708,free,True,"{'talk': 0.1398, 'warn': 0.4217, 'intimidate': -1.0, 'flee': 0.3661, 'attack': -1.0, 'help': 0.2443, 'report': 0.2939, 'trade': 0.299, 'observe': 0.3795, 'idle': 0.4461}"
384,npc_384,combat,warn,0.7439,0.14739999999999998,67.22459131733744,0.827466835091344,coerced,False,"{'talk': 0.1285, 'warn': 0.7439, 'intimidate': 0.4011, 'flee': 0.1888, 'attack': 0.3995, 'help': 0.1426, 'report': 0.5965, 'trade': -0.0521, 'observe': 0.1502, 'idle': 0.1552}"
385,npc_385,player_threatens,talk,0.4819,0.12169999999999997,80.84144943789357,0.9672965061888037,deceptive,True,"{'talk': 0.4819, 'warn': 0.0318, 'intimidate': 0.035, 'flee': 0.1738, 'attack': -0.0114, 'help': 0.3602, 'report': 0.2254, 'trade': 0.1271, 'observe': 0.2574, 'idle': 0.2707}"
386,npc_386,betrayal,talk,0.3935,0.2565,12.743091031629195,0.8810030931463834,broken,True,"{'talk': 0.3935, 'flee': 0.0875, 'observe': 0.3543, 'idle': 0.2742, 'opp_attention_component': 0.0, 'opp_distance_component': 0.0, 'opp_weapon_component': 0.0, 'opp_allies_component': 0.0, 'opp_raw_score': 0.0, 'opp_threshold': 0.65}"
387,npc_387,time_passed,report,0.2457,0.04530000000000001,27.403559626428553,0.3614718431029983,coerced,False,"{'talk': 0.0, 'warn': 0.2004, 'intimidate': -0.4219, 'flee': 0.034, 'attack': -0.3115, 'help': 0.0566, 'report': 0.2457, 'trade': 0.0982, 'observe': 0.1498, 'idle': 0.0358}"
388,npc_388,sound_emitted,idle,0.0,0.04139999999999999,16.44815752597498,0.09672609737420634,free,True,"{'talk': 0.024, 'warn': -0.0516, 'intimidate': -0.0303, 'flee': -0.0045, 'attack': -0.1183, 'help': -0.0398, 'report': 0.0044, 'trade': -0.0513, 'observe': 0.0817, 'idle': 0.0403}"
389,npc_389,npc_proximity_close,talk,0.2371,0.004400000000000015,12.48263723070524,0.3773951330280261,free,True,"{'talk': 0.2371, 'warn': 0.0439, 'intimidate': -0.2809, 'flee': 0.0668, 'attack': -0.1898, 'help': 0.2327, 'report': 0.0387, 'trade': 0.0338, 'observe': 0.2002, 'idle': 0.1957}"
390,npc_390,sound_emitted,warn,0.5552,0.09130000000000005,23.31119840188528,0.010606545607829365,deceptive,False,"{'talk': 0.2107, 'warn': 0.5552, 'intimidate': -0.0751, 'flee': 0.1591, 'attack': -0.0722, 'help': 0.2223, 'report': 0.4639, 'trade': 0.1768, 'observe': 0.207, 'idle': 0.1645}"
391,npc_391,player_asks_why,explain,1.0,1.0,25.628610220097904,0.4446243136072412,free,False,{'explain': 1.0}
392,npc_392,movement,warn,0.5484,0.008700000000000041,51.76805897536867,0.2373873554699708,loyal,False,"{'talk': 0.2723, 'warn': 0.5484, 'intimidate': -0.2115, 'flee': 0.0845, 'help': 0.1163, 'report': 0.5397, 'trade': -0.0449, 'observe': 0.1573, 'idle': 0.1548}"
393,npc_393,idle,idle,0.3666,0.04309999999999997,61.61031372817723,0.45430209395368004,free,True,"{'talk': 0.2857, 'warn': 0.1317, 'intimidate': -0.1579, 'flee': 0.2485, 'attack': -0.1555, 'help': 0.3235, 'report': 0.2319, 'trade': 0.1357, 'observe': 0.1024, 'idle': 0.3666}"
394,npc_394,weather_changed,talk,0.1921,0.016600000000000004,36.281714595773884,0.11518929259778532,coerced,True,"{'talk': 0.1921, 'warn': 0.0206, 'intimidate': -0.3612, 'flee': 0.0637, 'attack': -0.3736, 'help': 0.0099, 'report': 0.0989, 'trade': 0.1755, 'observe': 0.1683, 'idle': 0.1356}"
395,npc_395,sound_emitted,observe,0.251,0.0923,91.06489501982198,0.3789227579151778,free,True,"{'talk': 0.0313, 'warn': 0.0301, 'intimidate': -0.0622, 'flee': -0.0434, 'attack': -0.0276, 'help': 0.065, 'report': 0.1341, 'trade': 0.0974, 'observe': 0.251, 'idle': 0.1587}"
396,npc_396,PLAYER_SPOKE,observe,0.2587,0.05299999999999999,19.168129215057718,0.5995491626079392,coerced,False,"{'talk': 0.1178, 'warn': 0.1017, 'intimidate': -1.0, 'flee': 0.2057, 'attack': -1.0, 'help': 0.1428, 'report': 0.0712, 'trade': 0.0954, 'observe': 0.2587, 'idle': 0.1444}"
397,npc_397,player_helpers,idle,0.2303,0.1016,79.09972195588215,0.38811584376773256,loyal,True,"{'talk': 0.0515, 'warn': -0.0309, 'intimidate': -0.1976, 'flee': 0.1098, 'help': -0.0441, 'report': 0.1183, 'trade': 0.0317, 'observe': 0.1287, 'idle': 0.2303}"
398,npc_398,player_attack,idle,0.2078,0.44220000000000004,3.660448794960669,0.8631682636915489,broken,True,"{'talk': 0.1291, 'flee': 0.093, 'observe': -0.0824, 'idle': 0.2078, 'opp_attention_component': 0.0, 'opp_distance_component': 0.0, 'opp_weapon_component': 0.0, 'opp_allies_component': 0.0, 'opp_raw_score': 0.0, 'opp_threshold': 0.65}"
399,npc_399,player_insults,idle,0.0,0.5685,62.11258198050705,0.40895277535551733,broken,True,"{'talk': 0.0313, 'flee': -0.0238, 'observe': 0.0406, 'idle': 0.0815, 'opp_attention_component': 0.0, 'opp_distance_component': 0.0, 'opp_weapon_component': 0.0, 'opp_allies_component': 0.0, 'opp_raw_score': 0.0, 'opp_threshold': 0.65}"
400,npc_400,npc_proximity_leave,idle,0.3166,0.33340000000000003,11.858788185826441,0.33375784156207977,broken,True,"{'talk': -0.0644, 'flee': 0.1242, 'observe': 0.1486, 'idle': 0.3166, 'opp_attention_component': 0.0, 'opp_distance_component': 0.0, 'opp_weapon_component': 0.0, 'opp_allies_component': 0.0, 'opp_raw_score': 0.0, 'opp_threshold': 0.65}"
401,npc_401,smell_emitted,warn,0.3052,0.06340000000000004,94.58150074314958,0.011890720367461305,coerced,True,"{'talk': 0.0798, 'warn': 0.3052, 'intimidate': -0.2481, 'flee': 0.0825, 'attack': -0.1729, 'help': 0.0288, 'report': 0.1823, 'trade': 0.2159, 'observe': 0.1473, 'idle': 0.2418}"
402,npc_402,dialogue,observe,0.2124,0.1114,20.958475350350735,0.37470016732029776,coerced,True,"{'talk': 0.101, 'warn': 0.0851, 'intimidate': -0.0514, 'flee': -0.0533, 'attack': -0.0923, 'help': 0.0152, 'report': -0.0519, 'trade': 0.0797, 'observe': 0.2124, 'idle': 0.0423}"
403,npc_403,unknown,idle,0.2942,0.15660000000000002,92.21441905136014,0.3302505282177841,loyal,True,"{'talk': -0.0593, 'warn': 0.1206, 'intimidate': 0.0383, 'flee': -0.0369, 'help': -0.0065, 'report': 0.1376, 'trade': 0.0571, 'observe': -0.032, 'idle': 0.2942}"
404,npc_404,dialogue,warn,0.3299,0.08570000000000003,17.763609463020526,0.02683850516894537,deceptive,True,"{'talk': 0.024, 'warn': 0.3299, 'intimidate': -0.2131, 'flee': -0.0751, 'attack': -0.1634, 'help': 0.0303, 'report': 0.2383, 'trade': 0.2442, 'observe': 0.0478, 'idle': 0.0004}"
405,npc_405,movement,observe,0.2878,0.02150000000000002,47.82511423762348,0.8656994939333177,coerced,True,"{'talk': -0.0436, 'warn': 0.2443, 'intimidate': -0.1196, 'flee': 0.1236, 'attack': -0.2124, 'help': -0.0108, 'report': 0.0979, 'trade': 0.0608, 'observe': 0.2878, 'idle': 0.2663}"
406,npc_406,proximity_leave,idle,0.5461,0.26480000000000004,6.397004294829534,0.5258565048045774,deceptive,True,"{'talk': 0.098, 'warn': 0.2813, 'intimidate': -1.0, 'flee': 0.1635, 'attack': -1.0, 'help': 0.0505, 'report': 0.1497, 'trade': 0.1647, 'observe': 0.2632, 'idle': 0.5461}"
407,npc_407,intimidation,trade,0.5515,0.1552,73.32439529305444,0.1834443189093622,deceptive,False,"{'talk': 0.3963, 'warn': 0.1664, 'intimidate': 0.1571, 'flee': 0.0476, 'attack': 0.0874, 'help': 0.375, 'report': 0.098, 'trade': 0.5515, 'observe': 0.1744, 'idle': 0.1307}"
408,npc_408,object_moved,report,0.2507,0.009699999999999986,50.43948424349656,0.16483910570119775,free,True,"{'talk': 0.151, 'warn': 0.241, 'intimidate': -0.3088, 'flee': 0.0826, 'attack': -0.2237, 'help': 0.2406, 'report': 0.2507, 'trade': 0.0953, 'observe': 0.0916, 'idle': 0.1498}"
409,npc_409,dialogue,report,0.1899,0.023900000000000005,67.02955718984903,0.08254862985334199,deceptive,True,"{'talk': 0.166, 'warn': 0.1134, 'intimidate': 0.0014, 'flee': 0.026, 'attack': -0.0683, 'help': -0.0382, 'report': 0.1899, 'trade': 0.1213, 'observe': 0.0384, 'idle': 0.0826}"
410,npc_410,npc_proximity_leave,observe,0.2977,0.01880000000000004,27.325226480883714,0.714412272233105,loyal,True,"{'talk': 0.228, 'warn': 0.1448, 'intimidate': -1.0, 'flee': 0.1728, 'help': 0.0792, 'report': 0.1352, 'trade': 0.1585, 'observe': 0.2977, 'idle': 0.2789}"
411,npc_411,player_cast_spell,report,0.6739,0.07950000000000002,76.711423845394,0.23854032307852568,deceptive,False,"{'talk': 0.4005, 'warn': 0.5944, 'intimidate': -0.0976, 'flee': 0.0678, 'attack': -0.0854, 'help': 0.3711, 'report': 0.6739, 'trade': 0.4313, 'observe': 0.0153, 'idle': 0.0093}"
412,npc_412,time_passed,warn,0.2912,0.00880000000000003,32.26795759950139,0.9343273680038947,deceptive,False,"{'talk': -0.0061, 'warn': 0.2912, 'intimidate': -0.3473, 'flee': 0.1391, 'attack': -0.3164, 'help': 0.0313, 'report': 0.2565, 'trade': 0.2151, 'observe': 0.2824, 'idle': 0.2355}"
413,npc_413,npc_state_changed,talk,0.3181,0.059199999999999975,36.89799610073785,0.3015342486466849,free,True,"{'talk': 0.3181, 'warn': 0.1252, 'intimidate': -1.0, 'flee': 0.1984, 'attack': -1.0, 'help': 0.2589, 'report': 0.0485, 'trade': 0.0464, 'observe': 0.1503, 'idle': 0.1764}"
414,npc_414,light_changed,warn,0.4321,0.08149999999999996,33.51052181247531,0.3823713996337811,coerced,False,"{'talk': 0.1237, 'warn': 0.4321, 'intimidate': -0.2239, 'flee': 0.1541, 'attack': -0.1934, 'help': -0.0201, 'report': 0.3506, 'trade': 0.263, 'observe': 0.0796, 'idle': 0.1758}"
415,npc_415,object_destroyed,trade,0.434,0.0852,37.574794295717275,0.7253084227299331,deceptive,True,"{'talk': 0.2347, 'warn': 0.2702, 'intimidate': -0.1952, 'flee': 0.2541, 'attack': -0.1599, 'help': 0.2075, 'report': 0.3348, 'trade': 0.434, 'observe': 0.1851, 'idle': 0.3488}"
416,npc_416,player_used_item,idle,0.6017,0.3935,20.581743522965724,0.9883762765551958,coerced,True,"{'talk': 0.0014, 'warn': 0.2082, 'intimidate': -1.0, 'flee': 0.1655, 'attack': -1.0, 'help': -0.039, 'report': 0.0455, 'trade': 0.0861, 'observe': 0.1166, 'idle': 0.6017}"
417,npc_417,player_asks_why,explain,1.0,1.0,83.12208786251625,0.0781645136046395,broken,True,{'explain': 1.0}
418,npc_418,npc_state_changed,warn,0.4409,0.050600000000000034,16.776603811020763,0.734928104530502,deceptive,False,"{'talk': 0.2095, 'warn': 0.4409, 'intimidate': -1.0, 'flee': 0.3578, 'attack': -1.0, 'help': 0.2192, 'report': 0.3903, 'trade': 0.2217, 'observe': 0.3323, 'idle': 0.274}"
419,npc_419,player_interacts,talk,0.326,0.0040999999999999925,37.51468849341727,0.13665634926306724,coerced,True,"{'talk': 0.326, 'warn': -0.0355, 'intimidate': -0.2174, 'flee': -0.228, 'attack': -0.2896, 'help': 0.1418, 'report': -0.0081, 'trade': 0.1523, 'observe': 0.3219, 'idle': 0.1743}"
420,npc_420,betrayal,idle,0.3308,0.032299999999999995,88.49995809706068,0.9321295586646243,deceptive,True,"{'talk': 0.0098, 'warn': 0.0864, 'intimidate': -1.0, 'flee': 0.1093, 'attack': -1.0, 'help': 0.0268, 'report': 0.1565, 'trade': 0.0245, 'observe': 0.2985, 'idle': 0.3308}"
421,npc_421,idle,talk,0.1886,0.029599999999999987,63.0952713687412,0.6453335370710811,deceptive,True,"{'talk': 0.1886, 'warn': -0.0432, 'intimidate': -0.1495, 'flee': 0.0968, 'attack': -0.1759, 'help': 0.159, 'report': 0.1333, 'trade': -0.0285, 'observe': 0.0908, 'idle': 0.021}"
422,npc_422,combat,idle,0.5104,0.13960000000000006,51.85370438542153,0.8297495650266965,broken,True,"{'talk': 0.0966, 'flee': 0.1185, 'observe': 0.1595, 'idle': 0.5104, 'opp_attention_component': 0.0, 'opp_distance_component': 0.0, 'opp_weapon_component': 0.0, 'opp_allies_component': 0.0, 'opp_raw_score': 0.0, 'opp_threshold': 0.65}"
423,npc_423,PLAYER_ATTACKED,idle,0.1728,0.02150000000000002,69.90089960999812,0.49172326178534753,deceptive,True,"{'talk': 0.0829, 'warn': 0.0333, 'intimidate': -0.1822, 'flee': 0.0647, 'attack': -0.1211, 'help': -0.0143, 'report': 0.1513, 'trade': 0.1129, 'observe': -0.0123, 'idle': 0.1728}"
424,npc_424,theft,idle,0.0,0.002599999999999991,5.898206494685809,0.2593519164841407,deceptive,True,"{'talk': 0.0868, 'warn': -0.0071, 'intimidate': -0.0857, 'flee': 0.0981, 'attack': -0.1947, 'help': 0.0606, 'report': 0.1007, 'trade': -0.0583, 'observe': 0.0612, 'idle': 0.0828}"
425,npc_425,theft,report,0.4209,0.10199999999999998,76.05335943461145,0.9552137330712873,free,False,"{'talk': 0.0898, 'warn': 0.3189, 'intimidate': -1.0, 'flee': 0.3187, 'attack': -1.0, 'help': 0.0635, 'report': 0.4209, 'trade': 0.031, 'observe': 0.2955, 'idle': 0.1983}"
426,npc_426,PLAYER_ATTACKED,idle,0.0,0.0013999999999999846,99.94451352598055,0.665078285325105,free,True,"{'talk': 0.1483, 'warn': 0.0327, 'intimidate': -0.0711, 'flee': -0.0733, 'attack': -0.0639, 'help': 0.008, 'report': -0.0237, 'trade': 0.0568, 'observe': 0.1469, 'idle': 0.0827}"
427,npc_427,time_passed,trade,0.1697,0.02259999999999998,36.84298951321696,0.4751994275667816,coerced,False,"{'talk': 0.1471, 'warn': 0.0311, 'intimidate': -0.5748, 'flee': 0.046, 'attack': -0.5025, 'help': 0.0621, 'report': 0.0261, 'trade': 0.1697, 'observe': 0.0798, 'idle': -0.0653}"
428,npc_428,player_interacts,idle,0.5715,0.010800000000000032,34.833395799932084,0.4761219172691662,free,True,"{'talk': 0.5607, 'warn': 0.0505, 'intimidate': -1.0, 'flee': -0.1813, 'attack': -1.0, 'help': 0.1797, 'report': 0.0667, 'trade': 0.1732, 'observe': 0.4733, 'idle': 0.5715}"
429,npc_429,idle,report,0.1787,0.009899999999999992,98.7219608387245,0.9550512218153375,loyal,True,"{'talk': 0.1527, 'warn': 0.1593, 'intimidate': -0.1398, 'flee': -0.0752, 'help': 0.1239, 'report': 0.1787, 'trade': 0.1688, 'observe': -0.0051, 'idle': -0.0707}"
430,npc_430,idle,warn,0.343,0.029200000000000004,95.1503879558376,0.9227361867915339,deceptive,False,"{'talk': 0.3138, 'warn': 0.343, 'intimidate': -1.0, 'flee': 0.2969, 'attack': -1.0, 'help': 0.3133, 'report': 0.1914, 'trade': 0.0982, 'observe': 0.2322, 'idle': 0.2746}"
431,npc_431,betrayal,warn,0.1546,0.03119999999999999,29.0976502654555,0.5922004873842794,free,True,"{'talk': 0.0433, 'warn': 0.1546, 'intimidate': -0.2342, 'flee': 0.0981, 'attack': -0.2212, 'help': 0.0544, 'report': 0.1234, 'trade': -0.0518, 'observe': -0.0916, 'idle': -0.0414}"
432,npc_432,object_changed,report,0.2459,0.08080000000000001,51.975138234900506,0.3953123838394025,deceptive,True,"{'talk': 0.1651, 'warn': 0.1381, 'intimidate': -0.1541, 'flee': 0.0145, 'attack': -0.1501, 'help': -0.0385, 'report': 0.2459, 'trade': 0.1587, 'observe': 0.0767, 'idle': 0.1141}"
433,npc_433,light_changed,observe,0.3974,0.25260000000000005,27.34525426987454,0.6310770722380824,broken,True,"{'talk': 0.2595, 'flee': 0.3461, 'observe': 0.3974, 'idle': 0.3675, 'opp_attention_component': 0.0, 'opp_distance_component': 0.0, 'opp_weapon_component': 0.0, 'opp_allies_component': 0.0, 'opp_raw_score': 0.0, 'opp_threshold': 0.65}"
434,npc_434,player_talks,idle,0.3582,0.2918,98.43895421550583,0.9910632149991826,broken,True,"{'talk': 0.1012, 'flee': -0.0119, 'observe': 0.0317, 'idle': 0.3582, 'opp_attention_component': 0.0, 'opp_distance_component': 0.0, 'opp_weapon_component': 0.0, 'opp_allies_component': 0.0, 'opp_raw_score': 0.0, 'opp_threshold': 0.65}"
435,npc_435,player_threatens,observe,0.1628,0.032,86.58554315944895,0.30407400770137083,loyal,True,"{'talk': 0.0364, 'warn': 0.0128, 'intimidate': 0.1058, 'flee': 0.1135, 'help': 0.0653, 'report': 0.1308, 'trade': 0.1062, 'observe': 0.1628, 'idle': 0.0353}"
436,npc_436,dialogue,talk,0.2622,0.38780000000000003,37.655579261778406,0.16822291855503124,broken,True,"{'talk': 0.2622, 'flee': 0.046, 'observe': 0.0973, 'idle': 0.2177, 'opp_attention_component': 0.0, 'opp_distance_component': 0.0, 'opp_weapon_component': 0.0, 'opp_allies_component': 0.0, 'opp_raw_score': 0.0, 'opp_threshold': 0.65}"
437,npc_437,player_interacts,idle,0.3413,0.1578,30.268960958707403,0.7452002344680699,free,True,"{'talk': 0.1835, 'warn': 0.058, 'intimidate': -0.1614, 'flee': -0.0414, 'attack': -0.1259, 'help': -0.0327, 'report': 0.0592, 'trade': 0.0688, 'observe': 0.1813, 'idle': 0.3413}"
438,npc_438,dialogue,observe,0.344,0.00539999999999996,47.94983660707235,0.5928790061257525,deceptive,True,"{'talk': 0.1697, 'warn': -0.0124, 'intimidate': -1.0, 'flee': 0.0857, 'attack': -1.0, 'help': -0.048, 'report': 0.0174, 'trade': 0.0274, 'observe': 0.344, 'idle': 0.3386}"
439,npc_439,player_cast_spell,idle,0.5439,0.03550000000000009,71.37491242500215,0.7529881910045725,free,True,"{'talk': 0.4026, 'warn': 0.0242, 'intimidate': -1.0, 'flee': 0.0917, 'attack': -1.0, 'help': 0.1501, 'report': 0.0517, 'trade': -0.0202, 'observe': 0.5084, 'idle': 0.5439}"
440,npc_440,player_attack,observe,0.2722,0.044399999999999995,8.461032792872514,0.9662761654289599,free,True,"{'talk': 0.015, 'warn': 0.1123, 'intimidate': -0.1295, 'flee': 0.0636, 'attack': -0.0439, 'help': 0.0289, 'report': 0.2278, 'trade': 0.0364, 'observe': 0.2722, 'idle': 0.0856}"
441,npc_441,idle,observe,0.4288,0.05020000000000002,66.26169966143614,0.14166733100793671,coerced,True,"{'talk': 0.1924, 'warn': 0.0098, 'intimidate': -1.0, 'flee': 0.2078, 'attack': -1.0, 'help': 0.1229, 'report': 0.2307, 'trade': -0.0052, 'observe': 0.4288, 'idle': 0.3786}"
442,npc_442,betrayal,talk,0.393,0.257,67.65256704788159,0.2037628968846652,broken,True,"{'talk': 0.393, 'flee': -0.0355, 'observe': 0.1649, 'idle': 0.2491, 'opp_attention_component': 0.0, 'opp_distance_component': 0.0, 'opp_weapon_component': 0.0, 'opp_allies_component': 0.0, 'opp_raw_score': 0.0, 'opp_threshold': 0.65}"
443,npc_443,PLAYER_ATTACKED,idle,0.2048,0.031200000000000006,27.012523356542893,0.4067812641408991,free,True,"{'talk': 0.0459, 'warn': -0.0363, 'intimidate': -0.0845, 'flee': 0.0826, 'attack': -0.0867, 'help': 0.1039, 'report': 0.0062, 'trade': -0.0682, 'observe': 0.1736, 'idle': 0.2048}"
444,npc_444,proximity_close,idle,0.0,0.0408,82.13432491332155,0.700455535740838,loyal,True,"{'talk': 0.027, 'warn': 0.0017, 'intimidate': -0.1718, 'flee': -0.0562, 'help': -0.0286, 'report': 0.04, 'trade': 0.0626, 'observe': 0.0991, 'idle': 0.1399}"
445,npc_445,saved_life,observe,0.1648,0.4852,68.6658348989229,0.14267014249265686,broken,False,"{'talk': 0.1537, 'flee': 0.109, 'observe': 0.1648, 'idle': 0.0474, 'opp_attention_component': 0.0, 'opp_distance_component': 0.0, 'opp_weapon_component': 0.0, 'opp_allies_component': 0.0, 'opp_raw_score': 0.0, 'opp_threshold': 0.65}"
446,npc_446,light_changed,report,0.3364,0.08679999999999999,95.26163222474237,0.9238119558544698,free,True,"{'talk': 0.0744, 'warn': 0.2496, 'intimidate': -0.0696, 'flee': 0.0318, 'attack': -0.0366, 'help': 0.0764, 'report': 0.3364, 'trade': 0.105, 'observe': -0.0342, 'idle': 0.0948}"
447,npc_447,object_moved,idle,0.2228,0.009599999999999997,80.83469187792612,0.677033063088971,coerced,True,"{'talk': 0.0646, 'warn': 0.1936, 'intimidate': -1.0, 'flee': 0.1605, 'attack': -1.0, 'help': 0.2132, 'report': 0.1837, 'trade': 0.0593, 'observe': 0.135, 'idle': 0.2228}"
448,npc_448,player_attacks,report,0.3595,0.09409999999999996,99.42219461424882,0.9991679182673386,loyal,False,"{'talk': 0.1974, 'warn': 0.2654, 'intimidate': -0.2942, 'flee': 0.2014, 'help': 0.186, 'report': 0.3595, 'trade': 0.005, 'observe': 0.2431, 'idle': 0.1357}"
449,npc_449,object_changed,observe,0.2739,0.049699999999999966,17.04839644825733,0.679063173009196,free,True,"{'talk': -0.0082, 'warn': 0.1032, 'intimidate': -1.0, 'flee': 0.1552, 'attack': -1.0, 'help': -0.0782, 'report': 0.0298, 'trade': 0.1551, 'observe': 0.2739, 'idle': 0.2242}"
450,npc_450,object_moved,idle,0.426,0.1888,35.57440638981097,0.3538927443859283,coerced,True,"{'talk': 0.1089, 'warn': 0.1565, 'intimidate': -0.1474, 'flee': 0.2372, 'attack': -0.2522, 'help': 0.0543, 'report': 0.1725, 'trade': 0.1577, 'observe': 0.233, 'idle': 0.426}"
451,npc_451,npc_moved,idle,0.2922,0.21000000000000002,39.535882602862614,0.18218204033693208,free,True,"{'talk': 0.0327, 'warn': 0.0292, 'intimidate': -0.0831, 'flee': -0.0202, 'attack': -0.1517, 'help': 0.0822, 'report': -0.0468, 'trade': 0.0142, 'observe': 0.0645, 'idle': 0.2922}"
452,npc_452,idle,talk,0.3417,0.3083,90.09978103012334,0.4792949852324936,broken,False,"{'talk': 0.3417, 'flee': 0.0406, 'observe': 0.1596, 'idle': 0.1469, 'opp_attention_component': 0.0, 'opp_distance_component': 0.0, 'opp_weapon_component': 0.0, 'opp_allies_component': 0.0, 'opp_raw_score': 0.0, 'opp_threshold': 0.65}"
453,npc_453,player_used_item,idle,0.373,0.277,12.612357851521661,0.6844376641251514,broken,True,"{'talk': 0.0804, 'flee': -0.0288, 'observe': 0.1092, 'idle': 0.373, 'opp_attention_component': 0.0, 'opp_distance_component': 0.0, 'opp_weapon_component': 0.0, 'opp_allies_component': 0.0, 'opp_raw_score': 0.0, 'opp_threshold': 0.65}"
454,npc_454,betrayal,report,0.2504,0.044300000000000006,99.42570604455156,0.19841245914915817,free,True,"{'talk': 0.0692, 'warn': 0.0317, 'intimidate': -0.0928, 'flee': 0.0802, 'attack': -0.0256, 'help': 0.0095, 'report': 0.2504, 'trade': 0.2061, 'observe': 0.106, 'idle': 0.1507}"
455,npc_455,npc_interacts_npc,report,0.4375,0.15610000000000002,38.03526491470425,0.9801243411855969,deceptive,True,"{'talk': 0.1417, 'warn': 0.2814, 'intimidate': -0.1403, 'flee': 0.06, 'attack': -0.1961, 'help': 0.1496, 'report': 0.4375, 'trade': 0.1362, 'observe': 0.1936, 'idle': 0.1436}"
456,npc_456,help,observe,0.2912,0.04990000000000003,74.47547042492002,0.9084819749483601,coerced,True,"{'talk': 0.0434, 'warn': -0.0128, 'intimidate': -1.0, 'flee': -0.0496, 'attack': -1.0, 'help': -0.0273, 'report': 0.0188, 'trade': 0.042, 'observe': 0.2912, 'idle': 0.2413}"
457,npc_457,player_used_item,report,0.4354,0.11220000000000002,38.40493566336569,0.7425874367493027,loyal,True,"{'talk': 0.0891, 'warn': 0.2837, 'intimidate': -0.0685, 'flee': 0.2512, 'help': 0.0865, 'report': 0.4354, 'trade': 0.019, 'observe': 0.2182, 'idle': 0.3232}"
458,npc_458,proximity_close,idle,0.1622,0.4878,89.15866529723654,0.5603460518652659,broken,True,"{'talk': -0.0527, 'flee': 0.0952, 'observe': -0.0227, 'idle': 0.1622, 'opp_attention_component': 0.0, 'opp_distance_component': 0.0, 'opp_weapon_component': 0.0, 'opp_allies_component': 0.0, 'opp_raw_score': 0.0, 'opp_threshold': 0.65}"
459,npc_459,player_threatens,observe,0.2683,0.029799999999999993,95.58029216987994,0.190190916811788,deceptive,False,"{'flee': 0.1505, 'observe': 0.2683, 'idle': 0.2385}"
460,npc_460,light_changed,idle,0.3826,0.2674,45.54409869299661,0.30341017136331705,broken,False,"{'talk': 0.1049, 'flee': 0.3705, 'observe': 0.2263, 'idle': 0.3826, 'opp_attention_component': 0.0, 'opp_distance_component': 0.0, 'opp_weapon_component': 0.0, 'opp_allies_component': 0.0, 'opp_raw_score': 0.0, 'opp_threshold': 0.65}"
461,npc_461,world_tick,ambush,0.2979,0.0029000000000000137,0.13999614763668955,0.3691101619941135,loyal,True,"{'talk': -0.0621, 'warn': 0.1794, 'intimidate': -1.0, 'flee': 0.106, 'help': 0.0817, 'report': 0.1543, 'trade': 0.0491, 'observe': 0.1873, 'block_path': 0.295, 'ambush': 0.2979, 'seek_ally': 0.0357, 'offer_job': 0.1988, 'request_service': 0.2512, 'spread_rumor': 0.0557, 'call_for_help': 0.1695, 'change_role': 0.2611, 'idle': 0.2023}"
462,npc_462,dialogue,observe,0.3197,0.011399999999999966,97.87623872457588,0.10644273253233871,deceptive,True,"{'talk': 0.0301, 'warn': -0.0166, 'intimidate': -0.0951, 'flee': 0.0663, 'attack': 0.0108, 'help': 0.0839, 'report': 0.1468, 'trade': 0.1133, 'observe': 0.3197, 'idle': 0.3083}"
463,npc_463,npc_moved,talk,0.2161,0.001999999999999974,36.864000669370725,0.18151354386948126,coerced,True,"{'talk': 0.2161, 'warn': 0.0347, 'intimidate': -0.0696, 'flee': 0.1175, 'attack': 0.0026, 'help': 0.0154, 'report': -0.0138, 'trade': 0.2141, 'observe': 0.119, 'idle': 0.1164}"
464,npc_464,smell_emitted,trade,0.2972,0.06230000000000002,90.91310549163725,0.5267785499788171,free,False,"{'talk': 0.0069, 'warn': 0.0084, 'intimidate': -1.0, 'flee': 0.2349, 'attack': -1.0, 'help': 0.0154, 'report': -0.041, 'trade': 0.2972, 'observe': 0.2002, 'idle': 0.2153}"
465,npc_465,world_tick,block_path,0.5788,0.006399999999999961,79.2400434362596,0.5423701683888696,free,True,"{'talk': 0.2119, 'warn': 0.0564, 'intimidate': -0.1962, 'flee': 0.0077, 'attack': -0.2168, 'help': 0.2011, 'report': 0.2739, 'trade': 0.0997, 'observe': 0.0622, 'block_path': 0.5788, 'ambush': 0.5359, 'seek_ally': 0.5724, 'offer_job': 0.2664, 'request_service': 0.2468, 'spread_rumor': 0.4524, 'call_for_help': 0.4292, 'change_role': 0.3038, 'idle': 0.0473}"
466,npc_466,player_cast_spell,idle,0.5704,0.1069,29.673849122648,0.14183502645202284,free,True,"{'talk': 0.1692, 'warn': -0.0197, 'intimidate': -1.0, 'flee': 0.1751, 'attack': -1.0, 'help': 0.0145, 'report': 0.0903, 'trade': 0.1436, 'observe': 0.4635, 'idle': 0.5704}"
467,npc_467,npc_proximity_close,trade,0.2618,0.07939999999999997,35.73079040370132,0.9233196074120865,free,True,"{'talk': 0.0634, 'warn': 0.1559, 'intimidate': -0.0837, 'flee': 0.1824, 'attack': -0.2466, 'help': 0.0705, 'report': 0.1022, 'trade': 0.2618, 'observe': 0.1572, 'idle': 0.1586}"
468,npc_468,player_threatens,observe,0.2749,0.03859999999999997,66.17317152702249,0.7113066822192337,free,True,"{'talk': 0.2363, 'warn': 0.0488, 'intimidate': -1.0, 'flee': 0.0195, 'attack': -1.0, 'help': 0.1131, 'report': 0.1136, 'trade': 0.0374, 'observe': 0.2749, 'idle': 0.2235}"
469,npc_469,player_insults,idle,0.2528,0.07940000000000003,32.305341210046166,0.35260875760999155,deceptive,True,"{'talk': 0.1734, 'warn': 0.1276, 'intimidate': -1.0, 'flee': 0.0493, 'attack': -1.0, 'help': 0.1517, 'report': 0.0523, 'trade': -0.0633, 'observe': 0.154, 'idle': 0.2528}"
470,npc_470,combat,talk,0.258,0.057999999999999996,8.361772135618272,0.7765925578288655,coerced,False,"{'talk': 0.258, 'warn': 0.1506, 'intimidate': -0.0055, 'flee': 0.2, 'attack': 0.0686, 'help': 0.1567, 'report': -0.0259, 'trade': 0.1763, 'observe': 0.1634, 'idle': 0.1817}"
471,npc_471,help,idle,0.5222,0.058599999999999985,29.469728812864705,0.9718196014414858,coerced,True,"{'talk': 0.058, 'warn': -0.038, 'intimidate': -1.0, 'flee': 0.0843, 'attack': -1.0, 'help': 0.0535, 'report': 0.1776, 'trade': 0.0708, 'observe': 0.4636, 'idle': 0.5222}"
472,npc_472,intimidation,observe,0.2819,0.04719999999999999,47.68265697169094,0.14688667182061232,coerced,False,"{'talk': 0.1041, 'warn': -0.0243, 'intimidate': -1.0, 'flee': 0.2149, 'attack': -1.0, 'help': 0.021, 'report': -0.0376, 'trade': 0.1353, 'observe': 0.2819, 'idle': 0.2347}"
473,npc_473,time_passed,talk,0.2786,0.044300000000000006,28.67690705602367,0.03211910727749456,loyal,True,"{'talk': 0.2786, 'warn': 0.0264, 'intimidate': -0.1814, 'flee': 0.1093, 'help': 0.2343, 'report': 0.1483, 'trade': 0.1006, 'observe': 0.2014, 'idle': 0.1737}"
474,npc_474,dialogue,report,0.4133,0.062,52.150104476183856,0.2118642434507788,coerced,True,"{'talk': 0.1501, 'warn': 0.3513, 'intimidate': -0.1148, 'flee': 0.0327, 'attack': -0.1258, 'help': 0.0364, 'report': 0.4133, 'trade': 0.0607, 'observe': 0.073, 'idle': -0.0123}"
475,npc_475,npc_moved,flee,0.3517,0.2983,42.42218896354033,0.36270162912599857,broken,False,"{'talk': -0.05, 'flee': 0.3517, 'observe': 0.2861, 'idle': 0.2776, 'opp_attention_component': 0.0, 'opp_distance_component': 0.0, 'opp_weapon_component': 0.0, 'opp_allies_component': 0.0, 'opp_raw_score': 0.0, 'opp_threshold': 0.65}"
476,npc_476,player_moved,talk,0.1822,0.4678,56.479681316669684,0.045680612683660526,broken,False,"{'talk': 0.1822, 'flee': 0.0891, 'observe': 0.101, 'idle': 0.0216, 'opp_attention_component': 0.0, 'opp_distance_component': 0.0, 'opp_weapon_component': 0.0, 'opp_allies_component': 0.0, 'opp_raw_score': 0.0, 'opp_threshold': 0.65}"
477,npc_477,player_used_item,trade,0.3058,0.00020000000000003348,50.21771178207869,0.7960692970612029,free,True,"{'talk': 0.2823, 'warn': 0.2823, 'intimidate': -0.2028, 'flee': 0.124, 'attack': -0.2831, 'help': 0.1875, 'report': 0.3056, 'trade': 0.3058, 'observe': 0.0947, 'idle': 0.0235}"
478,npc_478,unknown,talk,0.1797,0.47030000000000005,65.13949150091936,0.7853518585204897,broken,True,"{'talk': 0.1797, 'flee': 0.059, 'observe': 0.0593, 'idle': -0.0102, 'opp_attention_component': 0.0, 'opp_distance_component': 0.0, 'opp_weapon_component': 0.0, 'opp_allies_component': 0.0, 'opp_raw_score': 0.0, 'opp_threshold': 0.65}"
479,npc_479,player_asks_why,explain,1.0,1.0,54.71360524560039,0.08716768398070529,broken,True,{'explain': 1.0}
480,npc_480,object_changed,talk,0.44,0.06869999999999998,93.98294696507321,0.3634721104726437,deceptive,True,"{'talk': 0.44, 'warn': 0.1646, 'intimidate': -0.0215, 'flee': 0.1812, 'attack': -0.068, 'help': 0.2836, 'report': 0.3713, 'trade': 0.1364, 'observe': 0.194, 'idle': 0.2407}"
481,npc_481,npc_state_changed,idle,0.348,0.016199999999999992,0.794294591666922,0.1582058040062615,free,True,"{'talk': 0.1973, 'warn': 0.0559, 'intimidate': -0.1101, 'flee': 0.1907, 'attack': -0.1154, 'help': 0.0285, 'report': 0.3074, 'trade': 0.2118, 'observe': 0.3318, 'idle': 0.348}"
482,npc_482,idle,talk,0.5732,0.14650000000000002,19.947099984825,0.9964382320968018,deceptive,False,"{'talk': 0.5732, 'warn': 0.3739, 'intimidate': -0.2576, 'flee': 0.0309, 'attack': -0.354, 'help': 0.3939, 'report': 0.4267, 'trade': 0.1041, 'observe': 0.039, 'idle': -0.0016}"
483,npc_483,npc_spoke,idle,0.1546,0.04769999999999999,97.85608237490776,0.02294273639205846,deceptive,True,"{'flee': 0.1069, 'observe': 0.0507, 'idle': 0.1546}"
484,npc_484,player_helpers,talk,0.5269,0.2903,34.20191478980017,0.349276259108943,deceptive,True,"{'talk': 0.5269, 'warn': -0.021, 'intimidate': -0.0324, 'flee': 0.0474, 'attack': -0.0614, 'help': 0.0598, 'report': 0.0439, 'trade': -0.0265, 'observe': 0.2142, 'idle': 0.2366}"
485,npc_485,object_changed,idle,0.5421,0.11970000000000003,1.4186778295831926,0.49944566834197446,deceptive,True,"{'talk': 0.1064, 'warn': 0.2505, 'intimidate': -1.0, 'flee': 0.131, 'attack': -1.0, 'help': 0.1507, 'report': 0.2885, 'trade': 0.2061, 'observe': 0.4224, 'idle': 0.5421}"
486,npc_486,movement,talk,0.3446,0.063,77.4384395525612,0.20976307952684814,loyal,False,"{'talk': 0.3446, 'warn': 0.0007, 'intimidate': -0.5634, 'flee': 0.1117, 'help': 0.2793, 'report': -0.0567, 'trade': 0.2816, 'observe': 0.219, 'idle': 0.2223}"
487,npc_487,proximity_leave,idle,0.5698,0.08020000000000005,42.58491957423822,0.9263488588915303,broken,True,"{'talk': 0.1504, 'flee': 0.1822, 'observe': 0.4452, 'idle': 0.5698, 'opp_attention_component': 0.0, 'opp_distance_component': 0.0, 'opp_weapon_component': 0.0, 'opp_allies_component': 0.0, 'opp_raw_score': 0.0, 'opp_threshold': 0.65}"
488,npc_488,idle,report,0.307,0.0807,8.963794000167091,0.10367530209127751,loyal,False,"{'talk': -0.0684, 'warn': 0.2057, 'intimidate': -0.3457, 'flee': 0.1464, 'help': -0.0775, 'report': 0.307, 'trade': 0.1913, 'observe': 0.163, 'idle': 0.2263}"
489,npc_489,object_moved,report,0.3088,0.01150000000000001,35.06136832208641,0.9079935686321405,deceptive,False,"{'talk': 0.0906, 'warn': 0.2625, 'intimidate': -1.0, 'flee': 0.2973, 'attack': -1.0, 'help': 0.0747, 'report': 0.3088, 'trade': 0.0654, 'observe': 0.1423, 'idle': 0.252}"
490,npc_490,unknown,idle,0.3783,0.18900000000000003,84.07696248345599,0.3174709628156568,loyal,True,"{'talk': 0.1686, 'warn': 0.0189, 'intimidate': -1.0, 'flee': 0.1497, 'help': 0.124, 'report': 0.0401, 'trade': 0.1521, 'observe': 0.1893, 'idle': 0.3783}"
491,npc_491,betrayal,idle,0.2401,0.09090000000000001,51.72770780208978,0.8011719742888977,loyal,True,"{'talk': 0.1492, 'warn': 0.119, 'intimidate': -0.084, 'flee': 0.0195, 'help': 0.0771, 'report': 0.032, 'trade': 0.1236, 'observe': 0.0486, 'idle': 0.2401}"
492,npc_492,faction_event,idle,0.2628,0.09949999999999998,61.80996426014297,0.5717938347339991,coerced,True,"{'talk': 0.1633, 'warn': 0.0432, 'intimidate': -0.1872, 'flee': -0.0168, 'attack': -0.1614, 'help': 0.0287, 'report': 0.0204, 'trade': -0.057, 'observe': -0.0192, 'idle': 0.2628}"
493,npc_493,player_interacts,observe,0.5601,0.24600000000000005,2.314082263698103,0.11093151911443255,free,False,"{'talk': 0.0651, 'warn': 0.2623, 'intimidate': -0.4596, 'flee': -0.1895, 'attack': -0.3544, 'help': 0.0112, 'report': 0.3091, 'trade': 0.185, 'observe': 0.5601, 'idle': 0.3141}"
494,npc_494,proximity_leave,observe,0.5328,0.06380000000000008,7.631268508952827,0.31358493591511094,coerced,True,"{'talk': 0.2965, 'warn': 0.1063, 'intimidate': -1.0, 'flee': 0.1873, 'attack': -1.0, 'help': 0.2172, 'report': 0.1679, 'trade': 0.0653, 'observe': 0.5328, 'idle': 0.469}"
495,npc_495,npc_moved,flee,0.4453,0.20470000000000005,19.2845259652367,0.5117447209429813,broken,False,"{'talk': 0.0852, 'flee': 0.4453, 'observe': 0.3672, 'idle': 0.3345, 'opp_attention_component': 0.0, 'opp_distance_component': 0.0, 'opp_weapon_component': 0.0, 'opp_allies_component': 0.0, 'opp_raw_score': 0.0, 'opp_threshold': 0.65}"
496,npc_496,player_interacts,observe,0.491,0.15900000000000003,46.70437480896298,0.9463456749911766,broken,True,"{'talk': 0.4065, 'flee': -0.1571, 'observe': 0.491, 'idle': 0.2063, 'opp_attention_component': 0.0, 'opp_distance_component': 0.0, 'opp_weapon_component': 0.0, 'opp_allies_component': 0.0, 'opp_raw_score': 0.0, 'opp_threshold': 0.65}"
497,npc_497,dialogue,idle,0.0,0.512,81.5892199566578,0.4293129757025895,broken,False,"{'talk': 0.1269, 'flee': 0.1327, 'observe': 0.138, 'idle': 0.1203, 'opp_attention_component': 0.0, 'opp_distance_component': 0.0, 'opp_weapon_component': 0.0, 'opp_allies_component': 0.0, 'opp_raw_score': 0.0, 'opp_threshold': 0.65}"
498,npc_498,idle,idle,0.0,0.5226,79.08963723921396,0.6569546116267166,broken,False,"{'talk': 0.1274, 'flee': 0.0819, 'observe': 0.077, 'idle': 0.112, 'opp_attention_component': 0.0, 'opp_distance_component': 0.0, 'opp_weapon_component': 0.0, 'opp_allies_component': 0.0, 'opp_raw_score': 0.0, 'opp_threshold': 0.65}"
499,npc_499,intimidation,idle,0.0,0.0271,56.09587004635368,0.8074264962964701,loyal,True,"{'talk': 0.0951, 'warn': -0.0046, 'intimidate': -0.0027, 'flee': 0.094, 'help': 0.0957, 'report': 0.068, 'trade': 0.1252, 'observe': -0.0261, 'idle': 0.0981}"
500,npc_500,object_destroyed,talk,0.5501,0.1345,59.11710961375945,0.017836299863953853,loyal,False,"{'talk': 0.5501, 'warn': -0.0038, 'intimidate': -0.5659, 'flee': 0.0332, 'help': 0.4156, 'report': 0.1176, 'trade': 0.1745, 'observe': 0.033, 'idle': -0.0703}"
501,npc_501,player_moved,idle,0.4176,0.2324,72.32536695971956,0.40034434258764384,broken,True,"{'talk': 0.1344, 'flee': 0.0276, 'observe': 0.1833, 'idle': 0.4176, 'opp_attention_component': 0.0, 'opp_distance_component': 0.0, 'opp_weapon_component': 0.0, 'opp_allies_component': 0.0, 'opp_raw_score': 0.0, 'opp_threshold': 0.65}"
502,npc_502,npc_proximity_leave,idle,0.6388,0.10870000000000002,10.513569409802825,0.4356824623520765,coerced,True,"{'talk': 0.1195, 'warn': 0.0621, 'intimidate': -1.0, 'flee': 0.1432, 'attack': -1.0, 'help': 0.0858, 'report': 0.1151, 'trade': -0.0532, 'observe': 0.5301, 'idle': 0.6388}"
503,npc_503,player_asks_why,explain,1.0,1.0,26.99120543797674,0.4606937625996874,coerced,True,{'explain': 1.0}
504,npc_504,npc_spoke,talk,0.2746,0.00940000000000002,35.30096974858286,0.6471342722719033,free,False,"{'talk': 0.2746, 'warn': 0.0403, 'intimidate': -0.4102, 'flee': 0.1606, 'attack': -0.4174, 'help': 0.2652, 'report': 0.0426, 'trade': 0.1474, 'observe': 0.0933, 'idle': 0.1852}"
505,npc_505,player_moved,idle,0.0,0.0646,65.52893381863751,0.1300605104773106,deceptive,True,"{'talk': 0.0071, 'warn': 0.0102, 'intimidate': -0.0663, 'flee': -0.0474, 'attack': -0.1073, 'help': -0.0398, 'report': -0.04, 'trade': 0.1126, 'observe': 0.0075, 'idle': 0.048}"
506,npc_506,saved_life,idle,0.0,0.0458,24.056246144017525,0.02858624962151357,deceptive,True,"{'talk': 0.0094, 'warn': -0.0549, 'intimidate': -0.321, 'flee': 0.0507, 'attack': -0.4083, 'help': 0.0965, 'report': 0.0265, 'trade': 0.016, 'observe': 0.0452, 'idle': -0.0251}"
507,npc_507,world_tick,idle,0.3436,0.06980000000000003,73.20016095639762,0.40269210321191773,loyal,True,"{'talk': 0.0772, 'warn': 0.1846, 'intimidate': -1.0, 'flee': 0.1632, 'help': 0.1115, 'report': 0.1489, 'trade': 0.0236, 'observe': 0.0579, 'block_path': 0.1765, 'ambush': 0.2738, 'seek_ally': 0.2001, 'offer_job': 0.1468, 'request_service': 0.1443, 'spread_rumor': 0.2304, 'call_for_help': 0.272, 'change_role': 0.1346, 'idle': 0.3436}"
508,npc_508,proximity_leave,idle,0.2111,0.4389,88.26002897338624,0.3928854249514957,broken,True,"{'talk': 0.096, 'flee': 0.0369, 'observe': 0.0441, 'idle': 0.2111, 'opp_attention_component': 0.0, 'opp_distance_component': 0.0, 'opp_weapon_component': 0.0, 'opp_allies_component': 0.0, 'opp_raw_score': 0.0, 'opp_threshold': 0.65}"
509,npc_509,player_asks_why,explain,1.0,1.0,17.02325740092433,0.3321553163220675,free,True,{'explain': 1.0}
510,npc_510,player_interacts,talk,0.7353,0.34809999999999997,4.5176519594538505,0.29065856959938274,loyal,True,"{'talk': 0.7353, 'warn': 0.0732, 'intimidate': -0.118, 'flee': 0.0389, 'help': 0.0472, 'report': -0.0595, 'trade': 0.0818, 'observe': 0.3872, 'idle': 0.1391}"
511,npc_511,combat,report,0.1597,0.016399999999999998,30.113403283176677,0.6639370237064075,loyal,True,"{'talk': 0.0619, 'warn': 0.0887, 'intimidate': 0.1433, 'flee': 0.0696, 'help': 0.1016, 'report': 0.1597, 'trade': 0.0197, 'observe': 0.0623, 'idle': 0.0001}"
512,npc_512,npc_proximity_leave,idle,0.3017,0.3483,35.94199285381102,0.9548144070638586,broken,True,"{'talk': 0.1206, 'flee': 0.0037, 'observe': -0.0079, 'idle': 0.3017, 'opp_attention_component': 0.0, 'opp_distance_component': 0.0, 'opp_weapon_component': 0.0, 'opp_allies_component': 0.0, 'opp_raw_score': 0.0, 'opp_threshold': 0.65}"
513,npc_513,player_cast_spell,idle,0.2013,0.4487,83.417156794941,0.5666624305259662,broken,True,"{'talk': 0.1848, 'flee': 0.1521, 'observe': 0.1272, 'idle': 0.2013, 'opp_attention_component': 0.0, 'opp_distance_component': 0.0, 'opp_weapon_component': 0.0, 'opp_allies_component': 0.0, 'opp_raw_score': 0.0, 'opp_threshold': 0.65}"
514,npc_514,player_talks,idle,0.0,0.5701,1.5592399640814825,0.5930716181057376,broken,False,"{'talk': 0.0215, 'flee': 0.0429, 'observe': 0.0799, 'idle': 0.0197, 'opp_attention_component': 0.0, 'opp_distance_component': 0.0, 'opp_weapon_component': 0.0, 'opp_allies_component': 0.0, 'opp_raw_score': 0.0, 'opp_threshold': 0.65}"
515,npc_515,npc_proximity_leave,idle,0.5607,0.07229999999999998,99.59142560739303,0.0807179383248241,deceptive,True,"{'flee': 0.2639, 'observe': 0.4884, 'idle': 0.5607}"
516,npc_516,player_attack,warn,0.2372,0.0784,80.43802498144463,0.2500204454041328,coerced,True,"{'talk': 0.1577, 'warn': 0.2372, 'intimidate': -0.1851, 'flee': 0.1456, 'attack': -0.2277, 'help': 0.0951, 'report': 0.0985, 'trade': 0.009, 'observe': 0.1588, 'idle': 0.1464}"
517,npc_517,PLAYER_SPOKE,flee,0.3135,0.11230000000000001,71.25985052999778,0.42050566495542907,free,False,"{'talk': 0.0523, 'warn': 0.0659, 'intimidate': -1.0, 'flee': 0.3135, 'attack': -1.0, 'help': -0.0257, 'report': 0.1194, 'trade': 0.1371, 'observe': 0.1903, 'idle': 0.2012}"
518,npc_518,PLAYER_ATTACKED,idle,0.5079,0.12,40.29421260213795,0.8749108725637814,free,False,"{'talk': 0.3824, 'warn': 0.062, 'intimidate': -1.0, 'flee': 0.3238, 'attack': -1.0, 'help': 0.2416, 'report': -0.0091, 'trade': 0.1903, 'observe': 0.3879, 'idle': 0.5079}"
519,npc_519,player_attack,observe,0.1643,0.4857,74.04241186922673,0.6756807613348076,broken,True,"{'talk': 0.1153, 'flee': 0.034, 'observe': 0.1643, 'idle': 0.1414, 'opp_attention_component': 0.0, 'opp_distance_component': 0.0, 'opp_weapon_component': 0.0, 'opp_allies_component': 0.0, 'opp_raw_score': 0.0, 'opp_threshold': 0.65}"
520,npc_520,unknown,talk,0.4729,0.1779,83.2726452542875,0.12181141450944355,coerced,True,"{'talk': 0.4729, 'warn': 0.0832, 'intimidate': -0.0151, 'flee': 0.0341, 'attack': -0.1029, 'help': 0.096, 'report': 0.0992, 'trade': 0.0266, 'observe': 0.1818, 'idle': 0.295}"
521,npc_521,player_used_item,idle,0.0,0.5092,24.068189539593078,0.2003510406327128,broken,False,"{'talk': 0.1408, 'flee': 0.1392, 'observe': 0.1268, 'idle': 0.1001, 'opp_attention_component': 0.0, 'opp_distance_component': 0.0, 'opp_weapon_component': 0.0, 'opp_allies_component': 0.0, 'opp_raw_score': 0.0, 'opp_threshold': 0.65}"
522,npc_522,combat,idle,0.0,0.010399999999999993,1.1019643996194484,0.893220973440941,free,True,"{'talk': -0.0348, 'warn': -0.0666, 'intimidate': -0.0351, 'flee': 0.0997, 'attack': 0.0893, 'help': -0.0207, 'report': 0.0124, 'trade': 0.0232, 'observe': 0.007, 'idle': 0.0509}"
523,npc_523,player_attacks,idle,0.2103,0.43970000000000004,35.18670026655002,0.7151823331316105,broken,True,"{'talk': -0.0566, 'flee': -0.0646, 'observe': 0.1012, 'idle': 0.2103, 'opp_attention_component': 0.0, 'opp_distance_component': 0.0, 'opp_weapon_component': 0.0, 'opp_allies_component': 0.0, 'opp_raw_score': 0.0, 'opp_threshold': 0.65}"
524,npc_524,idle,talk,0.2927,0.023900000000000032,34.80952202118428,0.044929132085456236,coerced,True,"{'talk': 0.2927, 'warn': 0.0611, 'intimidate': -0.0502, 'flee': 0.0264, 'attack': -0.1216, 'help': 0.0882, 'report': 0.2688, 'trade': 0.0659, 'observe': 0.0521, 'idle': 0.0813}"
525,npc_525,saved_life,observe,0.2848,0.012500000000000011,11.44737827585508,0.7633519498580851,free,True,"{'talk': -0.0349, 'warn': -0.0209, 'intimidate': -1.0, 'flee': 0.0688, 'attack': -1.0, 'help': 0.1124, 'report': 0.1899, 'trade': 0.1873, 'observe': 0.2848, 'idle': 0.2723}"
526,npc_526,player_attack,report,0.4391,0.2268,81.38377407828676,0.5821079464572895,free,True,"{'talk': 0.124, 'warn': 0.2123, 'intimidate': -0.0124, 'flee': 0.1077, 'attack': -0.0516, 'help': 0.1353, 'report': 0.4391, 'trade': 0.1192, 'observe': 0.1158, 'idle': 0.141}"
527,npc_527,proximity_close,idle,0.2556,0.10830000000000001,50.08502852328572,0.8534215997001047,deceptive,True,"{'talk': -0.0807, 'warn': 0.0263, 'intimidate': -0.2202, 'flee': 0.0829, 'attack': -0.0349, 'help': 0.0492, 'report': 0.0491, 'trade': -0.0259, 'observe': 0.1473, 'idle': 0.2556}"
528,npc_528,PLAYER_ATTACKED,flee,0.2164,0.4336,92.22733291100599,0.06795281821819044,broken,False,"{'talk': 0.1814, 'flee': 0.2164, 'observe': 0.0997, 'idle': 0.0686, 'opp_attention_component': 0.0, 'opp_distance_component': 0.0, 'opp_weapon_component': 0.0, 'opp_allies_component': 0.0, 'opp_raw_score': 0.0, 'opp_threshold': 0.65}"
529,npc_529,proximity_leave,observe,0.6099,0.125,2.9978029670377992,0.33454124546071906,coerced,True,"{'talk': 0.4756, 'warn': 0.1123, 'intimidate': -1.0, 'flee': 0.1055, 'attack': -1.0, 'help': 0.2442, 'report': 0.0915, 'trade': -0.0163, 'observe': 0.6099, 'idle': 0.4849}"
530,npc_530,object_destroyed,talk,0.4146,0.2354,59.81476287490829,0.5514252519516012,broken,False,"{'talk': 0.4146, 'flee': 0.2524, 'observe': 0.2978, 'idle': 0.2156, 'opp_attention_component': 0.0, 'opp_distance_component': 0.0, 'opp_weapon_component': 0.0, 'opp_allies_component': 0.0, 'opp_raw_score': 0.0, 'opp_threshold': 0.65}"
531,npc_531,theft,idle,0.389,0.2313,68.3595066800144,0.3871247899955623,coerced,True,"{'talk': -0.0195, 'warn': 0.0777, 'intimidate': -1.0, 'flee': 0.1577, 'attack': -1.0, 'help': -0.018, 'report': -0.0288, 'trade': 0.0411, 'observe': 0.1069, 'idle': 0.389}"
532,npc_532,object_changed,warn,0.5206,0.03119999999999995,58.861747391558914,0.8883353382925319,loyal,False,"{'talk': -0.0037, 'warn': 0.5206, 'intimidate': -0.2428, 'flee': 0.0498, 'help': 0.0978, 'report': 0.4894, 'trade': 0.0253, 'observe': -0.0744, 'idle': 0.0136}"
533,npc_533,npc_proximity_leave,idle,0.0,0.009800000000000003,99.8088809046244,0.6575828203735974,free,True,"{'talk': 0.0557, 'warn': 0.0339, 'intimidate': 0.041, 'flee': 0.0947, 'attack': 0.0177, 'help': 0.0139, 'report': 0.1323, 'trade': 0.1225, 'observe': 0.0933, 'idle': 0.0817}"
534,npc_534,player_talks,idle,0.7734,0.12339999999999995,24.420579170319566,0.5414191745478317,broken,True,"{'talk': 0.0273, 'flee': 0.0504, 'observe': 0.1995, 'idle': 0.7734, 'opp_attention_component': 0.0, 'opp_distance_component': 0.0, 'opp_weapon_component': 0.0, 'opp_allies_component': 0.0, 'opp_raw_score': 0.0, 'opp_threshold': 0.65}"
535,npc_535,player_interacts,idle,0.7515,0.5344,3.58676759742923,0.7641919810605271,free,True,"{'talk': 0.0906, 'warn': 0.0065, 'intimidate': -1.0, 'flee': -0.0567, 'attack': -1.0, 'help': 0.0785, 'report': -0.0591, 'trade': 0.1044, 'observe': 0.2171, 'idle': 0.7515}"
536,npc_536,object_destroyed,idle,0.328,0.05780000000000002,22.44484514424958,0.5324919376690659,free,True,"{'talk': 0.0524, 'warn': -0.0433, 'intimidate': -1.0, 'flee': -0.0221, 'attack': -1.0, 'help': 0.0235, 'report': 0.0194, 'trade': 0.0339, 'observe': 0.2702, 'idle': 0.328}"
537,npc_537,world_tick,idle,0.0,0.6274000000000001,78.26126793714324,0.807396695831494,broken,True,"{'talk': -0.0526, 'flee': -0.0057, 'observe': 0.0226, 'idle': -0.0268, 'opp_attention_component': 0.0, 'opp_distance_component': 0.0, 'opp_weapon_component': 0.0, 'opp_allies_component': 0.0, 'opp_raw_score': 0.0, 'opp_threshold': 0.65}"
538,npc_538,movement,observe,0.4639,0.18610000000000004,29.582491768548145,0.274269881559125,broken,False,"{'talk': 0.4178, 'flee': 0.3659, 'observe': 0.4639, 'idle': 0.3983, 'opp_attention_component': 0.0, 'opp_distance_component': 0.0, 'opp_weapon_component': 0.0, 'opp_allies_component': 0.0, 'opp_raw_score': 0.0, 'opp_threshold': 0.65}"
539,npc_539,proximity_leave,flee,0.3904,0.2596,21.784249997594117,0.27644567114892804,broken,False,"{'talk': 0.209, 'flee': 0.3904, 'observe': 0.3705, 'idle': 0.3607, 'opp_attention_component': 0.0, 'opp_distance_component': 0.0, 'opp_weapon_component': 0.0, 'opp_allies_component': 0.0, 'opp_raw_score': 0.0, 'opp_threshold': 0.65}"
540,npc_540,player_moved,observe,0.3202,0.1619,68.44413839781222,0.04195558692073609,free,True,"{'talk': 0.0655, 'warn': -0.0145, 'intimidate': -0.1036, 'flee': -0.0253, 'attack': -0.0764, 'help': 0.0116, 'report': 0.016, 'trade': -0.0287, 'observe': 0.3202, 'idle': 0.1583}"
541,npc_541,proximity_leave,idle,0.5655,0.013000000000000012,23.697871121795412,0.8226929432229418,deceptive,True,"{'talk': 0.1872, 'warn': 0.1477, 'intimidate': -1.0, 'flee': 0.3411, 'attack': -1.0, 'help': 0.1621, 'report': 0.2823, 'trade': 0.3174, 'observe': 0.5525, 'idle': 0.5655}"
542,npc_542,time_passed,observe,0.3421,0.06740000000000002,91.18726595582622,0.8080342137299907,loyal,True,"{'talk': -0.0386, 'warn': 0.0714, 'intimidate': -1.0, 'flee': 0.0445, 'help': -0.0196, 'report': 0.0971, 'trade': -0.0718, 'observe': 0.3421, 'idle': 0.2747}"
543,npc_543,saved_life,idle,0.2118,0.10669999999999999,79.82055474179349,0.52033599794669,coerced,True,"{'talk': 0.0633, 'warn': 0.0097, 'intimidate': -0.1089, 'flee': -0.0102, 'attack': -0.0637, 'help': 0.1051, 'report': -0.0287, 'trade': -0.0739, 'observe': 0.0625, 'idle': 0.2118}"
544,npc_544,npc_interacts_npc,idle,0.4209,0.04980000000000001,7.644376840170852,0.23034983462816483,coerced,True,"{'talk': 0.353, 'warn': -0.0307, 'intimidate': 0.0036, 'flee': 0.0743, 'attack': -0.0766, 'help': 0.087, 'report': 0.03, 'trade': 0.0451, 'observe': 0.3711, 'idle': 0.4209}"
545,npc_545,player_cast_spell,talk,0.4465,0.0015000000000000013,57.601175080388956,0.8998724682622827,free,True,"{'talk': 0.4465, 'warn': 0.1679, 'intimidate': -0.0989, 'flee': 0.1944, 'attack': -0.1273, 'help': 0.188, 'report': 0.445, 'trade': 0.0036, 'observe': 0.2697, 'idle': 0.2577}"
546,npc_546,unknown,idle,0.3109,0.018100000000000005,90.42603926536343,0.5569407808887579,free,True,"{'flee': 0.121, 'observe': 0.2928, 'idle': 0.3109}"
547,npc_547,player_helpers,report,0.3257,0.05829999999999996,70.011369239245,0.5895581313695151,loyal,False,"{'talk': 0.0566, 'warn': 0.2602, 'intimidate': -1.0, 'flee': 0.1531, 'help': 0.0645, 'report': 0.3257, 'trade': 0.068, 'observe': 0.1838, 'idle': 0.2674}"
548,npc_548,world_tick,spread_rumor,0.4589,0.06599999999999995,49.32934667253286,0.5251936434196547,deceptive,True,"{'talk': -0.0274, 'warn': 0.0174, 'intimidate': -0.2169, 'flee': -0.0172, 'attack': -0.3732, 'help': -0.0954, 'report': 0.0456, 'trade': 0.0324, 'observe': 0.0881, 'block_path': 0.3444, 'ambush': 0.2203, 'seek_ally': 0.3166, 'offer_job': 0.3003, 'request_service': 0.2925, 'spread_rumor': 0.4589, 'call_for_help': 0.3929, 'change_role': 0.285, 'idle': -0.0206}"
549,npc_549,object_changed,observe,0.2286,0.4214,28.78431623715795,0.16932077175735538,broken,False,"{'talk': 0.101, 'flee': 0.1928, 'observe': 0.2286, 'idle': 0.2072, 'opp_attention_component': 0.0, 'opp_distance_component': 0.0, 'opp_weapon_component': 0.0, 'opp_allies_component': 0.0, 'opp_raw_score': 0.0, 'opp_threshold': 0.65}"
550,npc_550,PLAYER_SPOKE,warn,0.2896,0.06360000000000002,36.95405587787995,0.4265025610632406,coerced,True,"{'talk': 0.1947, 'warn': 0.2896, 'intimidate': -0.2311, 'flee': -0.0292, 'attack': -0.2361, 'help': 0.189, 'report': 0.1388, 'trade': 0.226, 'observe': -0.0729, 'idle': 0.0793}"
551,npc_551,player_attack,idle,0.3358,0.31420000000000003,80.36410814454187,0.07435032969054367,broken,True,"{'talk': 0.1846, 'flee': 0.0673, 'observe': 0.2361, 'idle': 0.3358, 'opp_attention_component': 0.0, 'opp_distance_component': 0.0, 'opp_weapon_component': 0.0, 'opp_allies_component': 0.0, 'opp_raw_score': 0.0, 'opp_threshold': 0.65}"
552,npc_552,npc_spoke,observe,0.2953,0.01429999999999998,3.5636186221111865,0.1368746726687503,coerced,True,"{'talk': 0.1092, 'warn': 0.0587, 'intimidate': -0.1025, 'flee': 0.2465, 'attack': -0.0519, 'help': -0.0071, 'report': 0.2279, 'trade': 0.0667, 'observe': 0.2953, 'idle': 0.281}"
553,npc_553,player_interacts,talk,0.9143,0.08930000000000005,20.854697160415725,0.26307381401492813,loyal,True,"{'talk': 0.9143, 'warn': 0.0373, 'intimidate': -1.0, 'flee': -0.1623, 'help': 0.0707, 'report': 0.0267, 'trade': 0.1501, 'observe': 0.825, 'idle': 0.2869}"
554,npc_554,PLAYER_SPOKE,idle,0.1922,0.0050000000000000044,9.653323306836581,0.7549611014421032,deceptive,True,"{'talk': 0.0393, 'warn': -0.003, 'intimidate': -0.4167, 'flee': 0.1231, 'attack': -0.2471, 'help': 0.0125, 'report': 0.0301, 'trade': -0.077, 'observe': 0.1872, 'idle': 0.1922}"
555,npc_555,world_tick,offer_job,0.2873,0.0021999999999999797,41.20029187740529,0.5074874029688996,deceptive,False,"{'talk': -0.0046, 'warn': -0.0982, 'intimidate': -0.5539, 'flee': -0.0414, 'attack': -0.5938, 'help': -0.0986, 'report': -0.0253, 'trade': -0.0177, 'observe': 0.0121, 'block_path': 0.1621, 'ambush': 0.1158, 'seek_ally': 0.2697, 'offer_job': 0.2873, 'request_service': 0.2851, 'spread_rumor': 0.1749, 'call_for_help': 0.2067, 'change_role': 0.2573, 'idle': 0.0529}"
556,npc_556,player_talks,idle,0.4874,0.08810000000000001,30.851064955917252,0.16653514307747108,free,True,"{'talk': 0.3382, 'warn': 0.0714, 'intimidate': -1.0, 'flee': 0.3216, 'attack': -1.0, 'help': 0.085, 'report': 0.0584, 'trade': 0.0938, 'observe': 0.3993, 'idle': 0.4874}"
557,npc_557,player_attacks,idle,0.0,0.5023,53.547266273528194,0.39552628889473396,broken,True,"{'talk': 0.1477, 'flee': -0.03, 'observe': 0.1224, 'idle': 0.1185, 'opp_attention_component': 0.0, 'opp_distance_component': 0.0, 'opp_weapon_component': 0.0, 'opp_allies_component': 0.0, 'opp_raw_score': 0.0, 'opp_threshold': 0.65}"
558,npc_558,intimidation,idle,0.6339,0.41380000000000006,30.146643537465,0.24730873878134796,free,True,"{'talk': 0.104, 'warn': 0.2201, 'intimidate': -1.0, 'flee': 0.0847, 'attack': -1.0, 'help': 0.0535, 'report': 0.1054, 'trade': 0.0201, 'observe': 0.0843, 'idle': 0.6339}"
559,npc_559,idle,idle,0.0,0.536,91.8974564610776,0.3911238997748797,broken,True,"{'talk': -0.0049, 'flee': 0.0736, 'observe': 0.114, 'idle': 0.0151, 'opp_attention_component': 0.0, 'opp_distance_component': 0.0, 'opp_weapon_component': 0.0, 'opp_allies_component': 0.0, 'opp_raw_score': 0.0, 'opp_threshold': 0.65}"
560,npc_560,time_passed,idle,0.3031,0.1412,56.09962588441215,0.5332039036347977,free,True,"{'talk': -0.0075, 'warn': 0.1096, 'intimidate': -0.1221, 'flee': 0.0018, 'attack': -0.0306, 'help': 0.1619, 'report': 0.1036, 'trade': 0.1087, 'observe': 0.0055, 'idle': 0.3031}"
561,npc_561,player_interacts,talk,0.28,0.06870000000000004,31.06098199817201,0.08363454114935565,coerced,True,"{'talk': 0.28, 'warn': -0.0942, 'intimidate': -0.158, 'flee': -0.1586, 'attack': -0.2191, 'help': 0.0096, 'report': 0.0629, 'trade': 0.1469, 'observe': 0.2113, 'idle': 0.1508}"
562,npc_562,betrayal,idle,0.453,0.2603,3.6509709965012793,0.8714279160318655,coerced,True,"{'talk': 0.1029, 'warn': 0.1503, 'intimidate': 0.029, 'flee': 0.085, 'attack': 0.0223, 'help': -0.044, 'report': 0.1927, 'trade': 0.1552, 'observe': 0.1007, 'idle': 0.453}"
563,npc_563,npc_proximity_close,report,0.2533,0.03350000000000003,51.993901839963165,0.8697491733127555,deceptive,True,"{'talk': 0.1475, 'warn': 0.2021, 'intimidate': -0.3056, 'flee': 0.0763, 'attack': -0.2421, 'help': 0.0613, 'report': 0.2533, 'trade': 0.0857, 'observe': 0.0623, 'idle': 0.2198}"
564,npc_564,player_asks_why,explain,1.0,1.0,56.38103831575864,0.6850238755677777,broken,True,{'explain': 1.0}
565,npc_565,object_moved,warn,0.3261,0.0509,6.70480131604545,0.1876744270270141,loyal,True,"{'talk': 0.1086, 'warn': 0.3261, 'intimidate': -0.0566, 'flee': -0.0375, 'help': 0.0915, 'report': 0.2752, 'trade': 0.1457, 'observe': -0.0475, 'idle': -0.0003}"
566,npc_566,idle,idle,0.0,0.0403,58.44683850506179,0.4032683591120535,loyal,True,"{'talk': -0.0097, 'warn': 0.077, 'intimidate': -0.288, 'flee': -0.0517, 'help': 0.1051, 'report': 0.0335, 'trade': 0.1454, 'observe': 0.029, 'idle': -0.0274}"
567,npc_567,light_changed,help,0.4267,0.09350000000000003,27.72375044722771,0.6684969135316442,coerced,False,"{'talk': 0.3332, 'warn': -0.0178, 'intimidate': -0.4706, 'flee': 0.1594, 'attack': -0.3949, 'help': 0.4267, 'report': -0.0241, 'trade': 0.1113, 'observe': 0.1135, 'idle': 0.1315}"
568,npc_568,player_used_item,flee,0.1965,0.011800000000000005,47.168907766855774,0.24077289223779086,deceptive,True,"{'talk': -0.0619, 'warn': 0.0339, 'intimidate': -1.0, 'flee': 0.1965, 'attack': -1.0, 'help': 0.0707, 'report': 0.1388, 'trade': 0.0965, 'observe': 0.0879, 'idle': 0.1847}"
569,npc_569,npc_state_changed,idle,0.5754,0.0746,68.53675851243719,0.3481804890782565,broken,True,"{'talk': 0.0657, 'flee': 0.0445, 'observe': -0.0001, 'idle': 0.5754, 'opp_attention_component': 0.0, 'opp_distance_component': 0.0, 'opp_weapon_component': 0.0, 'opp_allies_component': 0.0, 'opp_raw_score': 0.0, 'opp_threshold': 0.65}"
570,npc_570,player_threatens,idle,0.5494,0.07700000000000001,0.5614538387867851,0.368867426483386,free,True,"{'talk': 0.1517, 'warn': 0.3363, 'intimidate': -1.0, 'flee': 0.3456, 'attack': -1.0, 'help': 0.1167, 'report': 0.2868, 'trade': 0.2107, 'observe': 0.4724, 'idle': 0.5494}"
571,npc_571,PLAYER_ATTACKED,warn,0.6923,0.15250000000000008,63.224008272946406,0.8749368313517308,free,False,"{'talk': 0.0317, 'warn': 0.6923, 'intimidate': -1.0, 'flee': 0.451, 'attack': -1.0, 'help': 0.0875, 'report': 0.5398, 'trade': 0.3665, 'observe': 0.3272, 'idle': 0.3208}"
572,npc_572,dialogue,observe,0.4416,0.016199999999999992,9.747546060301582,0.19418237846423103,free,True,"{'talk': -0.0157, 'warn': -0.0423, 'intimidate': -1.0, 'flee': 0.0909, 'attack': -1.0, 'help': -0.0188, 'report': -0.0053, 'trade': -0.0499, 'observe': 0.4416, 'idle': 0.4254}"
573,npc_573,player_talks,idle,0.2752,0.010799999999999976,19.293993581121814,0.26663592520332857,free,True,"{'talk': -0.0328, 'warn': 0.1009, 'intimidate': -1.0, 'flee': 0.1154, 'attack': -1.0, 'help': 0.0175, 'report': 0.0342, 'trade': 0.0988, 'observe': 0.2644, 'idle': 0.2752}"
574,npc_574,npc_moved,report,0.2743,0.07149999999999998,56.61892885735098,0.09056171910838007,coerced,True,"{'talk': 0.1749, 'warn': 0.1718, 'intimidate': -0.0323, 'flee': -0.0359, 'attack': -0.0558, 'help': -0.0105, 'report': 0.2743, 'trade': -0.0017, 'observe': 0.2028, 'idle': 0.0685}"
575,npc_575,saved_life,idle,0.338,0.0479,17.800403594198364,0.22596038010176467,coerced,True,"{'talk': 0.1682, 'warn': -0.0523, 'intimidate': 0.0033, 'flee': 0.0953, 'attack': 0.0206, 'help': 0.0203, 'report': 0.0962, 'trade': -0.0157, 'observe': 0.2901, 'idle': 0.338}"
576,npc_576,movement,talk,0.16,0.49,15.570422662756423,0.43385339786798893,broken,True,"{'talk': 0.16, 'flee': 0.1313, 'observe': 0.0307, 'idle': 0.0873, 'opp_attention_component': 0.0, 'opp_distance_component': 0.0, 'opp_weapon_component': 0.0, 'opp_allies_component': 0.0, 'opp_raw_score': 0.0, 'opp_threshold': 0.65}"
577,npc_577,player_moved,report,0.5282,0.015499999999999958,63.111366470475126,0.3229909566959943,loyal,False,"{'talk': 0.5127, 'warn': 0.3566, 'intimidate': -0.1651, 'flee': -0.084, 'help': 0.4463, 'report': 0.5282, 'trade': 0.1939, 'observe': -0.0223, 'idle': 0.0456}"
578,npc_578,player_attacks,idle,0.2552,0.07889999999999997,54.67781065863424,0.6166123260292833,deceptive,True,"{'talk': 0.1522, 'warn': 0.036, 'intimidate': -0.2857, 'flee': -0.0068, 'attack': -0.233, 'help': 0.1763, 'report': 0.1749, 'trade': 0.0784, 'observe': 0.1242, 'idle': 0.2552}"
579,npc_579,player_used_item,idle,0.1561,0.07599999999999998,40.07501273831431,0.92235359773474,loyal,True,"{'talk': -0.012, 'warn': 0.0203, 'intimidate': -0.0713, 'flee': 0.0384, 'help': -0.059, 'report': 0.0801, 'trade': 0.0216, 'observe': 0.0495, 'idle': 0.1561}"
580,npc_580,player_asks_why,explain,1.0,1.0,65.86086015961395,0.30752675295155696,coerced,True,{'explain': 1.0}
581,npc_581,combat,idle,0.3219,0.3281,37.62915792416557,0.9169497348057095,broken,True,"{'talk': 0.247, 'flee': 0.1057, 'observe': 0.2784, 'idle': 0.3219, 'opp_attention_component': 0.0, 'opp_distance_component': 0.0, 'opp_weapon_component': 0.0, 'opp_allies_component': 0.0, 'opp_raw_score': 0.0, 'opp_threshold': 0.65}"
582,npc_582,npc_state_changed,idle,0.0,9.999999999998899e-05,22.16940439163754,0.36913256617099366,free,True,"{'talk': -0.0427, 'warn': -0.0455, 'intimidate': -0.0949, 'flee': -0.0304, 'attack': -0.1436, 'help': 0.1237, 'report': 0.007, 'trade': -0.0151, 'observe': -0.0348, 'idle': 0.1238}"
583,npc_583,PLAYER_SPOKE,flee,0.2496,0.031299999999999994,82.1275014286131,0.4217368899249878,loyal,False,"{'talk': 0.1847, 'warn': 0.1474, 'intimidate': -1.0, 'flee': 0.2496, 'help': 0.2059, 'report': 0.2183, 'trade': 0.143, 'observe': 0.2094, 'idle': 0.1396}"
584,npc_584,idle,idle,0.6807,0.37749999999999995,95.99210520848254,0.30295451302067333,free,True,"{'flee': 0.2711, 'observe': 0.3032, 'idle': 0.6807}"
585,npc_585,npc_proximity_close,flee,0.2767,0.013000000000000012,25.783655194649878,0.872205193750481,deceptive,True,"{'talk': 0.1116, 'warn': 0.2383, 'intimidate': -0.2599, 'flee': 0.2767, 'attack': -0.1427, 'help': 0.0288, 'report': 0.2523, 'trade': 0.2412, 'observe': 0.2637, 'idle': 0.2633}"
586,npc_586,proximity_leave,warn,0.3056,0.06039999999999998,41.706023378311826,0.035615076093218456,free,True,"{'talk': -0.0162, 'warn': 0.3056, 'intimidate': -0.2662, 'flee': 0.1096, 'attack': -0.1326, 'help': -0.0054, 'report': 0.2452, 'trade': 0.1657, 'observe': 0.1304, 'idle': 0.0212}"
587,npc_587,faction_event,idle,0.485,0.25749999999999995,56.90682788075474,0.038287379940974975,free,True,"{'talk': 0.1121, 'warn': -0.0115, 'intimidate': -1.0, 'flee': 0.0929, 'attack': -1.0, 'help': 0.178, 'report': 0.0338, 'trade': 0.0398, 'observe': 0.2275, 'idle': 0.485}"
588,npc_588,object_changed,talk,0.2606,0.015999999999999986,79.36447947594793,0.6155814715775815,coerced,False,"{'talk': 0.2606, 'warn': 0.1912, 'intimidate': -0.4285, 'flee': 0.1271, 'attack': -0.4168, 'help': 0.2152, 'report': 0.1727, 'trade': 0.2446, 'observe': 0.0976, 'idle': 0.1639}"
589,npc_589,intimidation,idle,0.0,0.007200000000000012,0.5051049643626682,0.6572127873433153,deceptive,True,"{'talk': 0.0903, 'warn': -0.0333, 'intimidate': 0.0501, 'flee': 0.0292, 'attack': -0.0804, 'help': -0.0532, 'report': 0.0608, 'trade': 0.0328, 'observe': 0.0831, 'idle': 0.003}"
590,npc_590,player_talks,report,0.1993,0.0368,1.256722467355964,0.4443830635531144,deceptive,True,"{'talk': 0.1625, 'warn': 0.1459, 'intimidate': -0.1269, 'flee': 0.0347, 'attack': -0.0518, 'help': -0.0649, 'report': 0.1993, 'trade': 0.0858, 'observe': -0.0278, 'idle': -0.0805}"
591,npc_591,idle,talk,0.5991,0.4438,36.919145512605255,0.6745013703955718,loyal,True,"{'talk': 0.5991, 'warn': -0.0309, 'intimidate': -0.0584, 'flee': -0.0516, 'help': 0.0908, 'report': 0.1247, 'trade': 0.1553, 'observe': 0.003, 'idle': 0.0329}"
592,npc_592,unknown,idle,0.1957,0.02560000000000001,9.697982218675083,0.5707450158100499,coerced,True,"{'talk': 0.053, 'warn': 0.1003, 'intimidate': -0.1726, 'flee': 0.0535, 'attack': -0.2041, 'help': -0.0314, 'report': 0.1701, 'trade': -0.0504, 'observe': 0.0544, 'idle': 0.1957}"
593,npc_593,intimidation,warn,0.3029,0.042899999999999994,85.90565875468103,0.8261384362321371,coerced,True,"{'talk': 0.1373, 'warn': 0.3029, 'intimidate': -1.0, 'flee': 0.0438, 'attack': -1.0, 'help': 0.0639, 'report': 0.26, 'trade': 0.1202, 'observe': 0.1482, 'idle': 0.1929}"
594,npc_594,idle,trade,0.4406,0.013600000000000001,22.4192612905592,0.0805058151451361,deceptive,False,"{'talk': 0.3359, 'warn': 0.1636, 'intimidate': -1.0, 'flee': 0.2914, 'attack': -1.0, 'help': 0.227, 'report': 0.1719, 'trade': 0.4406, 'observe': 0.427, 'idle': 0.2601}"
595,npc_595,player_attacks,trade,0.3251,0.10220000000000001,72.30601077873274,0.7127925226195579,coerced,True,"{'talk': 0.2084, 'warn': 0.0628, 'intimidate': -0.3597, 'flee': 0.0566, 'attack': -0.3106, 'help': -0.0081, 'report': 0.0391, 'trade': 0.3251, 'observe': 0.1481, 'idle': 0.2229}"
596,npc_596,object_destroyed,idle,0.564,0.44389999999999996,24.486345397094055,0.7486085745120239,deceptive,True,"{'talk': 0.0449, 'warn': 0.0061, 'intimidate': -1.0, 'flee': -0.039, 'attack': -1.0, 'help': 0.1201, 'report': 0.0169, 'trade': 0.0064, 'observe': 0.1036, 'idle': 0.564}"
597,npc_597,intimidation,idle,0.3636,0.15119999999999997,81.16623937964195,0.039906459773877745,loyal,True,"{'talk': 0.0495, 'warn': -0.0632, 'intimidate': -1.0, 'flee': 0.2035, 'help': 0.2124, 'report': 0.0996, 'trade': 0.151, 'observe': 0.0164, 'idle': 0.3636}"
598,npc_598,object_changed,observe,0.4878,0.05299999999999999,21.008498418709408,0.07406955553771566,deceptive,True,"{'talk': 0.195, 'warn': 0.0179, 'intimidate': -1.0, 'flee': 0.0109, 'attack': -1.0, 'help': 0.0018, 'report': 0.0634, 'trade': 0.0352, 'observe': 0.4878, 'idle': 0.4348}"
599,npc_599,faction_event,observe,0.4927,0.124,88.01705939386123,0.30666273046129866,loyal,True,"{'talk': 0.0327, 'warn': 0.2662, 'intimidate': -1.0, 'flee': 0.1164, 'help': 0.0578, 'report': 0.1239, 'trade': 0.0466, 'observe': 0.4927, 'idle': 0.3687}"
600,npc_600,player_interacts,idle,0.3879,0.1365,14.836336362536828,0.5085915606130453,loyal,True,"{'talk': 0.2342, 'warn': 0.0928, 'intimidate': -0.1486, 'flee': -0.0311, 'help': 0.0607, 'report': 0.1669, 'trade': 0.0184, 'observe': 0.2514, 'idle': 0.3879}"
601,npc_601,player_attack,talk,0.4226,0.1341,89.71336065223244,0.3423669951023547,coerced,True,"{'talk': 0.4226, 'warn': 0.1514, 'intimidate': 0.0289, 'flee': 0.0117, 'attack': 0.0295, 'help': 0.2266, 'report': 0.185, 'trade': 0.1151, 'observe': 0.2885, 'idle': 0.1131}"
602,npc_602,weather_changed,trade,0.4839,0.18719999999999998,39.84912233531625,0.06719772719944683,loyal,False,"{'talk': 0.2246, 'warn': 0.2967, 'intimidate': -0.3104, 'flee': 0.0596, 'help': 0.2616, 'report': 0.2149, 'trade': 0.4839, 'observe': 0.0266, 'idle': 0.0718}"
603,npc_603,light_changed,idle,0.243,0.011999999999999983,97.937749035014,0.7431104495377403,free,True,"{'flee': 0.1051, 'observe': 0.231, 'idle': 0.243}"
604,npc_604,unknown,idle,0.3153,0.06220000000000003,11.640639187319623,0.5423688336415281,deceptive,True,"{'talk': 0.0404, 'warn': 0.0556, 'intimidate': -1.0, 'flee': 0.0571, 'attack': -1.0, 'help': 0.0795, 'report': 0.0335, 'trade': 0.149, 'observe': 0.2531, 'idle': 0.3153}"
605,npc_605,object_moved,observe,0.2682,0.38180000000000003,60.1354146530801,0.507292982066271,broken,True,"{'talk': 0.0644, 'flee': 0.1048, 'observe': 0.2682, 'idle': 0.2531, 'opp_attention_component': 0.0, 'opp_distance_component': 0.0, 'opp_weapon_component': 0.0, 'opp_allies_component': 0.0, 'opp_raw_score': 0.0, 'opp_threshold': 0.65}"
606,npc_606,npc_interacts_npc,warn,0.1564,0.025400000000000006,16.313087328370777,0.3046409792793391,deceptive,True,"{'talk': -0.0736, 'warn': 0.1564, 'intimidate': -0.1476, 'flee': -0.0581, 'attack': -0.0242, 'help': 0.0417, 'report': 0.0629, 'trade': 0.001, 'observe': 0.131, 'idle': 0.0613}"
607,npc_607,faction_event,talk,0.2084,0.06870000000000001,21.029192634678196,0.19190406625268885,coerced,True,"{'talk': 0.2084, 'warn': -0.0242, 'intimidate': -0.1344, 'flee': -0.0165, 'attack': 0.0116, 'help': 0.1397, 'report': 0.0266, 'trade': 0.075, 'observe': 0.1095, 'idle': 0.0958}"
608,npc_608,world_tick,block_path,0.2817,0.0040000000000000036,14.498652745956464,0.7452139356385666,deceptive,True,"{'talk': 0.0298, 'warn': 0.1412, 'intimidate': -1.0, 'flee': 0.1241, 'attack': -1.0, 'help': -0.0167, 'report': 0.1222, 'trade': 0.0236, 'observe': -0.0214, 'block_path': 0.2817, 'ambush': 0.2777, 'seek_ally': 0.0258, 'offer_job': 0.1713, 'request_service': 0.1681, 'spread_rumor': 0.0603, 'call_for_help': 0.1083, 'change_role': 0.1744, 'idle': 0.2651}"
609,npc_609,player_helpers,talk,0.2819,0.36810000000000004,71.66726980800131,0.3218457954190548,broken,True,"{'talk': 0.2819, 'flee': 0.0837, 'observe': 0.0852, 'idle': 0.0929, 'opp_attention_component': 0.0, 'opp_distance_component': 0.0, 'opp_weapon_component': 0.0, 'opp_allies_component': 0.0, 'opp_raw_score': 0.0, 'opp_threshold': 0.65}"
610,npc_610,sound_emitted,trade,0.2968,0.07240000000000002,39.00630152806711,0.2498461252461568,loyal,True,"{'talk': 0.1388, 'warn': 0.1284, 'intimidate': -0.2818, 'flee': 0.0726, 'help': 0.1496, 'report': 0.2244, 'trade': 0.2968, 'observe': 0.0388, 'idle': 0.1732}"
611,npc_611,saved_life,observe,0.5018,0.1482,87.39506166459587,0.5618363848925021,broken,True,"{'talk': -0.0498, 'flee': 0.0949, 'observe': 0.5018, 'idle': 0.4717, 'opp_attention_component': 0.0, 'opp_distance_component': 0.0, 'opp_weapon_component': 0.0, 'opp_allies_component': 0.0, 'opp_raw_score': 0.0, 'opp_threshold': 0.65}"
612,npc_612,object_destroyed,observe,0.2856,0.04230000000000003,36.220379421868984,0.2590258215021921,free,True,"{'talk': 0.2038, 'warn': 0.09, 'intimidate': -1.0, 'flee': 0.1177, 'attack': -1.0, 'help': 0.1197, 'report': 0.1906, 'trade': 0.1506, 'observe': 0.2856, 'idle': 0.2433}"
613,npc_613,npc_moved,flee,0.4655,0.02290000000000003,79.01375035852894,0.6343738441698958,loyal,False,"{'talk': 0.3998, 'warn': 0.3931, 'intimidate': -1.0, 'flee': 0.4655, 'help': 0.3741, 'report': 0.4426, 'trade': 0.0422, 'observe': 0.3506, 'idle': 0.3618}"
614,npc_614,idle,observe,0.6029,0.04610000000000003,46.57151658183976,0.15220531560811168,coerced,True,"{'talk': 0.1351, 'warn': 0.2312, 'intimidate': -1.0, 'flee': 0.1174, 'attack': -1.0, 'help': 0.0683, 'report': 0.1609, 'trade': 0.1452, 'observe': 0.6029, 'idle': 0.5568}"
615,npc_615,player_insults,observe,0.4816,0.04219999999999996,25.88529501525657,0.32661927888068754,coerced,True,"{'talk': -0.0734, 'warn': 0.1612, 'intimidate': -1.0, 'flee': 0.1647, 'attack': -1.0, 'help': 0.0801, 'report': 0.0738, 'trade': -0.017, 'observe': 0.4816, 'idle': 0.4394}"
616,npc_616,saved_life,observe,0.518,0.029799999999999993,32.74610479962531,0.208807253850262,deceptive,True,"{'talk': -0.0104, 'warn': 0.2527, 'intimidate': -1.0, 'flee': 0.3265, 'attack': -1.0, 'help': -0.0196, 'report': 0.3069, 'trade': 0.3231, 'observe': 0.518, 'idle': 0.4882}"
617,npc_617,npc_spoke,trade,0.4402,0.03859999999999997,19.863773290538976,0.12464931676426383,loyal,False,"{'talk': 0.2496, 'warn': 0.1595, 'intimidate': -1.0, 'flee': 0.3598, 'help': 0.2487, 'report': 0.0746, 'trade': 0.4402, 'observe': 0.2109, 'idle': 0.4016}"
618,npc_618,idle,idle,0.24,0.007699999999999985,50.8735255241337,0.38002913298764573,free,True,"{'talk': 0.0751, 'warn': 0.2082, 'intimidate': -1.0, 'flee': 0.1863, 'attack': -1.0, 'help': 0.0472, 'report': 0.2323, 'trade': 0.0755, 'observe': 0.1917, 'idle': 0.24}"
619,npc_619,proximity_leave,idle,0.2542,0.019699999999999995,89.73311954980413,0.17735838565661943,loyal,True,"{'talk': -0.0012, 'warn': 0.0412, 'intimidate': -1.0, 'flee': 0.2345, 'help': 0.0052, 'report': 0.145, 'trade': 0.205, 'observe': 0.1617, 'idle': 0.2542}"
620,npc_620,object_destroyed,observe,0.3411,0.0756,93.6291586746273,0.8103196745266602,free,True,"{'flee': 0.1409, 'observe': 0.3411, 'idle': 0.2655}"
621,npc_621,PLAYER_SPOKE,talk,0.5386,0.11739999999999995,91.35769337985985,0.5985074767658316,coerced,False,"{'talk': 0.5386, 'warn': -0.0129, 'intimidate': -0.4382, 'flee': 0.1438, 'attack': -0.4547, 'help': 0.4212, 'report': 0.0472, 'trade': 0.228, 'observe': -0.008, 'idle': 0.0743}"
622,npc_622,player_moved,idle,0.0,0.02210000000000001,12.81986111616824,0.6136095722647901,deceptive,True,"{'talk': 0.0607, 'warn': -0.0325, 'intimidate': -0.1418, 'flee': -0.0393, 'attack': -0.0944, 'help': 0.0996, 'report': 0.0864, 'trade': 0.1217, 'observe': -0.0646, 'idle': -0.0091}"
623,npc_623,light_changed,trade,0.1887,0.10540000000000001,22.622340359293446,0.3286257588152621,loyal,True,"{'talk': 0.0401, 'warn': 0.0341, 'intimidate': -0.096, 'flee': -0.0037, 'help': 0.0833, 'report': 0.0639, 'trade': 0.1887, 'observe': 0.0649, 'idle': 0.0653}"
624,npc_624,world_tick,seek_ally,0.4538,0.04859999999999998,3.4114039207839064,0.32253237822437664,deceptive,True,"{'talk': 0.0537, 'warn': 0.1367, 'intimidate': -0.3479, 'flee': 0.0319, 'attack': -0.431, 'help': 0.0738, 'report': -0.01, 'trade': 0.0424, 'observe': -0.0161, 'block_path': 0.1518, 'ambush': 0.2436, 'seek_ally': 0.4538, 'offer_job': 0.1483, 'request_service': 0.0465, 'spread_rumor': 0.3909, 'call_for_help': 0.4052, 'change_role': 0.1475, 'idle': -0.0494}"
625,npc_625,player_talks,flee,0.1943,0.4557,34.09829944892861,0.45631600665485905,broken,True,"{'talk': -0.0025, 'flee': 0.1943, 'observe': 0.1748, 'idle': 0.0672, 'opp_attention_component': 0.0, 'opp_distance_component': 0.0, 'opp_weapon_component': 0.0, 'opp_allies_component': 0.0, 'opp_raw_score': 0.0, 'opp_threshold': 0.65}"
626,npc_626,player_attack,observe,0.4023,0.0711,43.616410757078626,0.8669674915945512,deceptive,True,"{'talk': 0.0853, 'warn': 0.002, 'intimidate': -1.0, 'flee': 0.2748, 'attack': -1.0, 'help': 0.001, 'report': 0.0909, 'trade': 0.0399, 'observe': 0.4023, 'idle': 0.3312}"
627,npc_627,npc_proximity_close,talk,0.3637,0.10390000000000005,69.36947475907466,0.15874979719622484,loyal,True,"{'talk': 0.3637, 'warn': 0.0319, 'intimidate': -1.0, 'flee': 0.0499, 'help': 0.1243, 'report': -0.0743, 'trade': -0.0163, 'observe': 0.2598, 'idle': 0.1365}"
628,npc_628,weather_changed,talk,0.259,0.02510000000000001,46.80041471266841,0.00035361256353916293,loyal,True,"{'talk': 0.259, 'warn': 0.2339, 'intimidate': -0.1652, 'flee': -0.0287, 'help': 0.1782, 'report': 0.1103, 'trade': 0.0639, 'observe': -0.0454, 'idle': 0.0533}"
629,npc_629,unknown,warn,0.331,0.02250000000000002,59.14164050919659,0.22630506726620592,coerced,True,"{'talk': 0.2621, 'warn': 0.331, 'intimidate': -0.1573, 'flee': 0.1309, 'attack': -0.2408, 'help': 0.231, 'report': 0.3085, 'trade': 0.1371, 'observe': -0.0079, 'idle': 0.0755}"
630,npc_630,movement,idle,0.3809,0.24880000000000002,59.84464993410508,0.8222403684620894,loyal,True,"{'talk': 0.0302, 'warn': 0.094, 'intimidate': -1.0, 'flee': 0.1188, 'help': 0.042, 'report': 0.1283, 'trade': 0.0378, 'observe': 0.1321, 'idle': 0.3809}"
631,npc_631,world_tick,seek_ally,0.3477,0.016000000000000014,75.84595329396943,0.9976053068917937,loyal,True,"{'talk': -0.0451, 'warn': 0.0678, 'intimidate': -0.3359, 'flee': 0.0392, 'help': 0.0224, 'report': -0.0157, 'trade': 0.0459, 'observe': 0.0258, 'block_path': 0.3159, 'ambush': 0.2152, 'seek_ally': 0.3477, 'offer_job': 0.1118, 'request_service': 0.1223, 'spread_rumor': 0.2674, 'call_for_help': 0.3317, 'change_role': -0.0116, 'idle': 0.0051}"
632,npc_632,idle,idle,0.2222,0.00360000000000002,83.62962473276933,0.10113098258596365,coerced,True,"{'talk': 0.1191, 'warn': 0.1854, 'intimidate': -1.0, 'flee': 0.0771, 'attack': -1.0, 'help': 0.0327, 'report': 0.2186, 'trade': 0.1635, 'observe': 0.1496, 'idle': 0.2222}"
633,npc_633,dialogue,idle,0.4987,0.34859999999999997,95.40714777900034,0.7640306743876212,loyal,True,"{'talk': 0.0458, 'warn': 0.1271, 'intimidate': -1.0, 'flee': 0.1501, 'help': -0.0758, 'report': -0.0099, 'trade': 0.0837, 'observe': -0.0222, 'idle': 0.4987}"
634,npc_634,light_changed,idle,0.2535,0.1169,18.073768931734868,0.2922768437912292,free,True,"{'talk': 0.102, 'warn': 0.1366, 'intimidate': -0.106, 'flee': -0.0115, 'attack': -0.0767, 'help': 0.0696, 'report': -0.0609, 'trade': -0.0003, 'observe': -0.022, 'idle': 0.2535}"
635,npc_635,player_moved,report,0.1947,0.0436,76.86111390116886,0.8634829040413924,deceptive,True,"{'talk': 0.0701, 'warn': 0.1511, 'intimidate': -0.065, 'flee': -0.0565, 'attack': 0.0074, 'help': 0.0225, 'report': 0.1947, 'trade': 0.1013, 'observe': 0.1118, 'idle': 0.1411}"
636,npc_636,player_talks,idle,0.0,0.5034000000000001,63.947500427210436,0.8559759982481306,broken,True,"{'talk': -0.0172, 'flee': -0.0266, 'observe': 0.0403, 'idle': 0.1466, 'opp_attention_component': 0.0, 'opp_distance_component': 0.0, 'opp_weapon_component': 0.0, 'opp_allies_component': 0.0, 'opp_raw_score': 0.0, 'opp_threshold': 0.65}"
637,npc_637,smell_emitted,idle,0.3453,0.08979999999999999,61.84709794494218,0.7116655677405698,deceptive,True,"{'talk': 0.1425, 'warn': 0.1407, 'intimidate': -1.0, 'flee': 0.1892, 'attack': -1.0, 'help': 0.067, 'report': 0.1899, 'trade': 0.0291, 'observe': 0.2555, 'idle': 0.3453}"
638,npc_638,saved_life,idle,0.0,0.010999999999999996,24.590359291424758,0.026359189260698246,coerced,True,"{'talk': 0.0646, 'warn': 0.0789, 'intimidate': 0.0346, 'flee': -0.0394, 'attack': 0.0126, 'help': -0.0248, 'report': 0.0679, 'trade': -0.0446, 'observe': 0.0418, 'idle': 0.0646}"
639,npc_639,combat,warn,0.4244,0.1859,41.23235656772407,0.6272551087696616,deceptive,True,"{'talk': 0.1178, 'warn': 0.4244, 'intimidate': 0.2166, 'flee': 0.1426, 'attack': 0.2051, 'help': 0.1168, 'report': 0.197, 'trade': 0.2059, 'observe': 0.2385, 'idle': 0.2023}"
640,npc_640,player_threatens,idle,0.3616,0.016699999999999993,79.55570782592551,0.9174794538633421,deceptive,True,"{'talk': 0.1456, 'warn': 0.1888, 'intimidate': -1.0, 'flee': 0.3054, 'attack': -1.0, 'help': 0.1043, 'report': 0.0788, 'trade': 0.2611, 'observe': 0.3449, 'idle': 0.3616}"
641,npc_641,object_destroyed,trade,0.1562,0.051100000000000007,43.61842503000628,0.5599587295090278,free,True,"{'talk': 0.0429, 'warn': 0.0111, 'intimidate': -0.141, 'flee': -0.0476, 'attack': -0.2707, 'help': -0.0298, 'report': 0.0777, 'trade': 0.1562, 'observe': 0.1051, 'idle': 0.0112}"
642,npc_642,light_changed,observe,0.1896,0.46040000000000003,98.62065940815658,0.5383957005829063,broken,True,"{'talk': -0.0443, 'flee': 0.0615, 'observe': 0.1896, 'idle': 0.1276, 'opp_attention_component': 0.0, 'opp_distance_component': 0.0, 'opp_weapon_component': 0.0, 'opp_allies_component': 0.0, 'opp_raw_score': 0.0, 'opp_threshold': 0.65}"
643,npc_643,idle,talk,0.2705,0.12630000000000002,61.38504599305148,0.7325563370780569,loyal,True,"{'talk': 0.2705, 'warn': 0.0814, 'intimidate': -0.0324, 'flee': 0.0628, 'help': -0.0394, 'report': 0.1442, 'trade': 0.0702, 'observe': 0.1325, 'idle': 0.0802}"
644,npc_644,object_destroyed,talk,0.4579,0.03019999999999995,18.298959803479388,0.4303608900238911,free,True,"{'talk': 0.4579, 'warn': 0.0939, 'intimidate': -1.0, 'flee': 0.1874, 'attack': -1.0, 'help': 0.3471, 'report': 0.1024, 'trade': 0.0058, 'observe': 0.4277, 'idle': 0.3786}"
645,npc_645,player_insults,observe,0.4713,0.17870000000000003,9.549032277251113,0.01257847998038697,broken,False,"{'talk': 0.4486, 'flee': 0.3953, 'observe': 0.4713, 'idle': 0.3871, 'opp_attention_component': 0.0, 'opp_distance_component': 0.0, 'opp_weapon_component': 0.0, 'opp_allies_component': 0.0, 'opp_raw_score': 0.0, 'opp_threshold': 0.65}"
646,npc_646,player_moved,idle,0.1645,0.008500000000000008,91.26146298249897,0.8914367663912295,coerced,True,"{'talk': 0.0185, 'warn': 0.0328, 'intimidate': -0.0985, 'flee': 0.0526, 'attack': -0.0986, 'help': 0.0811, 'report': -0.0337, 'trade': 0.0046, 'observe': 0.156, 'idle': 0.1645}"
647,npc_647,object_changed,idle,0.0,0.0087,90.02306021729228,0.9973419056325525,deceptive,True,"{'talk': -0.0069, 'warn': 0.0075, 'intimidate': -0.1554, 'flee': -0.0267, 'attack': -0.1822, 'help': 0.0295, 'report': 0.0868, 'trade': -0.048, 'observe': -0.0114, 'idle': 0.0955}"
648,npc_648,npc_proximity_close,warn,0.4968,0.12670000000000003,81.09073627263409,0.8390622034008295,loyal,False,"{'talk': 0.0972, 'warn': 0.4968, 'intimidate': -1.0, 'flee': 0.1674, 'help': 0.1179, 'report': 0.3701, 'trade': 0.1792, 'observe': 0.1784, 'idle': 0.1994}"
649,npc_649,player_attack,idle,0.4945,0.04089999999999999,94.42472802574878,0.08238888897348451,free,True,"{'flee': 0.0861, 'observe': 0.4536, 'idle': 0.4945}"
650,npc_650,npc_state_changed,help,0.3079,0.02040000000000003,74.78513859232987,0.31365363105578015,free,False,"{'talk': 0.2105, 'warn': 0.0049, 'intimidate': -0.4982, 'flee': -0.0485, 'attack': -0.4643, 'help': 0.3079, 'report': 0.1613, 'trade': 0.2875, 'observe': 0.039, 'idle': -0.0218}"
651,npc_651,weather_changed,warn,0.2434,0.021400000000000002,9.865073455299244,0.7124105790280589,coerced,True,"{'talk': 0.0724, 'warn': 0.2434, 'intimidate': -0.1992, 'flee': 0.0817, 'attack': -0.1386, 'help': 0.0601, 'report': 0.194, 'trade': 0.1034, 'observe': 0.1375, 'idle': 0.222}"
652,npc_652,object_moved,idle,0.0,0.5046,37.17837774573541,0.1416694193985435,broken,True,"{'talk': 0.0545, 'flee': 0.011, 'observe': 0.0568, 'idle': 0.1454, 'opp_attention_component': 0.0, 'opp_distance_component': 0.0, 'opp_weapon_component': 0.0, 'opp_allies_component': 0.0, 'opp_raw_score': 0.0, 'opp_threshold': 0.65}"
653,npc_653,npc_interacts_npc,trade,0.1728,0.019699999999999995,81.67246414663295,0.6265370971897478,deceptive,True,"{'talk': 0.0617, 'warn': -0.0454, 'intimidate': -0.14, 'flee': 0.0989, 'attack': -0.0614, 'help': 0.1018, 'report': -0.005, 'trade': 0.1728, 'observe': 0.1283, 'idle': 0.1531}"
654,npc_654,player_attack,talk,0.5185,0.13150000000000006,71.50233755306849,0.2864389589779438,broken,False,"{'talk': 0.5185, 'flee': 0.4658, 'observe': 0.3812, 'idle': 0.4702, 'opp_attention_component': 0.0, 'opp_distance_component': 0.0, 'opp_weapon_component': 0.0, 'opp_allies_component': 0.0, 'opp_raw_score': 0.0, 'opp_threshold': 0.65}"
655,npc_655,npc_interacts_npc,idle,0.4385,0.14300000000000002,3.8031256445458017,0.6936167911172592,deceptive,True,"{'talk': 0.16, 'warn': 0.1449, 'intimidate': -1.0, 'flee': 0.0976, 'attack': -1.0, 'help': 0.1485, 'report': 0.1735, 'trade': 0.0497, 'observe': 0.2955, 'idle': 0.4385}"
656,npc_656,sound_emitted,idle,0.457,0.25970000000000004,85.94875555516361,0.462035426502297,free,True,"{'talk': 0.1195, 'warn': 0.1002, 'intimidate': -1.0, 'flee': 0.1973, 'attack': -1.0, 'help': 0.1186, 'report': 0.1415, 'trade': 0.0698, 'observe': 0.1501, 'idle': 0.457}"
657,npc_657,idle,warn,0.6017,0.0766,14.336345007362471,0.6847628285373102,loyal,False,"{'talk': 0.1704, 'warn': 0.6017, 'intimidate': -0.2012, 'flee': -0.0127, 'help': 0.2236, 'report': 0.5251, 'trade': 0.5077, 'observe': 0.0063, 'idle': 0.0767}"
658,npc_658,movement,help,0.1793,0.005899999999999989,11.96420927122459,0.5636387582539211,deceptive,True,"{'talk': 0.1734, 'warn': 0.0637, 'intimidate': -0.2228, 'flee': -0.0415, 'attack': -0.1692, 'help': 0.1793, 'report': 0.1138, 'trade': 0.1071, 'observe': 0.0355, 'idle': 0.1025}"
659,npc_659,time_passed,idle,0.0,0.024000000000000007,87.94443112621839,0.7309785349246349,deceptive,True,"{'talk': 0.0881, 'warn': 0.0028, 'intimidate': 0.0331, 'flee': -0.0696, 'attack': -0.1363, 'help': 0.0746, 'report': 0.1218, 'trade': -0.0219, 'observe': 0.1127, 'idle': 0.1458}"
660,npc_660,proximity_leave,warn,0.2449,0.050100000000000006,94.18810934259918,0.7334492910825595,deceptive,True,"{'talk': -0.0601, 'warn': 0.2449, 'intimidate': -0.1082, 'flee': 0.1674, 'attack': -0.1585, 'help': -0.0782, 'report': 0.1108, 'trade': -0.0299, 'observe': 0.093, 'idle': 0.1948}"
661,npc_661,betrayal,idle,0.3111,0.10949999999999999,37.48166385591033,0.47023245028145744,deceptive,True,"{'talk': 0.0322, 'warn': -0.0128, 'intimidate': -0.0194, 'flee': -0.0085, 'attack': -0.0416, 'help': 0.091, 'report': 0.009, 'trade': 0.1629, 'observe': 0.2016, 'idle': 0.3111}"
662,npc_662,proximity_leave,idle,0.0,0.02550000000000001,38.59706712319918,0.7459716996597511,coerced,True,"{'talk': 0.0317, 'warn': -0.0522, 'intimidate': -0.2831, 'flee': 0.1461, 'attack': -0.2039, 'help': -0.0116, 'report': -0.0112, 'trade': 0.1206, 'observe': 0.0586, 'idle': 0.104}"
663,npc_663,npc_state_changed,idle,0.301,0.34900000000000003,2.1466068988060028,0.33150863537640063,broken,True,"{'talk': 0.0649, 'flee': 0.1164, 'observe': 0.2006, 'idle': 0.301, 'opp_attention_component': 0.0, 'opp_distance_component': 0.0, 'opp_weapon_component': 0.0, 'opp_allies_component': 0.0, 'opp_raw_score': 0.0, 'opp_threshold': 0.65}"
664,npc_664,object_changed,idle,0.8701,0.6456,90.08170580905774,0.5323051803576312,coerced,True,"{'flee': 0.2245, 'observe': 0.0984, 'idle': 0.8701}"
665,npc_665,npc_state_changed,talk,0.5157,0.21730000000000005,17.045795744015347,0.8179517042814509,loyal,True,"{'talk': 0.5157, 'warn': 0.0817, 'intimidate': -0.0368, 'flee': 0.1143, 'help': 0.2395, 'report': 0.2687, 'trade': 0.2106, 'observe': 0.2591, 'idle': 0.2984}"
666,npc_666,world_tick,talk,0.2631,0.3869,11.097181583119031,0.19713182718735267,broken,False,"{'talk': 0.2631, 'flee': 0.1515, 'observe': 0.0144, 'idle': 0.183, 'opp_attention_component': 0.0, 'opp_distance_component': 0.0, 'opp_weapon_component': 0.0, 'opp_allies_component': 0.0, 'opp_raw_score': 0.0, 'opp_threshold': 0.65}"
667,npc_667,idle,idle,0.7148,0.06479999999999997,64.9405116131931,0.9961539315652077,broken,True,"{'talk': 0.0561, 'flee': 0.0924, 'observe': 0.0799, 'idle': 0.7148, 'opp_attention_component': 0.0, 'opp_distance_component': 0.0, 'opp_weapon_component': 0.0, 'opp_allies_component': 0.0, 'opp_raw_score': 0.0, 'opp_threshold': 0.65}"
668,npc_668,smell_emitted,idle,0.3038,0.1552,69.52882831685537,0.36679389926154926,deceptive,True,"{'talk': 0.11, 'warn': 0.0836, 'intimidate': -0.091, 'flee': 0.1486, 'attack': -0.1615, 'help': 0.0942, 'report': 0.0694, 'trade': 0.0359, 'observe': 0.1083, 'idle': 0.3038}"
669,npc_669,player_helpers,idle,0.3196,0.08379999999999999,81.07550824323731,0.0744146270834447,coerced,True,"{'talk': -0.0099, 'warn': -0.0634, 'intimidate': -1.0, 'flee': 0.0636, 'attack': -1.0, 'help': 0.0114, 'report': -0.0088, 'trade': 0.0376, 'observe': 0.2358, 'idle': 0.3196}"
670,npc_670,unknown,talk,0.4223,0.12180000000000002,10.583273777786772,0.19952131001652895,free,True,"{'talk': 0.4223, 'warn': 0.0704, 'intimidate': -0.2506, 'flee': 0.0861, 'attack': -0.2158, 'help': 0.3005, 'report': -0.0246, 'trade': 0.114, 'observe': 0.1333, 'idle': 0.1607}"
671,npc_671,PLAYER_ATTACKED,help,0.4233,0.0731,60.54578252604155,0.6761593341217342,free,True,"{'talk': 0.2493, 'warn': 0.0337, 'intimidate': -0.2973, 'flee': 0.0167, 'attack': -0.2892, 'help': 0.4233, 'report': 0.1341, 'trade': 0.3502, 'observe': 0.0812, 'idle': 0.0716}"
672,npc_672,player_cast_spell,idle,0.4176,0.2324,16.24235763748584,0.601553964706376,broken,True,"{'talk': 0.3772, 'flee': 0.0819, 'observe': 0.3638, 'idle': 0.4176, 'opp_attention_component': 0.0, 'opp_distance_component': 0.0, 'opp_weapon_component': 0.0, 'opp_allies_component': 0.0, 'opp_raw_score': 0.0, 'opp_threshold': 0.65}"
673,npc_673,player_asks_why,explain,1.0,1.0,61.984538849927574,0.7644338078695512,free,False,{'explain': 1.0}
674,npc_674,player_used_item,idle,0.6041,0.46529999999999994,54.591690003199446,0.1705529394946953,deceptive,True,"{'talk': 0.1388, 'warn': -0.0334, 'intimidate': -1.0, 'flee': 0.0804, 'attack': -1.0, 'help': 0.1063, 'report': 0.0135, 'trade': -0.0638, 'observe': 0.0224, 'idle': 0.6041}"
675,npc_675,dialogue,idle,0.3314,0.12069999999999997,78.82653051370643,0.1493839278773833,deceptive,True,"{'talk': 0.0023, 'warn': 0.0553, 'intimidate': -0.1559, 'flee': 0.2107, 'attack': -0.1656, 'help': 0.0978, 'report': 0.1651, 'trade': 0.0518, 'observe': 0.1539, 'idle': 0.3314}"
676,npc_676,weather_changed,idle,0.661,0.6027,27.76695953886158,0.4991368907157796,coerced,True,"{'talk': 0.0538, 'warn': 0.0583, 'intimidate': -1.0, 'flee': 0.0475, 'attack': -1.0, 'help': -0.0838, 'report': 0.0075, 'trade': -0.0404, 'observe': -0.0549, 'idle': 0.661}"
677,npc_677,sound_emitted,trade,0.5023,0.07809999999999995,95.68567149937725,0.31061192366523716,loyal,False,"{'talk': 0.4242, 'warn': 0.2222, 'intimidate': -1.0, 'flee': 0.361, 'help': 0.2789, 'report': 0.1984, 'trade': 0.5023, 'observe': 0.3592, 'idle': 0.3301}"
678,npc_678,player_helpers,idle,0.5153,0.059099999999999986,94.4576750145857,0.9025540747682529,deceptive,True,"{'talk': 0.0999, 'warn': 0.3002, 'intimidate': -1.0, 'flee': 0.0884, 'attack': -1.0, 'help': -0.0058, 'report': 0.1636, 'trade': 0.217, 'observe': 0.4562, 'idle': 0.5153}"
679,npc_679,npc_moved,talk,0.2623,0.00269999999999998,46.975254185912796,0.09558265942441924,loyal,True,"{'talk': 0.2623, 'warn': 0.0554, 'intimidate': -1.0, 'flee': 0.2513, 'help': 0.0973, 'report': 0.163, 'trade': 0.2346, 'observe': 0.2596, 'idle': 0.2079}"
680,npc_680,proximity_close,idle,0.5335,0.04049999999999998,47.3746934880209,0.35616877544549685,loyal,True,"{'talk': 0.123, 'warn': 0.1294, 'intimidate': -1.0, 'flee': 0.0419, 'help': 0.0387, 'report': 0.184, 'trade': 0.0792, 'observe': 0.493, 'idle': 0.5335}"
681,npc_681,player_used_item,flee,0.1661,0.02429999999999999,52.35021918926276,0.37600890862190217,free,True,"{'talk': 0.0328, 'warn': 0.0336, 'intimidate': -1.0, 'flee': 0.1661, 'attack': -1.0, 'help': -0.0283, 'report': 0.1199, 'trade': 0.1291, 'observe': 0.1315, 'idle': 0.1418}"
682,npc_682,player_used_item,trade,0.1975,0.018700000000000022,44.41392776255426,0.4559432363208342,loyal,True,"{'talk': 0.152, 'warn': -0.0165, 'intimidate': -0.2519, 'flee': 0.0728, 'help': 0.1788, 'report': -0.0009, 'trade': 0.1975, 'observe': 0.0173, 'idle': -0.0232}"
683,npc_683,PLAYER_SPOKE,observe,0.4331,0.12839999999999996,62.889033879533116,0.32661046544523575,free,True,"{'talk': 0.2207, 'warn': -0.0818, 'intimidate': -1.0, 'flee': 0.2926, 'attack': -1.0, 'help': 0.0631, 'report': 0.0515, 'trade': 0.2969, 'observe': 0.4331, 'idle': 0.3047}"
684,npc_684,player_cast_spell,idle,0.3082,0.05789999999999995,9.185940589502128,0.08115872303129568,free,True,"{'talk': 0.2503, 'warn': 0.2183, 'intimidate': -0.0531, 'flee': 0.0892, 'attack': -0.0607, 'help': 0.2384, 'report': 0.1578, 'trade': -0.0063, 'observe': 0.0225, 'idle': 0.3082}"
685,npc_685,unknown,warn,0.3468,0.010299999999999976,23.926537526036928,0.052483101508785435,coerced,True,"{'talk': 0.1978, 'warn': 0.3468, 'intimidate': -1.0, 'flee': 0.2704, 'attack': -1.0, 'help': 0.2664, 'report': 0.3099, 'trade': -0.0292, 'observe': 0.188, 'idle': 0.3365}"
686,npc_686,player_used_item,talk,0.311,0.04349999999999998,2.351313583286152,0.067961536646858,free,True,"{'talk': 0.311, 'warn': 0.0111, 'intimidate': -0.1369, 'flee': 0.2523, 'attack': -0.2691, 'help': 0.1439, 'report': -0.076, 'trade': 0.1069, 'observe': 0.2547, 'idle': 0.2675}"
687,npc_687,dialogue,idle,0.3268,0.32320000000000004,26.564672258692024,0.834822343301668,broken,True,"{'talk': 0.1542, 'flee': 0.0544, 'observe': 0.1574, 'idle': 0.3268, 'opp_attention_component': 0.0, 'opp_distance_component': 0.0, 'opp_weapon_component': 0.0, 'opp_allies_component': 0.0, 'opp_raw_score': 0.0, 'opp_threshold': 0.65}"
688,npc_688,npc_proximity_leave,observe,0.5646,0.14529999999999998,74.28134078762199,0.570206975457836,coerced,True,"{'talk': 0.0942, 'warn': 0.3153, 'intimidate': -1.0, 'flee': 0.3337, 'attack': -1.0, 'help': 0.0591, 'report': 0.2898, 'trade': 0.1549, 'observe': 0.5646, 'idle': 0.4193}"
689,npc_689,player_moved,idle,0.6231,0.04269999999999996,20.635269954497147,0.32735879315349703,loyal,True,"{'talk': 0.2134, 'warn': 0.1018, 'intimidate': -1.0, 'flee': 0.0899, 'help': 0.1156, 'report': 0.1228, 'trade': 0.1058, 'observe': 0.5804, 'idle': 0.6231}"
690,npc_690,object_destroyed,flee,0.3098,0.0027000000000000357,94.67871135043451,0.3814209157880263,coerced,False,"{'flee': 0.3098, 'observe': 0.2504, 'idle': 0.3071}"
691,npc_691,world_tick,request_service,0.4098,0.0928,14.183808313850799,0.9832830637734884,free,False,"{'talk': -0.0447, 'warn': -0.0146, 'intimidate': -1.0, 'flee': 0.0807, 'attack': -1.0, 'help': 0.054, 'report': -0.0353, 'trade': -0.0676, 'observe': -0.0852, 'block_path': 0.1776, 'ambush': 0.0988, 'seek_ally': 0.0453, 'offer_job': 0.2307, 'request_service': 0.4098, 'spread_rumor': 0.0317, 'call_for_help': 0.0669, 'change_role': 0.317, 'idle': 0.0857}"
692,npc_692,player_asks_why,explain,1.0,1.0,73.1434022574138,0.6780192656623201,deceptive,True,{'explain': 1.0}
693,npc_693,help,idle,0.3952,0.2691,96.31896083950367,0.8103539273287995,free,True,"{'flee': 0.1261, 'observe': 0.0397, 'idle': 0.3952}"
694,npc_694,player_insults,idle,0.2989,0.3511,65.8601342900253,0.14569569618039746,broken,True,"{'talk': 0.1289, 'flee': 0.2099, 'observe': 0.0998, 'idle': 0.2989, 'opp_attention_component': 0.0, 'opp_distance_component': 0.0, 'opp_weapon_component': 0.0, 'opp_allies_component': 0.0, 'opp_raw_score': 0.0, 'opp_threshold': 0.65}"
695,npc_695,player_cast_spell,talk,0.6272,0.15199999999999997,25.320030662992853,0.6454641406726477,loyal,True,"{'talk': 0.6272, 'warn': 0.0745, 'intimidate': -1.0, 'flee': -0.024, 'help': -0.0092, 'report': 0.0771, 'trade': 0.0032, 'observe': 0.3851, 'idle': 0.4752}"
696,npc_696,npc_interacts_npc,report,0.4132,0.052800000000000014,8.174339550318843,0.5013836439251657,free,False,"{'talk': -0.0208, 'warn': 0.3604, 'intimidate': -0.254, 'flee': 0.1009, 'attack': -0.3873, 'help': 0.0894, 'report': 0.4132, 'trade': 0.2278, 'observe': 0.0711, 'idle': 0.156}"
697,npc_697,player_used_item,idle,0.5399,0.12810000000000005,81.93608998715857,0.40799844777435756,free,True,"{'talk': 0.4118, 'warn': 0.0064, 'intimidate': -1.0, 'flee': 0.2013, 'attack': -1.0, 'help': 0.1782, 'report': 0.0954, 'trade': 0.134, 'observe': 0.3497, 'idle': 0.5399}"
698,npc_698,dialogue,talk,0.4516,0.027200000000000002,30.28576063009497,0.9515505717284556,free,False,"{'talk': 0.4516, 'warn': 0.1264, 'intimidate': -0.4337, 'flee': 0.1227, 'attack': -0.4753, 'help': 0.4244, 'report': 0.1101, 'trade': 0.1532, 'observe': 0.1275, 'idle': -0.0462}"
699,npc_699,player_moved,warn,0.3422,0.06259999999999999,37.491593665218645,0.9195556899788937,loyal,False,"{'talk': 0.1123, 'warn': 0.3422, 'intimidate': -0.4739, 'flee': 0.0686, 'help': 0.1587, 'report': 0.2796, 'trade': 0.0774, 'observe': -0.0154, 'idle': 0.0535}"
700,npc_700,theft,idle,0.4951,0.19269999999999998,94.91223094713862,0.37996729492151415,free,True,"{'talk': 0.164, 'warn': 0.1116, 'intimidate': -1.0, 'flee': 0.3024, 'attack': -1.0, 'help': 0.2519, 'report': 0.0443, 'trade': 0.2045, 'observe': 0.2496, 'idle': 0.4951}"
701,npc_701,player_threatens,talk,0.2587,0.0348,30.981357807387234,0.2165553541013393,free,True,"{'talk': 0.2587, 'warn': -0.0163, 'intimidate': 0.089, 'flee': 0.0699, 'attack': 0.0429, 'help': 0.0206, 'report': 0.0982, 'trade': 0.0195, 'observe': 0.1638, 'idle': 0.2239}"
702,npc_702,object_moved,idle,0.352,0.12479999999999997,25.32043053631563,0.17391867862836818,coerced,False,"{'talk': 0.1959, 'warn': 0.2272, 'intimidate': -1.0, 'flee': 0.198, 'attack': -1.0, 'help': 0.1172, 'report': 0.1856, 'trade': -0.0684, 'observe': 0.2142, 'idle': 0.352}"
703,npc_703,saved_life,report,0.1704,0.0798,77.24626688414783,0.34007041056130516,deceptive,True,"{'talk': 0.0757, 'warn': 0.0344, 'intimidate': -0.0028, 'flee': 0.0897, 'attack': -0.1086, 'help': 0.0263, 'report': 0.1704, 'trade': -0.0807, 'observe': -0.0118, 'idle': 0.0906}"
704,npc_704,player_attacks,observe,0.2073,0.011200000000000015,70.84088066605867,0.5434846289927371,free,True,"{'talk': 0.0104, 'warn': 0.188, 'intimidate': -0.2535, 'flee': 0.1052, 'attack': -0.2366, 'help': -0.0575, 'report': 0.0144, 'trade': 0.1961, 'observe': 0.2073, 'idle': 0.1398}"
705,npc_705,npc_moved,observe,0.1692,0.07319999999999999,2.410927535590024,0.19651704613940502,loyal,True,"{'talk': 0.096, 'warn': 0.0374, 'intimidate': -0.1441, 'flee': -0.0407, 'help': 0.0804, 'report': 0.079, 'trade': 0.0288, 'observe': 0.1692, 'idle': 0.0936}"
706,npc_706,player_asks_why,explain,1.0,1.0,1.1193620948929728,0.11275258306088387,loyal,False,{'explain': 1.0}
707,npc_707,intimidation,warn,0.4927,0.0012000000000000344,62.70297955081077,0.6670823479216961,coerced,False,"{'talk': 0.1858, 'warn': 0.4927, 'intimidate': -1.0, 'flee': 0.4124, 'attack': -1.0, 'help': 0.0883, 'report': 0.4915, 'trade': 0.4351, 'observe': 0.3042, 'idle': 0.444}"
708,npc_708,proximity_close,talk,0.4074,0.18089999999999998,78.06319996314409,0.9307799814170765,loyal,True,"{'talk': 0.4074, 'warn': 0.0859, 'intimidate': -0.0361, 'flee': 0.0093, 'help': 0.0027, 'report': -0.0056, 'trade': 0.0167, 'observe': 0.2265, 'idle': 0.1979}"
709,npc_709,npc_proximity_leave,observe,0.3535,0.1276,3.091401172665087,0.8916504664499164,free,True,"{'talk': 0.1343, 'warn': 0.2259, 'intimidate': -1.0, 'flee': 0.0748, 'attack': -1.0, 'help': -0.0067, 'report': 0.2102, 'trade': 0.0776, 'observe': 0.3535, 'idle': 0.2011}"
710,npc_710,npc_proximity_close,report,0.533,0.12910000000000005,69.52495616688405,0.6610088257924919,deceptive,True,"{'talk': 0.1935, 'warn': 0.4039, 'intimidate': -1.0, 'flee': 0.1628, 'attack': -1.0, 'help': 0.0159, 'report': 0.533, 'trade': 0.1006, 'observe': 0.2999, 'idle': 0.3781}"
711,npc_711,help,observe,0.2861,0.041600000000000026,56.60149245803547,0.8257352138683086,deceptive,True,"{'talk': 0.0893, 'warn': 0.2445, 'intimidate': -1.0, 'flee': 0.0544, 'attack': -1.0, 'help': 0.0453, 'report': 0.2106, 'trade': 0.1277, 'observe': 0.2861, 'idle': 0.2206}"
712,npc_712,player_used_item,idle,0.3624,0.2876,17.341560957737833,0.6385953593777651,broken,True,"{'talk': 0.0563, 'flee': -0.0255, 'observe': 0.2723, 'idle': 0.3624, 'opp_attention_component': 0.0, 'opp_distance_component': 0.0, 'opp_weapon_component': 0.0, 'opp_allies_component': 0.0, 'opp_raw_score': 0.0, 'opp_threshold': 0.65}"
713,npc_713,player_interacts,idle,0.6011,0.5353,81.31145279905454,0.18892808863514043,deceptive,True,"{'talk': 0.0658, 'warn': 0.065, 'intimidate': -0.1006, 'flee': -0.1156, 'attack': -0.123, 'help': -0.0563, 'report': 0.0145, 'trade': -0.0664, 'observe': 0.0551, 'idle': 0.6011}"
714,npc_714,player_threatens,observe,0.5371,0.022199999999999998,13.972736284959852,0.9941899780519466,free,True,"{'talk': 0.292, 'warn': 0.08, 'intimidate': -1.0, 'flee': 0.3896, 'attack': -1.0, 'help': 0.1739, 'report': 0.0915, 'trade': 0.1876, 'observe': 0.5371, 'idle': 0.5149}"
715,npc_715,proximity_leave,idle,0.5114,0.13860000000000006,71.9571957567139,0.22043760581546945,broken,True,"{'talk': 0.1555, 'flee': 0.0755, 'observe': 0.4126, 'idle': 0.5114, 'opp_attention_component': 0.0, 'opp_distance_component': 0.0, 'opp_weapon_component': 0.0, 'opp_allies_component': 0.0, 'opp_raw_score': 0.0, 'opp_threshold': 0.65}"
716,npc_716,player_helpers,talk,0.2219,0.029199999999999976,97.86724967813939,0.09568365846718063,coerced,True,"{'talk': 0.2219, 'warn': 0.093, 'intimidate': -0.1081, 'flee': 0.027, 'attack': -0.0983, 'help': 0.1927, 'report': 0.1797, 'trade': -0.0909, 'observe': 0.1434, 'idle': 0.1803}"
717,npc_717,player_interacts,talk,0.4738,0.18469999999999998,40.85346140893177,0.8881184114849233,deceptive,False,"{'talk': 0.4738, 'warn': 0.0776, 'intimidate': -0.5635, 'flee': -0.2515, 'attack': -0.4815, 'help': 0.2463, 'report': 0.039, 'trade': 0.2277, 'observe': 0.2891, 'idle': 0.1664}"
718,npc_718,player_threatens,help,0.1545,0.002799999999999997,14.451573568177512,0.6832784442429563,deceptive,True,"{'talk': 0.0977, 'warn': 0.1214, 'intimidate': 0.0308, 'flee': 0.0137, 'attack': 0.1131, 'help': 0.1545, 'report': 0.1063, 'trade': 0.0188, 'observe': 0.149, 'idle': 0.1517}"
719,npc_719,player_attack,flee,0.5841,0.04159999999999997,38.88698784385362,0.4909574719987202,deceptive,False,"{'talk': 0.2614, 'warn': 0.089, 'intimidate': -1.0, 'flee': 0.5841, 'attack': -1.0, 'help': 0.1743, 'report': 0.1375, 'trade': 0.1666, 'observe': 0.5425, 'idle': 0.5249}"
720,npc_720,intimidation,trade,0.3279,0.09690000000000001,4.797852606110453,0.15875367144030905,loyal,False,"{'talk': 0.231, 'warn': 0.22, 'intimidate': 0.205, 'flee': 0.1263, 'help': 0.0478, 'report': 0.2069, 'trade': 0.3279, 'observe': 0.0796, 'idle': 0.0221}"
721,npc_721,player_moved,idle,0.3762,0.1601,62.09446493696162,0.8718278851646101,coerced,True,"{'talk': -0.0018, 'warn': 0.1891, 'intimidate': -1.0, 'flee': 0.1216, 'attack': -1.0, 'help': 0.0727, 'report': 0.1394, 'trade': 0.0467, 'observe': 0.2161, 'idle': 0.3762}"
722,npc_722,PLAYER_SPOKE,talk,0.5447,0.18029999999999996,77.90593166838372,0.1789239805394307,coerced,True,"{'talk': 0.5447, 'warn': -0.0294, 'intimidate': 0.0574, 'flee': 0.0618, 'attack': 0.0851, 'help': 0.1138, 'report': 0.174, 'trade': -0.0416, 'observe': 0.3632, 'idle': 0.3644}"
723,npc_723,npc_proximity_close,observe,0.2894,0.10719999999999999,24.192556635803196,0.783157455021717,deceptive,True,"{'talk': 0.1822, 'warn': -0.0157, 'intimidate': -1.0, 'flee': 0.0845, 'attack': -1.0, 'help': 0.1365, 'report': 0.0559, 'trade': -0.0641, 'observe': 0.2894, 'idle': 0.1757}"
724,npc_724,player_interacts,observe,0.9248,0.40069999999999995,55.03157492091428,0.46662021400112574,loyal,True,"{'talk': 0.283, 'warn': -0.0382, 'intimidate': -1.0, 'flee': -0.0434, 'help': 0.1005, 'report': -0.0395, 'trade': 0.0715, 'observe': 0.9248, 'idle': 0.5241}"
725,npc_725,PLAYER_SPOKE,idle,0.0,0.5067,99.47145906649624,0.9041652039618269,broken,True,"{'talk': 0.068, 'flee': 0.0929, 'observe': 0.0797, 'idle': 0.1433, 'opp_attention_component': 0.0, 'opp_distance_component': 0.0, 'opp_weapon_component': 0.0, 'opp_allies_component': 0.0, 'opp_raw_score': 0.0, 'opp_threshold': 0.65}"
726,npc_726,movement,idle,0.307,0.12459999999999999,90.3663675777808,0.7128902782887571,coerced,True,"{'flee': 0.0386, 'observe': 0.1824, 'idle': 0.307}"
727,npc_727,object_destroyed,report,0.2579,0.04350000000000001,59.82364661540913,0.4771080988684625,deceptive,False,"{'talk': 0.1799, 'warn': 0.1764, 'intimidate': -0.3553, 'flee': -0.0764, 'attack': -0.3888, 'help': 0.2144, 'report': 0.2579, 'trade': 0.1223, 'observe': 0.055, 'idle': -0.0896}"
728,npc_728,player_used_item,flee,0.2747,0.0,40.34120539876888,0.6217726716886808,free,False,"{'talk': 0.1452, 'warn': 0.2711, 'intimidate': -1.0, 'flee': 0.2747, 'attack': -1.0, 'help': 0.1353, 'report': 0.2747, 'trade': 0.1385, 'observe': 0.1928, 'idle': 0.2266}"
729,npc_729,player_threatens,idle,0.186,0.0504,26.710584866964425,0.09318960172589386,deceptive,True,"{'talk': 0.1125, 'warn': -0.0845, 'intimidate': 0.0801, 'flee': 0.0633, 'attack': -0.0921, 'help': 0.0159, 'report': -0.0433, 'trade': 0.134, 'observe': 0.1356, 'idle': 0.186}"
730,npc_730,player_talks,trade,0.3006,0.01689999999999997,16.339144005507713,0.7870121528661926,coerced,True,"{'talk': 0.2518, 'warn': 0.0155, 'intimidate': -1.0, 'flee': 0.2094, 'attack': -1.0, 'help': 0.2414, 'report': 0.0103, 'trade': 0.3006, 'observe': 0.1681, 'idle': 0.2837}"
731,npc_731,npc_proximity_leave,idle,0.2863,0.1553,66.77518612292207,0.6826014316004858,coerced,True,"{'talk': 0.0447, 'warn': 0.0009, 'intimidate': -0.0215, 'flee': 0.0082, 'attack': -0.1103, 'help': 0.0343, 'report': -0.0311, 'trade': 0.0762, 'observe': 0.131, 'idle': 0.2863}"
732,npc_732,npc_interacts_npc,idle,0.0,0.025499999999999995,84.44881944617364,0.464347577878644,free,True,"{'talk': 0.0324, 'warn': 0.0298, 'intimidate': -0.1732, 'flee': 0.1086, 'attack': -0.1529, 'help': 0.1341, 'report': 0.0491, 'trade': 0.0905, 'observe': -0.0093, 'idle': 0.0162}"
733,npc_733,player_cast_spell,idle,0.4158,0.3532,41.42228996245125,0.37038009701837893,deceptive,True,"{'talk': -0.0282, 'warn': 0.0626, 'intimidate': -1.0, 'flee': -0.0062, 'attack': -1.0, 'help': -0.069, 'report': -0.0044, 'trade': 0.0102, 'observe': 0.0437, 'idle': 0.4158}"
734,npc_734,combat,observe,0.2772,0.1533,8.209486367039565,0.5403704526166813,free,True,"{'talk': 0.0631, 'warn': 0.0531, 'intimidate': 0.019, 'flee': -0.0261, 'attack': 0.0366, 'help': 0.0617, 'report': 0.1239, 'trade': 0.1063, 'observe': 0.2772, 'idle': 0.1022}"
735,npc_735,sound_emitted,talk,0.3043,0.11480000000000001,9.99713095943796,0.0395137191888939,coerced,True,"{'talk': 0.3043, 'warn': -0.0038, 'intimidate': -1.0, 'flee': -0.0522, 'attack': -1.0, 'help': 0.1102, 'report': -0.0331, 'trade': 0.1185, 'observe': 0.1562, 'idle': 0.1895}"
736,npc_736,intimidation,observe,0.6648,0.0857,77.60751672084832,0.2237919098811747,deceptive,True,"{'talk': 0.1151, 'warn': 0.1099, 'intimidate': -1.0, 'flee': 0.2342, 'attack': -1.0, 'help': 0.042, 'report': 0.1361, 'trade': 0.0099, 'observe': 0.6648, 'idle': 0.5791}"
737,npc_737,player_asks_why,explain,1.0,1.0,32.6609650332833,0.15521907833812865,loyal,False,{'explain': 1.0}
738,npc_738,player_interacts,trade,0.2024,0.0878,94.25787305209091,0.9374361985110549,deceptive,False,"{'talk': -0.0208, 'warn': -0.0116, 'intimidate': -0.5703, 'flee': 0.0163, 'attack': -0.6008, 'help': -0.0676, 'report': 0.0935, 'trade': 0.2024, 'observe': 0.1146, 'idle': 0.0383}"
739,npc_739,weather_changed,trade,0.304,0.037099999999999966,44.96122459538523,0.7073845373269051,loyal,True,"{'talk': 0.1073, 'warn': 0.0823, 'intimidate': -0.0716, 'flee': 0.0814, 'help': 0.1178, 'report': 0.2669, 'trade': 0.304, 'observe': 0.1355, 'idle': 0.1072}"
740,npc_740,player_attacks,talk,0.1585,0.49150000000000005,41.787019400633184,0.7113652180356009,broken,True,"{'talk': 0.1585, 'flee': 0.1062, 'observe': -0.0051, 'idle': 0.0126, 'opp_attention_component': 0.0, 'opp_distance_component': 0.0, 'opp_weapon_component': 0.0, 'opp_allies_component': 0.0, 'opp_raw_score': 0.0, 'opp_threshold': 0.65}"
741,npc_741,movement,observe,0.279,0.061600000000000016,61.24637866510319,0.9498169402127793,deceptive,True,"{'talk': 0.0672, 'warn': 0.1073, 'intimidate': -0.165, 'flee': -0.0044, 'attack': -0.2483, 'help': 0.0263, 'report': -0.0535, 'trade': 0.2174, 'observe': 0.279, 'idle': 0.1937}"
742,npc_742,light_changed,idle,0.4957,0.05509999999999998,44.92713381700255,0.03871047360253532,loyal,True,"{'talk': 0.1053, 'warn': 0.2624, 'intimidate': -1.0, 'flee': 0.2878, 'help': 0.0386, 'report': 0.1252, 'trade': 0.0652, 'observe': 0.4406, 'idle': 0.4957}"
743,npc_743,theft,talk,0.2559,0.3941,93.99169043954838,0.7327500938969084,broken,False,"{'talk': 0.2559, 'flee': 0.0959, 'observe': 0.0807, 'idle': 0.1563, 'opp_attention_component': 0.0, 'opp_distance_component': 0.0, 'opp_weapon_component': 0.0, 'opp_allies_component': 0.0, 'opp_raw_score': 0.0, 'opp_threshold': 0.65}"
744,npc_744,npc_proximity_close,idle,0.0,0.5223,42.95004835700757,0.4798645155183292,broken,True,"{'talk': -0.0349, 'flee': 0.0068, 'observe': 0.1219, 'idle': 0.1277, 'opp_attention_component': 0.0, 'opp_distance_component': 0.0, 'opp_weapon_component': 0.0, 'opp_allies_component': 0.0, 'opp_raw_score': 0.0, 'opp_threshold': 0.65}"
745,npc_745,PLAYER_ATTACKED,warn,0.222,0.0025000000000000022,6.858976987172483,0.8530302862607152,coerced,False,"{'talk': 0.042, 'warn': 0.222, 'intimidate': -0.2902, 'flee': 0.2195, 'attack': -0.2696, 'help': 0.0339, 'report': 0.2186, 'trade': 0.028, 'observe': 0.0994, 'idle': 0.0363}"
746,npc_746,player_attack,talk,0.4444,0.2056,35.62590613141657,0.8066018982924532,broken,False,"{'talk': 0.4444, 'flee': 0.1383, 'observe': 0.0095, 'idle': 0.0843, 'opp_attention_component': 0.0, 'opp_distance_component': 0.0, 'opp_weapon_component': 0.0, 'opp_allies_component': 0.0, 'opp_raw_score': 0.0, 'opp_threshold': 0.65}"
747,npc_747,player_interacts,observe,0.3869,0.14020000000000002,35.13825836016916,0.7567563163668033,loyal,True,"{'talk': 0.2467, 'warn': -0.0016, 'intimidate': -0.3034, 'flee': -0.0566, 'help': 0.1092, 'report': -0.0301, 'trade': 0.1493, 'observe': 0.3869, 'idle': 0.2017}"
748,npc_748,PLAYER_ATTACKED,talk,0.2573,0.39270000000000005,89.99705317762839,0.5709392976419736,broken,True,"{'talk': 0.2573, 'flee': 0.068, 'observe': 0.1279, 'idle': -0.0242, 'opp_attention_component': 0.0, 'opp_distance_component': 0.0, 'opp_weapon_component': 0.0, 'opp_allies_component': 0.0, 'opp_raw_score': 0.0, 'opp_threshold': 0.65}"
749,npc_749,idle,talk,0.4797,0.1703,72.59036806343792,0.03248009671379781,broken,True,"{'talk': 0.4797, 'flee': -0.0224, 'observe': 0.0104, 'idle': 0.0982, 'opp_attention_component': 0.0, 'opp_distance_component': 0.0, 'opp_weapon_component': 0.0, 'opp_allies_component': 0.0, 'opp_raw_score': 0.0, 'opp_threshold': 0.65}"
750,npc_750,player_moved,idle,0.1807,0.0626,97.5129556141513,0.7386283971355865,free,True,"{'talk': 0.0127, 'warn': -0.0656, 'intimidate': -0.3812, 'flee': 0.1181, 'attack': -0.2755, 'help': -0.0438, 'report': 0.1031, 'trade': 0.0582, 'observe': 0.0775, 'idle': 0.1807}"
751,npc_751,dialogue,warn,0.5019,0.027700000000000002,18.26189575822007,0.23151937908737885,loyal,False,"{'talk': 0.4243, 'warn': 0.5019, 'intimidate': -0.1549, 'flee': 0.2754, 'help': 0.3741, 'report': 0.4312, 'trade': 0.4742, 'observe': 0.3617, 'idle': 0.3547}"
752,npc_752,weather_changed,help,0.3794,0.0024000000000000132,65.7897512117524,0.06874755095180096,loyal,False,"{'talk': 0.377, 'warn': -0.0406, 'intimidate': -0.4479, 'flee': 0.1769, 'help': 0.3794, 'report': -0.0133, 'trade': 0.0237, 'observe': 0.2985, 'idle': 0.2779}"
753,npc_753,npc_moved,talk,0.2801,0.14150000000000001,70.06974657378508,0.4703156740845581,coerced,True,"{'talk': 0.2801, 'warn': 0.0817, 'intimidate': -0.066, 'flee': 0.099, 'attack': 0.0059, 'help': 0.0419, 'report': 0.1334, 'trade': 0.1386, 'observe': -0.0133, 'idle': 0.0812}"
754,npc_754,player_interacts,idle,0.7631,0.5212,61.32579570031336,0.2927063058634688,loyal,True,"{'talk': 0.0281, 'warn': 0.0306, 'intimidate': -1.0, 'flee': -0.1117, 'help': -0.0084, 'report': 0.0081, 'trade': 0.1309, 'observe': 0.2419, 'idle': 0.7631}"
755,npc_755,PLAYER_ATTACKED,talk,0.5439,0.058300000000000074,74.67856351504936,0.8144462305368524,coerced,True,"{'talk': 0.5439, 'warn': 0.1266, 'intimidate': -1.0, 'flee': 0.0282, 'attack': -1.0, 'help': 0.0945, 'report': 0.2337, 'trade': 0.0863, 'observe': 0.4548, 'idle': 0.4856}"
756,npc_756,idle,trade,0.1808,0.007099999999999995,41.335583557899035,0.14698755535717456,free,True,"{'talk': 0.1402, 'warn': 0.0358, 'intimidate': -0.3069, 'flee': 0.0236, 'attack': -0.2333, 'help': -0.047, 'report': 0.1737, 'trade': 0.1808, 'observe': 0.0513, 'idle': 0.1024}"
757,npc_757,world_tick,ambush,0.5082,0.014899999999999969,24.276850737566747,0.04893342593395156,deceptive,True,"{'talk': 0.0995, 'warn': 0.0187, 'intimidate': -0.2472, 'flee': -0.0166, 'attack': -0.0565, 'help': 0.1463, 'report': 0.2211, 'trade': 0.0475, 'observe': 0.1201, 'block_path': 0.4933, 'ambush': 0.5082, 'seek_ally': 0.3948, 'offer_job': 0.0242, 'request_service': -0.0009, 'spread_rumor': 0.3127, 'call_for_help': 0.4561, 'change_role': -0.0114, 'idle': 0.0907}"
758,npc_758,idle,idle,0.9139,0.2639,6.529503007594084,0.2243157360653808,broken,True,"{'talk': 0.0301, 'flee': 0.0699, 'observe': 0.1305, 'idle': 0.9139, 'opp_attention_component': 0.0, 'opp_distance_component': 0.0, 'opp_weapon_component': 0.0, 'opp_allies_component': 0.0, 'opp_raw_score': 0.0, 'opp_threshold': 0.65}"
759,npc_759,player_talks,idle,0.0,0.522,93.39762564353062,0.5220282320291636,broken,True,"{'talk': 0.128, 'flee': 0.0537, 'observe': -0.0105, 'idle': 0.0681, 'opp_attention_component': 0.0, 'opp_distance_component': 0.0, 'opp_weapon_component': 0.0, 'opp_allies_component': 0.0, 'opp_raw_score': 0.0, 'opp_threshold': 0.65}"
760,npc_760,unknown,flee,0.2983,0.3517,14.909630237982807,0.7696865316768913,broken,False,"{'talk': 0.107, 'flee': 0.2983, 'observe': 0.1618, 'idle': 0.1409, 'opp_attention_component': 0.0, 'opp_distance_component': 0.0, 'opp_weapon_component': 0.0, 'opp_allies_component': 0.0, 'opp_raw_score': 0.0, 'opp_threshold': 0.65}"
761,npc_761,player_threatens,report,0.2875,0.006799999999999973,56.40220072633587,0.19626874394906357,free,True,"{'talk': 0.0996, 'warn': 0.2807, 'intimidate': 0.0736, 'flee': 0.0512, 'attack': 0.101, 'help': 0.0517, 'report': 0.2875, 'trade': 0.1259, 'observe': 0.1964, 'idle': 0.2444}"
762,npc_762,world_tick,block_path,0.2188,0.028299999999999992,46.708287605911394,0.1026151603531893,loyal,True,"{'talk': 0.0873, 'warn': 0.0466, 'intimidate': -0.1071, 'flee': -0.0634, 'help': -0.0811, 'report': 0.0944, 'trade': 0.0087, 'observe': 0.0745, 'block_path': 0.2188, 'ambush': 0.1905, 'seek_ally': 0.0056, 'offer_job': 0.0904, 'request_service': 0.091, 'spread_rumor': -0.0354, 'call_for_help': 0.0614, 'change_role': 0.118, 'idle': -0.0974}"
763,npc_763,theft,report,0.8397,0.10760000000000003,61.17740356831185,0.5983234683937659,coerced,False,"{'talk': 0.3322, 'warn': 0.7321, 'intimidate': -1.0, 'flee': 0.3449, 'attack': -1.0, 'help': 0.2967, 'report': 0.8397, 'trade': -0.0763, 'observe': 0.2788, 'idle': 0.2921}"
764,npc_764,npc_state_changed,warn,0.4796,0.017100000000000004,27.766995877096733,0.3568996768692686,coerced,False,"{'talk': 0.2713, 'warn': 0.4796, 'intimidate': -0.2314, 'flee': 0.1626, 'attack': -0.249, 'help': 0.34, 'report': 0.4104, 'trade': 0.4625, 'observe': 0.0191, 'idle': 0.0884}"
765,npc_765,object_moved,idle,0.4867,0.014600000000000002,46.08551193868753,0.1345150398574091,coerced,True,"{'talk': -0.0068, 'warn': 0.2747, 'intimidate': -1.0, 'flee': 0.2089, 'attack': -1.0, 'help': 0.0349, 'report': 0.1733, 'trade': 0.123, 'observe': 0.4721, 'idle': 0.4867}"
766,npc_766,player_helpers,warn,0.459,0.10820000000000002,84.29077110655633,0.1575343252106396,deceptive,False,"{'talk': 0.0993, 'warn': 0.459, 'intimidate': -0.3278, 'flee': 0.1981, 'attack': -0.3904, 'help': 0.1427, 'report': 0.3508, 'trade': 0.2379, 'observe': 0.0846, 'idle': 0.1014}"
767,npc_767,player_insults,observe,0.3084,0.003500000000000003,53.284778193024266,0.42488631734352567,deceptive,True,"{'talk': 0.0524, 'warn': -0.0368, 'intimidate': -1.0, 'flee': 0.0498, 'attack': -1.0, 'help': 0.1019, 'report': 0.094, 'trade': -0.081, 'observe': 0.3084, 'idle': 0.3049}"
768,npc_768,weather_changed,idle,0.0,0.02819999999999999,79.66017998346508,0.7370035775025902,free,True,"{'talk': 0.1017, 'warn': 0.0736, 'intimidate': -0.0722, 'flee': 0.0381, 'attack': -0.2189, 'help': 0.117, 'report': 0.1027, 'trade': 0.0489, 'observe': 0.0689, 'idle': 0.1452}"
769,npc_769,smell_emitted,talk,0.5872,0.06279999999999997,24.149473413082124,0.5375664688165227,broken,True,"{'talk': 0.5872, 'flee': 0.1066, 'observe': 0.0693, 'idle': 0.2084, 'opp_attention_component': 0.0, 'opp_distance_component': 0.0, 'opp_weapon_component': 0.0, 'opp_allies_component': 0.0, 'opp_raw_score': 0.0, 'opp_threshold': 0.65}"
770,npc_770,player_cast_spell,idle,0.4146,0.2354,54.67262795579201,0.16463463516040844,broken,False,"{'talk': 0.3247, 'flee': 0.3157, 'observe': 0.2636, 'idle': 0.4146, 'opp_attention_component': 0.0, 'opp_distance_component': 0.0, 'opp_weapon_component': 0.0, 'opp_allies_component': 0.0, 'opp_raw_score': 0.0, 'opp_threshold': 0.65}"
771,npc_771,player_cast_spell,talk,0.4245,0.01319999999999999,43.89790578458433,0.057247577514244474,loyal,False,"{'talk': 0.4245, 'warn': 0.3088, 'intimidate': -1.0, 'flee': 0.3669, 'help': 0.2682, 'report': 0.2191, 'trade': 0.2977, 'observe': 0.3457, 'idle': 0.4113}"
772,npc_772,object_moved,observe,0.2697,0.11879999999999999,57.63850103319685,0.9102535975574486,coerced,True,"{'talk': -0.017, 'warn': 0.0862, 'intimidate': -0.2974, 'flee': 0.0117, 'attack': -0.2619, 'help': -0.012, 'report': 0.1509, 'trade': 0.0704, 'observe': 0.2697, 'idle': 0.0947}"
773,npc_773,player_cast_spell,observe,0.3887,0.0499,34.14891443303865,0.5300352212038532,loyal,False,"{'talk': 0.0963, 'warn': 0.2401, 'intimidate': -1.0, 'flee': 0.3388, 'help': 0.1268, 'report': 0.2572, 'trade': 0.0988, 'observe': 0.3887, 'idle': 0.2334}"
774,npc_774,sound_emitted,idle,0.6932,0.43900000000000006,62.501690886742786,0.4101834640063532,loyal,True,"{'talk': 0.114, 'warn': 0.1178, 'intimidate': -1.0, 'flee': 0.1179, 'help': 0.0885, 'report': 0.0644, 'trade': 0.2542, 'observe': 0.0998, 'idle': 0.6932}"
775,npc_775,idle,observe,0.3451,0.04880000000000001,86.52513279890758,0.8902049851104128,free,True,"{'talk': 0.0437, 'warn': 0.2963, 'intimidate': 0.0196, 'flee': 0.1105, 'attack': -0.1132, 'help': 0.0239, 'report': 0.167, 'trade': 0.0425, 'observe': 0.3451, 'idle': 0.2875}"
776,npc_776,player_moved,idle,0.3229,0.09190000000000001,24.222719039664366,0.4000826449623307,coerced,True,"{'talk': 0.231, 'warn': -0.0059, 'intimidate': -1.0, 'flee': 0.1276, 'attack': -1.0, 'help': 0.026, 'report': 0.0764, 'trade': -0.0421, 'observe': 0.1686, 'idle': 0.3229}"
777,npc_777,npc_proximity_close,idle,0.5423,0.10770000000000002,87.34441924153182,0.9822083907696032,broken,True,"{'talk': 0.1015, 'flee': 0.1331, 'observe': 0.3784, 'idle': 0.5423, 'opp_attention_component': 0.0, 'opp_distance_component': 0.0, 'opp_weapon_component': 0.0, 'opp_allies_component': 0.0, 'opp_raw_score': 0.0, 'opp_threshold': 0.65}"
778,npc_778,PLAYER_SPOKE,idle,0.2273,0.0305,66.8664374087802,0.7920937708004387,loyal,False,"{'talk': 0.0707, 'warn': -0.0245, 'intimidate': -1.0, 'flee': 0.1968, 'help': 0.1041, 'report': -0.0285, 'trade': 0.0843, 'observe': 0.1893, 'idle': 0.2273}"
779,npc_779,PLAYER_ATTACKED,talk,0.2355,0.0935,68.82573018962816,0.05752342934255317,coerced,True,"{'talk': 0.2355, 'warn': 0.1081, 'intimidate': 0.0758, 'flee': -0.0778, 'attack': 0.0753, 'help': 0.0069, 'report': 0.0651, 'trade': 0.1232, 'observe': -0.0011, 'idle': 0.142}"
780,npc_780,npc_interacts_npc,flee,0.3821,0.013899999999999968,9.005762707125308,0.4664500185940542,free,False,"{'talk': 0.0907, 'warn': 0.0762, 'intimidate': -1.0, 'flee': 0.3821, 'attack': -1.0, 'help': 0.0621, 'report': 0.0751, 'trade': 0.3042, 'observe': 0.3682, 'idle': 0.3194}"
781,npc_781,npc_spoke,idle,0.3913,0.25870000000000004,72.33608147266553,0.6118751672011136,broken,True,"{'talk': 0.2808, 'flee': 0.2847, 'observe': 0.2449, 'idle': 0.3913, 'opp_attention_component': 0.0, 'opp_distance_component': 0.0, 'opp_weapon_component': 0.0, 'opp_allies_component': 0.0, 'opp_raw_score': 0.0, 'opp_threshold': 0.65}"
782,npc_782,intimidation,talk,0.3797,0.24219999999999997,33.45884813266472,0.8375967561989773,free,True,"{'talk': 0.3797, 'warn': 0.1062, 'intimidate': -0.0408, 'flee': -0.0079, 'attack': 0.037, 'help': 0.1375, 'report': 0.0321, 'trade': -0.035, 'observe': 0.0697, 'idle': 0.0728}"
783,npc_783,theft,warn,1.175,0.17510000000000003,36.79048464428083,0.05794504341670825,free,False,"{'talk': 0.179, 'warn': 1.175, 'intimidate': -0.1776, 'flee': 0.3054, 'attack': -0.2236, 'help': 0.1678, 'report': 0.9999, 'trade': 0.0282, 'observe': 0.3199, 'idle': 0.3231}"
784,npc_784,player_attack,trade,0.2894,0.0499,19.470592715293677,0.21558560137874128,coerced,False,"{'talk': 0.184, 'warn': 0.108, 'intimidate': -0.407, 'flee': 0.0258, 'attack': -0.4871, 'help': 0.0942, 'report': 0.2395, 'trade': 0.2894, 'observe': 0.1182, 'idle': -0.066}"
785,npc_785,player_attack,idle,0.4015,0.03460000000000002,63.04779575858578,0.49237552982265,deceptive,False,"{'talk': 0.0505, 'warn': 0.1646, 'intimidate': -1.0, 'flee': 0.3669, 'attack': -1.0, 'help': 0.0273, 'report': 0.0569, 'trade': 0.0009, 'observe': 0.2968, 'idle': 0.4015}"
786,npc_786,npc_state_changed,talk,0.1506,0.4994,8.837974681088545,0.1539918160804219,broken,True,"{'talk': 0.1506, 'flee': 0.0352, 'observe': 0.1465, 'idle': 0.1036, 'opp_attention_component': 0.0, 'opp_distance_component': 0.0, 'opp_weapon_component': 0.0, 'opp_allies_component': 0.0, 'opp_raw_score': 0.0, 'opp_threshold': 0.65}"
787,npc_787,npc_proximity_leave,observe,0.3372,0.3128,42.44735595811305,0.6211786658380821,broken,True,"{'talk': -0.0313, 'flee': 0.1195, 'observe': 0.3372, 'idle': 0.2615, 'opp_attention_component': 0.0, 'opp_distance_component': 0.0, 'opp_weapon_component': 0.0, 'opp_allies_component': 0.0, 'opp_raw_score': 0.0, 'opp_threshold': 0.65}"
788,npc_788,player_helpers,trade,0.4124,0.031799999999999995,73.6658117873407,0.21196074957957456,loyal,False,"{'talk': 0.3806, 'warn': 0.2173, 'intimidate': -0.3176, 'flee': 0.0234, 'help': 0.3408, 'report': 0.2562, 'trade': 0.4124, 'observe': -0.0127, 'idle': 0.0079}"
789,npc_789,proximity_close,idle,0.4154,0.2511,93.49615947587287,0.25524401353969495,deceptive,True,"{'talk': 0.1629, 'warn': 0.0872, 'intimidate': -1.0, 'flee': 0.0224, 'attack': -1.0, 'help': 0.1643, 'report': 0.0279, 'trade': -0.0288, 'observe': -0.0391, 'idle': 0.4154}"
790,npc_790,npc_state_changed,idle,0.4744,0.17560000000000003,53.526460218079954,0.9519351465162724,broken,False,"{'talk': 0.2545, 'flee': 0.4445, 'observe': 0.3015, 'idle': 0.4744, 'opp_attention_component': 0.0, 'opp_distance_component': 0.0, 'opp_weapon_component': 0.0, 'opp_allies_component': 0.0, 'opp_raw_score': 0.0, 'opp_threshold': 0.65}"
791,npc_791,npc_spoke,idle,0.3665,0.1958,40.421217355068876,0.4078191043601771,loyal,True,"{'talk': 0.1267, 'warn': -0.0398, 'intimidate': -1.0, 'flee': 0.1707, 'help': 0.1299, 'report': 0.011, 'trade': 0.0386, 'observe': 0.1512, 'idle': 0.3665}"
792,npc_792,PLAYER_ATTACKED,idle,0.5794,0.027000000000000024,51.99937791133752,0.6024001010347904,coerced,True,"{'talk': 0.5189, 'warn': 0.1721, 'intimidate': -1.0, 'flee': 0.0798, 'attack': -1.0, 'help': 0.1031, 'report': 0.1476, 'trade': 0.0447, 'observe': 0.5524, 'idle': 0.5794}"
793,npc_793,object_moved,observe,0.2746,0.3754,34.13397299493841,0.1472423702942649,broken,True,"{'talk': 0.2594, 'flee': 0.0989, 'observe': 0.2746, 'idle': 0.1476, 'opp_attention_component': 0.0, 'opp_distance_component': 0.0, 'opp_weapon_component': 0.0, 'opp_allies_component': 0.0, 'opp_raw_score': 0.0, 'opp_threshold': 0.65}"
794,npc_794,object_changed,observe,0.4032,0.06790000000000002,88.22868775257285,0.31369468250503396,free,True,"{'talk': 0.0548, 'warn': 0.0761, 'intimidate': 0.0257, 'flee': 0.0372, 'attack': -0.0934, 'help': 0.0223, 'report': 0.1202, 'trade': 0.0011, 'observe': 0.4032, 'idle': 0.3353}"
795,npc_795,theft,warn,1.2202,0.05359999999999987,0.09781793245176029,0.6003924413820577,deceptive,False,"{'talk': 0.3822, 'warn': 1.2202, 'intimidate': -0.1552, 'flee': 0.2749, 'attack': -0.1504, 'help': 0.3688, 'report': 1.1666, 'trade': 0.107, 'observe': 0.3093, 'idle': 0.32}"
796,npc_796,player_used_item,idle,0.5351,0.1149,5.598625251701184,0.629862022448582,broken,False,"{'talk': 0.2681, 'flee': 0.3934, 'observe': 0.3454, 'idle': 0.5351, 'opp_attention_component': 0.0, 'opp_distance_component': 0.0, 'opp_weapon_component': 0.0, 'opp_allies_component': 0.0, 'opp_raw_score': 0.0, 'opp_threshold': 0.65}"
797,npc_797,smell_emitted,idle,0.2932,0.188,27.01215074719332,0.598835708808161,free,True,"{'talk': 0.0271, 'warn': -0.0185, 'intimidate': -1.0, 'flee': 0.0849, 'attack': -1.0, 'help': -0.035, 'report': 0.1052, 'trade': -0.0488, 'observe': 0.0037, 'idle': 0.2932}"
798,npc_798,PLAYER_SPOKE,idle,0.3502,0.2998,92.30900559402637,0.9324851676955684,broken,False,"{'talk': 0.139, 'flee': 0.2862, 'observe': 0.233, 'idle': 0.3502, 'opp_attention_component': 0.0, 'opp_distance_component': 0.0, 'opp_weapon_component': 0.0, 'opp_allies_component': 0.0, 'opp_raw_score': 0.0, 'opp_threshold': 0.65}"
799,npc_799,player_attacks,idle,0.0,0.054299999999999994,34.47411203072919,0.5446854153809458,free,True,"{'talk': 0.0599, 'warn': -0.0048, 'intimidate': 0.0263, 'flee': -0.0034, 'attack': -0.0266, 'help': -0.0551, 'report': 0.0501, 'trade': 0.0484, 'observe': 0.0521, 'idle': 0.1142}"
800,npc_800,player_attacks,idle,0.5128,0.137,97.64331083369643,0.44748935158801095,loyal,True,"{'flee': 0.189, 'observe': 0.3758, 'idle': 0.5128}"
801,npc_801,player_cast_spell,idle,0.4371,0.07979999999999998,28.476062413252034,0.6820487398663605,deceptive,True,"{'talk': 0.2304, 'warn': 0.2853, 'intimidate': -0.0947, 'flee': 0.1989, 'attack': 0.0112, 'help': 0.1513, 'report': 0.3573, 'trade': 0.1159, 'observe': 0.1293, 'idle': 0.4371}"
802,npc_802,player_insults,idle,0.4655,0.10700000000000004,53.624399622770234,0.2610983663754499,deceptive,True,"{'talk': 0.2746, 'warn': 0.0865, 'intimidate': -1.0, 'flee': 0.1713, 'attack': -1.0, 'help': 0.1025, 'report': 0.1195, 'trade': 0.0506, 'observe': 0.3585, 'idle': 0.4655}"
803,npc_803,light_changed,warn,0.2814,0.004599999999999993,54.351175339171085,0.3384712728031597,deceptive,False,"{'talk': 0.1759, 'warn': 0.2814, 'intimidate': -0.3997, 'flee': 0.1946, 'attack': -0.4505, 'help': 0.1565, 'report': 0.2768, 'trade': 0.2689, 'observe': 0.1578, 'idle': 0.0799}"
804,npc_804,help,talk,0.3428,0.044300000000000006,51.82773752502043,0.01546182755445169,deceptive,True,"{'talk': 0.3428, 'warn': 0.028, 'intimidate': -0.2439, 'flee': 0.0598, 'attack': -0.2175, 'help': 0.2985, 'report': 0.0864, 'trade': 0.0709, 'observe': 0.1553, 'idle': 0.1974}"
805,npc_805,player_insults,trade,0.2488,0.01899999999999999,93.70587624974617,0.15034051785237823,coerced,False,"{'talk': 0.0268, 'warn': 0.0956, 'intimidate': 0.0255, 'flee': 0.0887, 'attack': 0.1589, 'help': 0.1511, 'report': 0.0989, 'trade': 0.2488, 'observe': 0.2298, 'idle': 0.1342}"
806,npc_806,player_attacks,observe,0.2944,0.008699999999999986,28.880408989898353,0.15833696072454806,free,True,"{'talk': -0.0794, 'warn': 0.1553, 'intimidate': -1.0, 'flee': -0.0223, 'attack': -1.0, 'help': 0.0286, 'report': 0.1568, 'trade': 0.1114, 'observe': 0.2944, 'idle': 0.2857}"
807,npc_807,combat,observe,0.5151,0.13490000000000002,33.77209592322672,0.6295160283596609,broken,True,"{'talk': 0.2642, 'flee': 0.0997, 'observe': 0.5151, 'idle': 0.4714, 'opp_attention_component': 0.0, 'opp_distance_component': 0.0, 'opp_weapon_component': 0.0, 'opp_allies_component': 0.0, 'opp_raw_score': 0.0, 'opp_threshold': 0.65}"
808,npc_808,player_interacts,observe,0.3951,0.06869999999999998,39.04961830198871,0.6567267342415529,loyal,True,"{'talk': -0.041, 'warn': -0.019, 'intimidate': -1.0, 'flee': -0.1057, 'help': 0.0981, 'report': 0.063, 'trade': 0.2432, 'observe': 0.3951, 'idle': 0.3264}"
809,npc_809,unknown,talk,0.3197,0.33030000000000004,91.53182762597841,0.15391532210294157,broken,True,"{'talk': 0.3197, 'flee': 0.1492, 'observe': 0.1303, 'idle': 0.1071, 'opp_attention_component': 0.0, 'opp_distance_component': 0.0, 'opp_weapon_component': 0.0, 'opp_allies_component': 0.0, 'opp_raw_score': 0.0, 'opp_threshold': 0.65}"
810,npc_810,faction_event,idle,0.684,0.03400000000000003,66.35701126956695,0.390154431618297,broken,True,"{'talk': 0.0951, 'flee': 0.1465, 'observe': 0.1975, 'idle': 0.684, 'opp_attention_component': 0.0, 'opp_distance_component': 0.0, 'opp_weapon_component': 0.0, 'opp_allies_component': 0.0, 'opp_raw_score': 0.0, 'opp_threshold': 0.65}"
811,npc_811,player_moved,observe,0.1594,0.012399999999999994,39.406700578411844,0.6113874189120819,coerced,True,"{'talk': 0.147, 'warn': -0.0065, 'intimidate': -0.0745, 'flee': -0.0334, 'attack': -0.124, 'help': 0.12, 'report': 0.0805, 'trade': 0.0344, 'observe': 0.1594, 'idle': 0.1395}"
812,npc_812,theft,talk,0.3452,0.20600000000000002,68.05294894873882,0.3378879407228591,deceptive,True,"{'talk': 0.3452, 'warn': 0.1184, 'intimidate': -0.0706, 'flee': -0.007, 'attack': 0.0026, 'help': 0.1392, 'report': 0.1332, 'trade': 0.1329, 'observe': 0.0383, 'idle': 0.1089}"
813,npc_813,object_moved,observe,0.5746,0.050000000000000044,10.621062338302668,0.025659270224186348,loyal,True,"{'talk': 0.1041, 'warn': -0.0661, 'intimidate': -1.0, 'flee': 0.1427, 'help': 0.0411, 'report': 0.098, 'trade': 0.0829, 'observe': 0.5746, 'idle': 0.5246}"
814,npc_814,npc_spoke,idle,0.2768,0.04039999999999999,89.38671314143404,0.832397119054175,loyal,True,"{'talk': 0.2025, 'warn': 0.1265, 'intimidate': -0.252, 'flee': 0.0814, 'help': 0.2364, 'report': 0.1511, 'trade': 0.1177, 'observe': 0.0439, 'idle': 0.2768}"
815,npc_815,object_destroyed,talk,0.4267,0.2662,10.752263163602215,0.2165958712170457,loyal,True,"{'talk': 0.4267, 'warn': 0.0191, 'intimidate': 0.0453, 'flee': -0.0148, 'help': 0.1605, 'report': 0.034, 'trade': -0.0274, 'observe': 0.1009, 'idle': -0.0165}"
816,npc_816,PLAYER_SPOKE,warn,0.3302,0.020100000000000007,80.23825295947842,0.08713702883714569,coerced,True,"{'talk': -0.0385, 'warn': 0.3302, 'intimidate': -0.0528, 'flee': 0.1207, 'attack': -0.0601, 'help': 0.0728, 'report': 0.2334, 'trade': -0.0177, 'observe': 0.1677, 'idle': 0.3101}"
817,npc_817,saved_life,idle,0.3674,0.0008000000000000229,84.47021880317908,0.3483162552281738,coerced,True,"{'talk': 0.2056, 'warn': 0.0795, 'intimidate': -1.0, 'flee': 0.0888, 'attack': -1.0, 'help': 0.127, 'report': 0.1287, 'trade': 0.1471, 'observe': 0.3666, 'idle': 0.3674}"
818,npc_818,smell_emitted,idle,0.1902,0.4598,70.6101651026983,0.8931709652343002,broken,True,"{'talk': 0.0712, 'flee': 0.0121, 'observe': -0.0188, 'idle': 0.1902, 'opp_attention_component': 0.0, 'opp_distance_component': 0.0, 'opp_weapon_component': 0.0, 'opp_allies_component': 0.0, 'opp_raw_score': 0.0, 'opp_threshold': 0.65}"
819,npc_819,npc_spoke,idle,0.5538,0.032200000000000006,88.24899944618507,0.37250359832618407,coerced,False,"{'talk': 0.4756, 'warn': 0.4975, 'intimidate': -1.0, 'flee': 0.4863, 'attack': -1.0, 'help': 0.3184, 'report': 0.3603, 'trade': 0.0862, 'observe': 0.5216, 'idle': 0.5538}"
820,npc_820,time_passed,observe,0.2592,0.39080000000000004,20.409127051694576,0.18214903534945048,broken,True,"{'talk': -0.0492, 'flee': 0.0181, 'observe': 0.2592, 'idle': 0.1962, 'opp_attention_component': 0.0, 'opp_distance_component': 0.0, 'opp_weapon_component': 0.0, 'opp_allies_component': 0.0, 'opp_raw_score': 0.0, 'opp_threshold': 0.65}"
821,npc_821,player_moved,talk,0.5279,0.13400000000000006,71.93607833196036,0.7469001114842696,loyal,True,"{'talk': 0.5279, 'warn': -0.057, 'intimidate': -0.0308, 'flee': 0.1351, 'help': 0.1411, 'report': 0.0755, 'trade': 0.1324, 'observe': 0.3726, 'idle': 0.3939}"
822,npc_822,object_destroyed,idle,0.3619,0.2284,60.657923775324676,0.6269119628136564,free,True,"{'talk': 0.0227, 'warn': 0.0692, 'intimidate': -0.0323, 'flee': 0.0215, 'attack': -0.0419, 'help': 0.1242, 'report': 0.1335, 'trade': -0.0314, 'observe': 0.0522, 'idle': 0.3619}"
823,npc_823,smell_emitted,observe,0.3793,0.2707,66.51573066117426,0.3500877058511941,broken,True,"{'talk': 0.1215, 'flee': 0.1942, 'observe': 0.3793, 'idle': 0.2473, 'opp_attention_component': 0.0, 'opp_distance_component': 0.0, 'opp_weapon_component': 0.0, 'opp_allies_component': 0.0, 'opp_raw_score': 0.0, 'opp_threshold': 0.65}"
824,npc_824,npc_state_changed,idle,0.5029,0.09240000000000004,72.95562558043743,0.18165250657714216,free,True,"{'talk': 0.1568, 'warn': 0.4105, 'intimidate': -1.0, 'flee': 0.2959, 'attack': -1.0, 'help': 0.0925, 'report': 0.4072, 'trade': 0.3414, 'observe': 0.2062, 'idle': 0.5029}"
825,npc_825,npc_interacts_npc,report,0.1921,0.0413,95.51928011095121,0.4119402757403158,free,True,"{'talk': -0.0608, 'warn': 0.0828, 'intimidate': -0.0824, 'flee': -0.0261, 'attack': -0.1504, 'help': -0.021, 'report': 0.1921, 'trade': -0.0366, 'observe': 0.0656, 'idle': 0.1508}"
826,npc_826,player_threatens,report,0.1803,0.018799999999999983,85.56989796051505,0.939696127981405,free,True,"{'talk': 0.1615, 'warn': 0.0986, 'intimidate': 0.0994, 'flee': -0.0571, 'attack': 0.1074, 'help': 0.0156, 'report': 0.1803, 'trade': 0.1274, 'observe': -0.0232, 'idle': 0.1122}"
827,npc_827,player_attack,idle,0.0,0.0286,61.12128400466656,0.4468267232448415,loyal,True,"{'talk': -0.0572, 'warn': 0.1409, 'intimidate': -0.3692, 'flee': 0.1123, 'help': -0.0266, 'report': 0.105, 'trade': 0.0426, 'observe': -0.005, 'idle': -0.0542}"
828,npc_828,faction_event,help,0.3187,0.0363,13.827536686940899,0.5189449134694576,free,False,"{'talk': 0.1952, 'warn': 0.151, 'intimidate': -1.0, 'flee': 0.2824, 'attack': -1.0, 'help': 0.3187, 'report': 0.1725, 'trade': 0.2013, 'observe': 0.2505, 'idle': 0.161}"
829,npc_829,world_tick,idle,0.0,0.6114,51.86239965517871,0.34931292149124515,broken,True,"{'talk': -0.0734, 'flee': -0.0354, 'observe': 0.0386, 'idle': 0.0374, 'opp_attention_component': 0.0, 'opp_distance_component': 0.0, 'opp_weapon_component': 0.0, 'opp_allies_component': 0.0, 'opp_raw_score': 0.0, 'opp_threshold': 0.65}"
830,npc_830,player_helpers,talk,0.3711,0.263,81.46727276792072,0.1094808389262465,coerced,True,"{'talk': 0.3711, 'warn': 0.0843, 'intimidate': 0.0216, 'flee': -0.0474, 'attack': -0.1066, 'help': -0.0389, 'report': 0.0518, 'trade': -0.0445, 'observe': 0.0904, 'idle': 0.1081}"
831,npc_831,light_changed,talk,0.4313,0.13180000000000003,47.79687395482076,0.19285127562797544,coerced,False,"{'talk': 0.4313, 'warn': 0.1347, 'intimidate': -0.4791, 'flee': 0.2995, 'attack': -0.5896, 'help': 0.2941, 'report': 0.0652, 'trade': 0.2648, 'observe': 0.2288, 'idle': 0.2241}"
832,npc_832,proximity_leave,report,0.547,0.06370000000000003,11.807921429522994,0.46034475721501933,coerced,False,"{'talk': 0.1516, 'warn': 0.4833, 'intimidate': -0.1872, 'flee': 0.1434, 'attack': -0.2026, 'help': 0.1441, 'report': 0.547, 'trade': -0.0213, 'observe': 0.1548, 'idle': 0.1974}"
833,npc_833,npc_proximity_leave,trade,0.4154,0.07189999999999996,74.25796682054597,0.24867385028266398,coerced,False,"{'talk': 0.0971, 'warn': 0.1391, 'intimidate': -0.4155, 'flee': 0.1937, 'attack': -0.25, 'help': 0.2357, 'report': 0.2653, 'trade': 0.4154, 'observe': 0.2247, 'idle': 0.3435}"
834,npc_834,npc_moved,report,0.1648,0.037599999999999995,10.045867480412463,0.6830417170731998,coerced,True,"{'talk': 0.0809, 'warn': 0.1182, 'intimidate': -0.1147, 'flee': -0.0285, 'attack': 0.0111, 'help': -0.0077, 'report': 0.1648, 'trade': 0.0698, 'observe': -0.0131, 'idle': 0.1272}"
835,npc_835,world_tick,seek_ally,0.6254,0.05719999999999992,83.96460621876687,0.6551563888880317,coerced,True,"{'talk': 0.1485, 'warn': 0.2254, 'intimidate': -1.0, 'flee': 0.0209, 'attack': -1.0, 'help': -0.0118, 'report': 0.1117, 'trade': -0.0603, 'observe': 0.1133, 'block_path': 0.4141, 'ambush': 0.3602, 'seek_ally': 0.6254, 'offer_job': 0.2318, 'request_service': 0.0545, 'spread_rumor': 0.4977, 'call_for_help': 0.5682, 'change_role': 0.1434, 'idle': 0.1599}"
836,npc_836,player_asks_why,explain,1.0,1.0,53.96393266818718,0.13033360400805327,broken,False,{'explain': 1.0}
837,npc_837,player_cast_spell,trade,0.3867,0.06,59.90668059842644,0.9639940193695842,loyal,False,"{'talk': 0.2099, 'warn': 0.1619, 'intimidate': -1.0, 'flee': 0.2497, 'help': 0.0594, 'report': 0.1621, 'trade': 0.3867, 'observe': 0.2587, 'idle': 0.3267}"
838,npc_838,betrayal,idle,0.4575,0.21050000000000002,3.238298184944266,0.3631867759524323,deceptive,True,"{'talk': 0.055, 'warn': 0.247, 'intimidate': -0.1067, 'flee': 0.1767, 'attack': -0.0295, 'help': 0.1057, 'report': 0.183, 'trade': 0.1942, 'observe': 0.0753, 'idle': 0.4575}"
839,npc_839,player_moved,idle,0.332,0.0721,13.685916242577278,0.0027320244205014665,free,False,"{'talk': 0.0976, 'warn': 0.1143, 'intimidate': -1.0, 'flee': 0.147, 'attack': -1.0, 'help': 0.0985, 'report': 0.0729, 'trade': 0.1998, 'observe': 0.2599, 'idle': 0.332}"
840,npc_840,player_attacks,idle,0.6056,0.044399999999999995,48.89842060347971,0.0131290146473938,broken,True,"{'talk': 0.3283, 'flee': 0.2838, 'observe': 0.2693, 'idle': 0.6056, 'opp_attention_component': 0.0, 'opp_distance_component': 0.0, 'opp_weapon_component': 0.0, 'opp_allies_component': 0.0, 'opp_raw_score': 0.0, 'opp_threshold': 0.65}"
841,npc_841,combat,observe,0.3334,0.31660000000000005,46.194616491065354,0.04779838631299993,broken,True,"{'talk': 0.0558, 'flee': 0.087, 'observe': 0.3334, 'idle': 0.2612, 'opp_attention_component': 0.0, 'opp_distance_component': 0.0, 'opp_weapon_component': 0.0, 'opp_allies_component': 0.0, 'opp_raw_score': 0.0, 'opp_threshold': 0.65}"
842,npc_842,player_helpers,idle,0.6059,0.06640000000000001,25.376065445076033,0.005466679735203872,coerced,True,"{'talk': 0.1906, 'warn': 0.5395, 'intimidate': -1.0, 'flee': 0.3383, 'attack': -1.0, 'help': 0.3796, 'report': 0.4106, 'trade': 0.1971, 'observe': 0.3539, 'idle': 0.6059}"
843,npc_843,faction_event,idle,0.362,0.28800000000000003,1.8980600178872264,0.41480402220460433,broken,False,"{'talk': 0.3081, 'flee': 0.2756, 'observe': 0.243, 'idle': 0.362, 'opp_attention_component': 0.0, 'opp_distance_component': 0.0, 'opp_weapon_component': 0.0, 'opp_allies_component': 0.0, 'opp_raw_score': 0.0, 'opp_threshold': 0.65}"
844,npc_844,object_changed,report,0.475,0.06519999999999998,82.05474444844035,0.7075074138572407,loyal,False,"{'talk': -0.0157, 'warn': 0.4098, 'intimidate': -1.0, 'flee': 0.1494, 'help': 0.1101, 'report': 0.475, 'trade': -0.0075, 'observe': 0.1709, 'idle': 0.3283}"
845,npc_845,idle,talk,0.5364,0.3206,92.92610281152719,0.989697892165366,free,True,"{'talk': 0.5364, 'warn': -0.0007, 'intimidate': 0.0235, 'flee': 0.0235, 'attack': 0.0089, 'help': 0.1505, 'report': 0.2135, 'trade': 0.1632, 'observe': 0.1418, 'idle': 0.2158}"
846,npc_846,object_moved,idle,0.3935,0.011700000000000044,48.50213935963203,0.8309164581760422,deceptive,True,"{'talk': 0.3426, 'warn': 0.219, 'intimidate': -0.0564, 'flee': 0.2311, 'attack': -0.0922, 'help': 0.2516, 'report': 0.3818, 'trade': 0.1926, 'observe': 0.3144, 'idle': 0.3935}"
847,npc_847,object_destroyed,idle,0.1926,0.08449999999999999,88.34249930887445,0.1395665856175642,free,True,"{'talk': 0.0025, 'warn': 0.1081, 'intimidate': -0.0802, 'flee': 0.0792, 'attack': -0.0026, 'help': 0.0299, 'report': 0.0823, 'trade': 0.0423, 'observe': -0.0641, 'idle': 0.1926}"
848,npc_848,npc_proximity_close,idle,0.0,0.0391,94.37141565474829,0.684346159561105,loyal,True,"{'talk': 0.0303, 'warn': -0.0452, 'intimidate': -0.0472, 'flee': -0.0671, 'help': 0.0367, 'report': 0.0358, 'trade': 0.0758, 'observe': -0.04, 'idle': 0.0088}"
849,npc_849,npc_state_changed,report,0.2061,0.0006000000000000172,92.80757412240031,0.13824064404306047,deceptive,True,"{'talk': 0.2055, 'warn': 0.197, 'intimidate': -0.1035, 'flee': 0.0213, 'attack': 0.0474, 'help': 0.1304, 'report': 0.2061, 'trade': 0.0692, 'observe': 0.1642, 'idle': 0.17}"
850,npc_850,player_helpers,idle,0.2549,0.10190000000000002,41.87875797920497,0.8288106385066555,coerced,True,"{'talk': -0.0798, 'warn': 0.0423, 'intimidate': -1.0, 'flee': 0.0638, 'attack': -1.0, 'help': -0.0699, 'report': 0.153, 'trade': 0.0239, 'observe': 0.0295, 'idle': 0.2549}"
851,npc_851,combat,warn,0.178,0.02209999999999998,55.96889101252825,0.7521565585740247,deceptive,False,"{'talk': 0.1304, 'warn': 0.178, 'intimidate': 0.0292, 'flee': 0.1099, 'attack': 0.0423, 'help': 0.1504, 'report': 0.1559, 'trade': 0.1538, 'observe': 0.153, 'idle': 0.0371}"
852,npc_852,dialogue,idle,0.4029,0.1124,24.811151755622983,0.8084799251774731,coerced,True,"{'talk': 0.1543, 'warn': 0.013, 'intimidate': -0.109, 'flee': 0.1102, 'attack': -0.19, 'help': 0.1618, 'report': 0.0963, 'trade': 0.0637, 'observe': 0.2905, 'idle': 0.4029}"
853,npc_853,theft,idle,0.2738,0.03539999999999999,92.62270958843268,0.6098248018049791,coerced,True,"{'talk': 0.0537, 'warn': 0.0795, 'intimidate': -0.1552, 'flee': 0.0295, 'attack': -0.1753, 'help': -0.0602, 'report': -0.0604, 'trade': 0.0001, 'observe': 0.2384, 'idle': 0.2738}"
854,npc_854,player_asks_why,explain,1.0,1.0,57.99973961714596,0.2752172316805992,free,True,{'explain': 1.0}
855,npc_855,npc_spoke,talk,0.3882,0.0676,60.194246154837494,0.8330206205204872,free,True,"{'talk': 0.3882, 'warn': 0.0352, 'intimidate': -1.0, 'flee': 0.0193, 'attack': -1.0, 'help': 0.0466, 'report': 0.1244, 'trade': -0.017, 'observe': 0.3173, 'idle': 0.3206}"
856,npc_856,faction_event,observe,0.5473,0.022299999999999986,89.44424688847693,0.04379086135589061,loyal,False,"{'talk': 0.0618, 'warn': -0.0241, 'intimidate': -1.0, 'flee': 0.3782, 'help': -0.0144, 'report': -0.0622, 'trade': 0.0424, 'observe': 0.5473, 'idle': 0.525}"
857,npc_857,proximity_close,trade,0.4442,0.0011999999999999789,3.156579936326964,0.02825496187581089,deceptive,False,"{'talk': 0.3976, 'warn': 0.2718, 'intimidate': -1.0, 'flee': 0.4037, 'attack': -1.0, 'help': 0.443, 'report': 0.2673, 'trade': 0.4442, 'observe': 0.312, 'idle': 0.334}"
858,npc_858,player_insults,idle,0.2166,0.4334,86.62987530283974,0.09689811074360155,broken,True,"{'talk': 0.103, 'flee': 0.0766, 'observe': -0.0138, 'idle': 0.2166, 'opp_attention_component': 0.0, 'opp_distance_component': 0.0, 'opp_weapon_component': 0.0, 'opp_allies_component': 0.0, 'opp_raw_score': 0.0, 'opp_threshold': 0.65}"
859,npc_859,PLAYER_ATTACKED,idle,0.3334,0.04109999999999997,69.88807467762813,0.5495521160986023,loyal,True,"{'talk': -0.0513, 'warn': 0.2923, 'intimidate': 0.055, 'flee': 0.0628, 'help': 0.0901, 'report': 0.2688, 'trade': -0.0071, 'observe': 0.0824, 'idle': 0.3334}"
860,npc_860,player_talks,report,0.3331,0.06719999999999998,18.058142109653406,0.99468402088669,deceptive,False,"{'talk': 0.0369, 'warn': 0.1388, 'intimidate': -1.0, 'flee': 0.2446, 'attack': -1.0, 'help': 0.1693, 'report': 0.3331, 'trade': 0.1378, 'observe': 0.2659, 'idle': 0.2377}"
861,npc_861,player_helpers,flee,0.2063,0.013400000000000023,97.58642294209943,0.5792688523225884,loyal,False,"{'flee': 0.2063, 'observe': 0.1536, 'idle': 0.1929}"
862,npc_862,help,help,0.1813,0.06609999999999999,99.86400110650409,0.9030296261650328,loyal,True,"{'talk': 0.1152, 'warn': 0.0257, 'intimidate': -0.2392, 'flee': 0.0749, 'help': 0.1813, 'report': 0.0051, 'trade': 0.045, 'observe': 0.0448, 'idle': 0.0969}"
863,npc_863,intimidation,report,0.4232,0.08200000000000002,57.121014930770755,0.31893225733010344,loyal,False,"{'talk': 0.0741, 'warn': 0.3412, 'intimidate': -1.0, 'flee': 0.3183, 'help': 0.0943, 'report': 0.4232, 'trade': 0.2618, 'observe': 0.3275, 'idle': 0.2091}"
864,npc_864,player_asks_why,explain,1.0,1.0,63.26240102499878,0.9253522906728019,deceptive,True,{'explain': 1.0}
865,npc_865,player_insults,idle,0.5891,0.13789999999999997,6.733227066802616,0.2809306063439023,free,True,"{'talk': 0.0599, 'warn': -0.0031, 'intimidate': -1.0, 'flee': 0.0223, 'attack': -1.0, 'help': -0.0514, 'report': 0.0615, 'trade': -0.0016, 'observe': 0.4512, 'idle': 0.5891}"
866,npc_866,betrayal,warn,0.2481,0.030199999999999977,48.12003576082516,0.19588380958600937,loyal,True,"{'talk': 0.0346, 'warn': 0.2481, 'intimidate': 0.0321, 'flee': 0.0644, 'help': -0.0404, 'report': 0.1864, 'trade': 0.2179, 'observe': 0.1685, 'idle': 0.1431}"
867,npc_867,help,talk,0.1796,0.010200000000000015,5.347121658839981,0.7597221500016595,coerced,True,"{'talk': 0.1796, 'warn': 0.169, 'intimidate': -0.12, 'flee': 0.1491, 'attack': -0.1103, 'help': 0.1694, 'report': 0.0786, 'trade': 0.1271, 'observe': 0.1225, 'idle': 0.1407}"
868,npc_868,player_used_item,idle,0.3142,0.33580000000000004,12.340590113214489,0.5034626895509576,broken,True,"{'talk': 0.0375, 'flee': 0.2715, 'observe': 0.2512, 'idle': 0.3142, 'opp_attention_component': 0.0, 'opp_distance_component': 0.0, 'opp_weapon_component': 0.0, 'opp_allies_component': 0.0, 'opp_raw_score': 0.0, 'opp_threshold': 0.65}"
869,npc_869,npc_proximity_close,idle,0.4448,0.1875,94.44643347974798,0.44744940314789083,loyal,True,"{'talk': 0.2573, 'warn': 0.1263, 'intimidate': -0.114, 'flee': -0.0179, 'help': 0.0622, 'report': 0.2417, 'trade': 0.1167, 'observe': 0.0044, 'idle': 0.4448}"
870,npc_870,object_changed,report,0.2482,0.03840000000000002,53.889595999946415,0.8977392500246525,free,False,"{'talk': 0.195, 'warn': 0.2098, 'intimidate': -0.4453, 'flee': 0.0602, 'attack': -0.3345, 'help': 0.0402, 'report': 0.2482, 'trade': -0.0359, 'observe': 0.0422, 'idle': 0.0451}"
871,npc_871,dialogue,talk,0.2585,0.3915,32.49997103153661,0.26676533091164345,broken,True,"{'talk': 0.2585, 'flee': 0.114, 'observe': 0.219, 'idle': 0.1957, 'opp_attention_component': 0.0, 'opp_distance_component': 0.0, 'opp_weapon_component': 0.0, 'opp_allies_component': 0.0, 'opp_raw_score': 0.0, 'opp_threshold': 0.65}"
872,npc_872,proximity_leave,idle,0.3298,0.32020000000000004,84.25601677967954,0.2541026044964291,broken,True,"{'talk': 0.1028, 'flee': 0.168, 'observe': 0.3224, 'idle': 0.3298, 'opp_attention_component': 0.0, 'opp_distance_component': 0.0, 'opp_weapon_component': 0.0, 'opp_allies_component': 0.0, 'opp_raw_score': 0.0, 'opp_threshold': 0.65}"
873,npc_873,player_helpers,report,0.3102,0.034499999999999975,1.556959481378628,0.8004530573340279,coerced,False,"{'talk': 0.239, 'warn': 0.2757, 'intimidate': -0.2605, 'flee': 0.1449, 'attack': -0.3297, 'help': 0.0749, 'report': 0.3102, 'trade': 0.2181, 'observe': 0.1661, 'idle': 0.1413}"
874,npc_874,proximity_close,idle,0.0,0.015199999999999991,88.47992188239455,0.30607505137628066,deceptive,True,"{'talk': 0.0771, 'warn': -0.0701, 'intimidate': -0.0229, 'flee': 0.083, 'attack': 0.0333, 'help': -0.0398, 'report': -0.024, 'trade': 0.0125, 'observe': 0.0529, 'idle': 0.0982}"
875,npc_875,player_threatens,observe,0.4075,0.0625,90.45585632602504,0.5923928949946944,coerced,True,"{'flee': 0.0498, 'observe': 0.4075, 'idle': 0.345}"
876,npc_876,PLAYER_ATTACKED,trade,0.2293,0.036599999999999994,92.41537604434498,0.2120911267979685,free,False,"{'talk': -0.0713, 'warn': 0.1927, 'intimidate': -0.4643, 'flee': 0.0146, 'attack': -0.3983, 'help': -0.0498, 'report': 0.1848, 'trade': 0.2293, 'observe': 0.0325, 'idle': -0.0515}"
877,npc_877,npc_interacts_npc,help,0.2426,0.059100000000000014,59.68665009101706,0.6767353451315048,free,False,"{'talk': 0.1664, 'warn': 0.1835, 'intimidate': -0.4732, 'flee': 0.0795, 'attack': -0.515, 'help': 0.2426, 'report': 0.1168, 'trade': -0.0235, 'observe': 0.1069, 'idle': 0.0292}"
878,npc_878,npc_moved,talk,0.5018,0.20350000000000001,75.51171485138288,0.783038375907206,loyal,True,"{'talk': 0.5018, 'warn': 0.0595, 'intimidate': -0.0409, 'flee': 0.1639, 'help': 0.2983, 'report': 0.0415, 'trade': 0.1534, 'observe': 0.0694, 'idle': 0.2287}"
879,npc_879,world_tick,offer_job,0.2318,0.010599999999999998,0.3508309796886655,0.3294239785708254,deceptive,True,"{'talk': 0.1185, 'warn': -0.0814, 'intimidate': -0.1529, 'flee': 0.1152, 'attack': -0.183, 'help': -0.0579, 'report': 0.0535, 'trade': 0.0741, 'observe': 0.0471, 'block_path': 0.0843, 'ambush': -0.0846, 'seek_ally': 0.1603, 'offer_job': 0.2318, 'request_service': 0.2212, 'spread_rumor': 0.138, 'call_for_help': 0.0932, 'change_role': 0.1696, 'idle': 0.1961}"
880,npc_880,proximity_leave,idle,0.2684,0.07270000000000001,91.61398736459645,0.09029627370893689,coerced,True,"{'talk': 0.0348, 'warn': 0.1772, 'intimidate': -1.0, 'flee': 0.1957, 'attack': -1.0, 'help': 0.0939, 'report': 0.1179, 'trade': 0.177, 'observe': 0.1898, 'idle': 0.2684}"
881,npc_881,player_insults,report,0.1598,0.00020000000000000573,77.300557912661,0.548234762268529,coerced,True,"{'talk': 0.0919, 'warn': 0.1095, 'intimidate': 0.0132, 'flee': 0.0585, 'attack': 0.1298, 'help': 0.0822, 'report': 0.1598, 'trade': 0.1362, 'observe': 0.1059, 'idle': 0.1596}"
882,npc_882,object_destroyed,report,0.4494,0.0877,56.575271575386274,0.6604118394914174,loyal,False,"{'talk': 0.1539, 'warn': 0.3617, 'intimidate': -0.2312, 'flee': 0.1484, 'help': 0.2594, 'report': 0.4494, 'trade': 0.3471, 'observe': 0.2799, 'idle': 0.1383}"
883,npc_883,sound_emitted,trade,0.2105,0.107,43.16129526583814,0.45455212778799325,loyal,True,"{'talk': 0.1035, 'warn': 0.0887, 'intimidate': -0.0616, 'flee': 0.0524, 'help': 0.0206, 'report': 0.0622, 'trade': 0.2105, 'observe': 0.0205, 'idle': -0.0497}"
884,npc_884,player_helpers,idle,0.3233,0.32670000000000005,46.05706444878719,0.6709642093476147,broken,True,"{'talk': 0.1313, 'flee': 0.1401, 'observe': 0.1922, 'idle': 0.3233, 'opp_attention_component': 0.0, 'opp_distance_component': 0.0, 'opp_weapon_component': 0.0, 'opp_allies_component': 0.0, 'opp_raw_score': 0.0, 'opp_threshold': 0.65}"
885,npc_885,object_changed,idle,0.26,0.03460000000000002,16.27187888392304,0.5122267647656417,free,True,"{'talk': -0.0763, 'warn': -0.0018, 'intimidate': -1.0, 'flee': 0.0983, 'attack': -1.0, 'help': -0.0233, 'report': -0.0669, 'trade': 0.0609, 'observe': 0.2254, 'idle': 0.26}"
886,npc_886,movement,flee,0.5593,0.01770000000000005,84.49218390731353,0.3671688698004555,loyal,False,"{'talk': 0.247, 'warn': 0.035, 'intimidate': -1.0, 'flee': 0.5593, 'help': 0.2607, 'report': 0.1422, 'trade': 0.4623, 'observe': 0.5416, 'idle': 0.4882}"
887,npc_887,saved_life,talk,0.4794,0.17060000000000003,99.18794719697931,0.6110265428431209,broken,False,"{'talk': 0.4794, 'flee': 0.4275, 'observe': 0.3785, 'idle': 0.3653, 'opp_attention_component': 0.0, 'opp_distance_component': 0.0, 'opp_weapon_component': 0.0, 'opp_allies_component': 0.0, 'opp_raw_score': 0.0, 'opp_threshold': 0.65}"
888,npc_888,object_moved,warn,0.5145,0.03909999999999997,38.94860740124994,0.7948413027258887,deceptive,False,"{'talk': 0.3777, 'warn': 0.5145, 'intimidate': -1.0, 'flee': 0.411, 'attack': -1.0, 'help': 0.3636, 'report': 0.4754, 'trade': -0.021, 'observe': 0.3421, 'idle': 0.393}"
889,npc_889,npc_interacts_npc,talk,0.2471,0.14079999999999998,98.10548783561707,0.4274036741321595,free,True,"{'talk': 0.2471, 'warn': -0.0038, 'intimidate': -0.4094, 'flee': 0.1063, 'attack': -0.2633, 'help': 0.0076, 'report': -0.0637, 'trade': 0.0882, 'observe': 0.1019, 'idle': 0.0958}"
890,npc_890,PLAYER_SPOKE,observe,0.1718,0.4782,8.662370500904737,0.5617743783546724,broken,True,"{'talk': 0.1685, 'flee': 0.0341, 'observe': 0.1718, 'idle': 0.1579, 'opp_attention_component': 0.0, 'opp_distance_component': 0.0, 'opp_weapon_component': 0.0, 'opp_allies_component': 0.0, 'opp_raw_score': 0.0, 'opp_threshold': 0.65}"
891,npc_891,theft,report,0.7356,0.0353,41.341960308203376,0.7930315339636084,coerced,True,"{'talk': 0.0062, 'warn': 0.7003, 'intimidate': -1.0, 'flee': 0.2966, 'attack': -1.0, 'help': 0.0119, 'report': 0.7356, 'trade': 0.325, 'observe': 0.2947, 'idle': 0.6366}"
892,npc_892,object_changed,talk,0.2358,0.4142,61.077387186349696,0.4682720668047805,broken,True,"{'talk': 0.2358, 'flee': 0.0072, 'observe': 0.0038, 'idle': 0.2007, 'opp_attention_component': 0.0, 'opp_distance_component': 0.0, 'opp_weapon_component': 0.0, 'opp_allies_component': 0.0, 'opp_raw_score': 0.0, 'opp_threshold': 0.65}"
893,npc_893,player_insults,idle,0.7058,0.03169999999999995,98.97264370154424,0.930948939486906,loyal,True,"{'flee': -0.0139, 'observe': 0.6741, 'idle': 0.7058}"
894,npc_894,npc_interacts_npc,idle,0.5258,0.052100000000000035,92.70119836680607,0.4489856408527093,free,True,"{'flee': -0.0239, 'observe': 0.4737, 'idle': 0.5258}"
895,npc_895,saved_life,warn,0.3712,0.060899999999999954,73.0619870331558,0.8894832151649221,free,False,"{'talk': 0.0777, 'warn': 0.3712, 'intimidate': -1.0, 'flee': 0.2698, 'attack': -1.0, 'help': 0.1188, 'report': 0.3027, 'trade': -0.0126, 'observe': 0.2201, 'idle': 0.3103}"
896,npc_896,object_moved,talk,0.2415,0.40850000000000003,63.38459031566456,0.9193772542015302,broken,False,"{'talk': 0.2415, 'flee': 0.0218, 'observe': 0.0654, 'idle': 0.1893, 'opp_attention_component': 0.0, 'opp_distance_component': 0.0, 'opp_weapon_component': 0.0, 'opp_allies_component': 0.0, 'opp_raw_score': 0.0, 'opp_threshold': 0.65}"
897,npc_897,npc_moved,idle,0.0,0.5670000000000001,7.893990963330522,0.7194742555208609,broken,True,"{'talk': 0.0684, 'flee': 0.008, 'observe': 0.083, 'idle': -0.0468, 'opp_attention_component': 0.0, 'opp_distance_component': 0.0, 'opp_weapon_component': 0.0, 'opp_allies_component': 0.0, 'opp_raw_score': 0.0, 'opp_threshold': 0.65}"
898,npc_898,player_helpers,help,0.4026,0.045899999999999996,70.82969899711276,0.02805033261668144,free,False,"{'talk': 0.3567, 'warn': 0.0536, 'intimidate': -0.3172, 'flee': 0.1859, 'attack': -0.453, 'help': 0.4026, 'report': 0.1417, 'trade': 0.0765, 'observe': 0.0778, 'idle': 0.1822}"
899,npc_899,player_insults,report,0.3507,0.029400000000000037,87.82868773826432,0.6987296936832661,free,False,"{'talk': 0.0116, 'warn': 0.3213, 'intimidate': 0.1972, 'flee': 0.1465, 'attack': 0.2403, 'help': 0.0231, 'report': 0.3507, 'trade': 0.2173, 'observe': 0.1188, 'idle': 0.0674}"
900,npc_900,player_insults,idle,0.2481,0.10599999999999998,68.60246849587723,0.38792234711842,deceptive,True,"{'talk': -0.0055, 'warn': -0.0084, 'intimidate': -0.0086, 'flee': 0.1421, 'attack': -0.0334, 'help': 0.0623, 'report': 0.0345, 'trade': 0.0955, 'observe': 0.0154, 'idle': 0.2481}"
901,npc_901,dialogue,observe,0.2928,0.027000000000000024,77.82939128238844,0.5009538402189007,coerced,True,"{'talk': 0.1185, 'warn': 0.1344, 'intimidate': -1.0, 'flee': 0.1486, 'attack': -1.0, 'help': 0.0781, 'report': 0.1148, 'trade': 0.1728, 'observe': 0.2928, 'idle': 0.2658}"
902,npc_902,player_helpers,talk,0.6415,0.5085,33.417427784272824,0.34793884924383656,deceptive,True,"{'talk': 0.6415, 'warn': 0.0513, 'intimidate': -0.0105, 'flee': -0.0651, 'attack': -0.0109, 'help': -0.012, 'report': 0.0434, 'trade': 0.0212, 'observe': 0.0295, 'idle': 0.133}"
903,npc_903,object_moved,flee,0.3471,0.02200000000000002,70.2456450306612,0.30771526940934335,free,False,"{'talk': 0.1308, 'warn': 0.1666, 'intimidate': -1.0, 'flee': 0.3471, 'attack': -1.0, 'help': 0.117, 'report': 0.2586, 'trade': 0.1876, 'observe': 0.1715, 'idle': 0.3251}"
904,npc_904,saved_life,flee,0.3511,0.06970000000000004,88.6398448816336,0.4440718086059693,loyal,False,"{'talk': 0.2417, 'warn': 0.1415, 'intimidate': -1.0, 'flee': 0.3511, 'help': 0.2814, 'report': 0.1618, 'trade': 0.1216, 'observe': 0.254, 'idle': 0.1826}"
905,npc_905,faction_event,talk,0.3712,0.21779999999999997,17.099192435606625,0.3116848704776696,coerced,True,"{'talk': 0.3712, 'warn': 0.0057, 'intimidate': -0.0888, 'flee': 0.0045, 'attack': -0.0043, 'help': 0.0979, 'report': 0.1534, 'trade': -0.0208, 'observe': -0.0324, 'idle': -0.0186}"
906,npc_906,combat,observe,0.3464,0.01469999999999999,12.608233840091055,0.801153103591891,coerced,False,"{'talk': 0.0129, 'warn': 0.3013, 'intimidate': -1.0, 'flee': 0.2414, 'attack': -1.0, 'help': 0.0455, 'report': 0.3317, 'trade': 0.2378, 'observe': 0.3464, 'idle': 0.2886}"
907,npc_907,player_moved,trade,0.1932,0.1494,68.63954541537319,0.7728025549058956,coerced,True,"{'talk': 0.0056, 'warn': -0.0744, 'intimidate': -0.3145, 'flee': 0.0173, 'attack': -0.3099, 'help': 0.0149, 'report': -0.011, 'trade': 0.1932, 'observe': 0.0275, 'idle': 0.0438}"
908,npc_908,theft,report,0.3987,0.1276,75.04124566347545,0.47875021051599076,loyal,True,"{'talk': 0.0978, 'warn': 0.228, 'intimidate': -1.0, 'flee': 0.2039, 'help': 0.0854, 'report': 0.3987, 'trade': 0.0314, 'observe': 0.1902, 'idle': 0.2711}"
909,npc_909,world_tick,change_role,0.3745,0.042200000000000015,13.810210800261313,0.0012191538063759388,coerced,True,"{'talk': -0.0186, 'warn': 0.0755, 'intimidate': -0.2476, 'flee': -0.0533, 'attack': -0.1519, 'help': -0.0462, 'report': 0.1713, 'trade': 0.035, 'observe': -0.0507, 'block_path': 0.2862, 'ambush': 0.3323, 'seek_ally': 0.2519, 'offer_job': 0.2622, 'request_service': 0.1977, 'spread_rumor': 0.3181, 'call_for_help': 0.2316, 'change_role': 0.3745, 'idle': -0.0253}"
910,npc_910,player_used_item,talk,0.4767,0.1733,73.11422685658864,0.7477726497479248,broken,True,"{'talk': 0.4767, 'flee': 0.0584, 'observe': 0.0154, 'idle': -0.0074, 'opp_attention_component': 0.0, 'opp_distance_component': 0.0, 'opp_weapon_component': 0.0, 'opp_allies_component': 0.0, 'opp_raw_score': 0.0, 'opp_threshold': 0.65}"
911,npc_911,light_changed,observe,0.3603,0.042700000000000016,49.80270218787734,0.8758105196299807,coerced,False,"{'talk': 0.2077, 'warn': 0.242, 'intimidate': -1.0, 'flee': 0.1661, 'attack': -1.0, 'help': 0.1183, 'report': 0.3176, 'trade': 0.0799, 'observe': 0.3603, 'idle': 0.166}"
912,npc_912,npc_proximity_leave,trade,0.282,0.01579999999999998,45.691805675326925,0.0959538043372723,coerced,False,"{'talk': 0.2662, 'warn': 0.045, 'intimidate': -0.4718, 'flee': 0.1926, 'attack': -0.5154, 'help': 0.1498, 'report': 0.075, 'trade': 0.282, 'observe': 0.1268, 'idle': 0.0338}"
913,npc_913,object_moved,trade,0.283,0.06379999999999997,58.204030058588216,0.9441124035802348,coerced,True,"{'talk': 0.1046, 'warn': 0.2192, 'intimidate': -0.299, 'flee': 0.0096, 'attack': -0.3346, 'help': -0.0437, 'report': 0.2179, 'trade': 0.283, 'observe': 0.0278, 'idle': 0.0635}"
914,npc_914,player_helpers,report,0.2864,0.02689999999999998,96.88390034529459,0.3932562281228942,free,True,"{'talk': 0.1075, 'warn': 0.2595, 'intimidate': -0.1297, 'flee': 0.0663, 'attack': -0.2138, 'help': 0.0666, 'report': 0.2864, 'trade': 0.0243, 'observe': 0.1943, 'idle': 0.1578}"
915,npc_915,player_cast_spell,idle,0.3163,0.08500000000000002,65.60270863486657,0.9796965658392546,loyal,True,"{'talk': -0.0049, 'warn': 0.0385, 'intimidate': -1.0, 'flee': -0.039, 'help': 0.0391, 'report': 0.0665, 'trade': -0.0659, 'observe': 0.2313, 'idle': 0.3163}"
916,npc_916,player_interacts,observe,0.6333,0.016700000000000048,8.845965039370729,0.7858304635505055,broken,True,"{'talk': 0.3503, 'flee': -0.0803, 'observe': 0.6333, 'idle': 0.3178, 'opp_attention_component': 0.0, 'opp_distance_component': 0.0, 'opp_weapon_component': 0.0, 'opp_allies_component': 0.0, 'opp_raw_score': 0.0, 'opp_threshold': 0.65}"
917,npc_917,help,idle,0.595,0.25549999999999995,63.94700351365065,0.7112157798158778,loyal,True,"{'talk': 0.3002, 'warn': 0.2488, 'intimidate': -1.0, 'flee': 0.3305, 'help': 0.2775, 'report': 0.1566, 'trade': 0.1278, 'observe': 0.3395, 'idle': 0.595}"
918,npc_918,player_threatens,observe,0.4224,0.01419999999999999,26.074204556074132,0.8089168123120392,free,True,"{'talk': 0.0362, 'warn': 0.0221, 'intimidate': -1.0, 'flee': 0.1232, 'attack': -1.0, 'help': 0.0664, 'report': 0.0231, 'trade': -0.048, 'observe': 0.4224, 'idle': 0.4082}"
919,npc_919,player_attacks,observe,0.4167,0.2333,58.68265160330112,0.2682511636744863,broken,True,"{'talk': 0.0893, 'flee': 0.1554, 'observe': 0.4167, 'idle': 0.3184, 'opp_attention_component': 0.0, 'opp_distance_component': 0.0, 'opp_weapon_component': 0.0, 'opp_allies_component': 0.0, 'opp_raw_score': 0.0, 'opp_threshold': 0.65}"
920,npc_920,npc_interacts_npc,idle,0.0,0.004199999999999995,90.59447741535097,0.28555070884480394,free,True,"{'talk': -0.0417, 'warn': -0.0262, 'intimidate': -0.0841, 'flee': 0.0883, 'attack': -0.0688, 'help': -0.075, 'report': 0.0925, 'trade': -0.0238, 'observe': 0.0772, 'idle': -0.0195}"
921,npc_921,faction_event,idle,0.1748,0.0121,18.172385627658414,0.45320033185270236,coerced,True,"{'talk': 0.0646, 'warn': 0.0843, 'intimidate': -0.1105, 'flee': 0.1302, 'attack': -0.0252, 'help': -0.026, 'report': 0.1627, 'trade': 0.0975, 'observe': 0.08, 'idle': 0.1748}"
922,npc_922,PLAYER_ATTACKED,idle,0.0,0.0007000000000000062,81.65780165519114,0.3089462683609945,free,True,"{'talk': 0.0692, 'warn': 0.0784, 'intimidate': -0.1279, 'flee': 0.0446, 'attack': -0.1251, 'help': 0.0919, 'report': 0.0926, 'trade': 0.0229, 'observe': -0.0617, 'idle': -0.038}"
923,npc_923,faction_event,trade,0.1908,0.0005999999999999894,14.208874800742555,0.5489827949302951,loyal,True,"{'talk': 0.1198, 'warn': 0.1187, 'intimidate': -0.3033, 'flee': 0.053, 'help': 0.1404, 'report': 0.0431, 'trade': 0.1908, 'observe': 0.1902, 'idle': 0.1304}"
924,npc_924,npc_interacts_npc,idle,0.2262,0.07790000000000002,49.80553168699847,0.9648734268814373,free,True,"{'talk': 0.0228, 'warn': 0.0102, 'intimidate': -0.0592, 'flee': 0.0231, 'attack': 0.0163, 'help': 0.0444, 'report': 0.1483, 'trade': -0.0567, 'observe': 0.1201, 'idle': 0.2262}"
925,npc_925,object_destroyed,talk,0.676,0.026000000000000023,27.865734630097993,0.925000375235022,broken,True,"{'talk': 0.676, 'flee': -0.0029, 'observe': 0.2646, 'idle': 0.2219, 'opp_attention_component': 0.0, 'opp_distance_component': 0.0, 'opp_weapon_component': 0.0, 'opp_allies_component': 0.0, 'opp_raw_score': 0.0, 'opp_threshold': 0.65}"
926,npc_926,smell_emitted,warn,0.5356,0.061999999999999944,6.571258089832044,0.8466818775636183,deceptive,False,"{'talk': 0.18, 'warn': 0.5356, 'intimidate': -0.1729, 'flee': -0.0181, 'attack': -0.2941, 'help': 0.1917, 'report': 0.4736, 'trade': 0.1765, 'observe': -0.0241, 'idle': -0.0466}"
927,npc_927,help,observe,0.2272,0.017100000000000004,12.162313012864889,0.7091873001618287,deceptive,True,"{'talk': 0.0855, 'warn': -0.0701, 'intimidate': -1.0, 'flee': 0.0835, 'attack': -1.0, 'help': 0.1049, 'report': 0.0345, 'trade': -0.0426, 'observe': 0.2272, 'idle': 0.2101}"
928,npc_928,time_passed,talk,0.1811,0.017100000000000004,21.320865235883435,0.6399366311224177,deceptive,True,"{'talk': 0.1811, 'warn': 0.0946, 'intimidate': -0.1229, 'flee': 0.0122, 'attack': 0.0194, 'help': 0.0747, 'report': 0.164, 'trade': -0.0064, 'observe': 0.0134, 'idle': -0.0152}"
929,npc_929,object_changed,idle,0.5256,0.10189999999999994,8.710761001166622,0.3970960161956998,loyal,True,"{'talk': 0.1389, 'warn': 0.1774, 'intimidate': -1.0, 'flee': 0.2794, 'help': 0.1579, 'report': 0.2681, 'trade': 0.3823, 'observe': 0.4237, 'idle': 0.5256}"
930,npc_930,dialogue,talk,0.3588,0.1312,9.977668042645416,0.9804840576173515,loyal,True,"{'talk': 0.3588, 'warn': 0.076, 'intimidate': -0.0362, 'flee': -0.043, 'help': -0.0107, 'report': 0.0085, 'trade': 0.0275, 'observe': 0.2276, 'idle': 0.071}"
931,npc_931,player_threatens,observe,0.5205,0.023699999999999943,13.102413077018117,0.21669094251209708,coerced,True,"{'talk': 0.3336, 'warn': 0.1076, 'intimidate': -1.0, 'flee': 0.0387, 'attack': -1.0, 'help': 0.0026, 'report': 0.0727, 'trade': -0.0674, 'observe': 0.5205, 'idle': 0.4968}"
932,npc_932,PLAYER_ATTACKED,observe,0.4749,0.12979999999999997,63.13352797942785,0.3537389591710819,coerced,True,"{'talk': 0.086, 'warn': -0.0012, 'intimidate': -1.0, 'flee': 0.1909, 'attack': -1.0, 'help': 0.1139, 'report': -0.0309, 'trade': 0.2271, 'observe': 0.4749, 'idle': 0.3451}"
933,npc_933,light_changed,observe,0.3848,0.06569999999999998,27.577970999882652,0.6690023862962075,loyal,True,"{'talk': -0.0117, 'warn': 0.1319, 'intimidate': -1.0, 'flee': 0.1451, 'help': 0.0296, 'report': 0.0408, 'trade': 0.0931, 'observe': 0.3848, 'idle': 0.3191}"
934,npc_934,sound_emitted,idle,0.2319,0.4181,65.68509740037844,0.2768488510754269,broken,True,"{'talk': 0.141, 'flee': 0.062, 'observe': 0.1334, 'idle': 0.2319, 'opp_attention_component': 0.0, 'opp_distance_component': 0.0, 'opp_weapon_component': 0.0, 'opp_allies_component': 0.0, 'opp_raw_score': 0.0, 'opp_threshold': 0.65}"
935,npc_935,betrayal,idle,0.6361,0.013900000000000023,93.33452185282503,0.5924250705895269,broken,True,"{'talk': -0.0739, 'flee': 0.2254, 'observe': 0.1062, 'idle': 0.6361, 'opp_attention_component': 0.0, 'opp_distance_component': 0.0, 'opp_weapon_component': 0.0, 'opp_allies_component': 0.0, 'opp_raw_score': 0.0, 'opp_threshold': 0.65}"
936,npc_936,player_threatens,talk,0.2556,0.07219999999999999,49.61304075724928,0.14967113962382816,coerced,True,"{'talk': 0.2556, 'warn': 0.0132, 'intimidate': 0.0214, 'flee': 0.0829, 'attack': 0.0261, 'help': -0.0004, 'report': 0.1834, 'trade': -0.0414, 'observe': 0.1324, 'idle': 0.1573}"
937,npc_937,player_insults,idle,0.1914,0.057699999999999974,89.31963628819042,0.9850899634546878,deceptive,True,"{'talk': 0.1253, 'warn': 0.1263, 'intimidate': 0.0075, 'flee': 0.1337, 'attack': 0.1003, 'help': -0.0372, 'report': 0.0371, 'trade': 0.0207, 'observe': 0.0304, 'idle': 0.1914}"
938,npc_938,npc_state_changed,observe,0.5126,0.018399999999999972,94.07046186250835,0.6982835880888167,free,False,"{'flee': 0.4942, 'observe': 0.5126, 'idle': 0.3884}"
939,npc_939,movement,idle,0.0,0.5758,58.60935082230946,0.3491054362527277,broken,True,"{'talk': 0.036, 'flee': 0.0679, 'observe': 0.0742, 'idle': -0.0131, 'opp_attention_component': 0.0, 'opp_distance_component': 0.0, 'opp_weapon_component': 0.0, 'opp_allies_component': 0.0, 'opp_raw_score': 0.0, 'opp_threshold': 0.65}"
940,npc_940,intimidation,idle,0.996,0.8011,49.64118033715612,0.45013892593500937,free,True,"{'talk': -0.0121, 'warn': 0.0826, 'intimidate': -1.0, 'flee': 0.1949, 'attack': -1.0, 'help': 0.1058, 'report': 0.1109, 'trade': 0.063, 'observe': 0.1522, 'idle': 0.996}"
941,npc_941,npc_spoke,warn,0.183,0.0025000000000000022,19.91798433485258,0.2723996085304491,coerced,True,"{'talk': 0.1588, 'warn': 0.183, 'intimidate': -0.0327, 'flee': 0.1805, 'attack': -0.0252, 'help': 0.1226, 'report': 0.1492, 'trade': 0.1307, 'observe': 0.1457, 'idle': 0.1664}"
942,npc_942,theft,report,0.4882,0.040500000000000036,17.9246257007173,0.1611022760173122,coerced,True,"{'talk': 0.0526, 'warn': 0.3641, 'intimidate': -1.0, 'flee': 0.1068, 'attack': -1.0, 'help': 0.0548, 'report': 0.4882, 'trade': 0.0577, 'observe': 0.2091, 'idle': 0.4477}"
943,npc_943,weather_changed,talk,0.3987,0.2513,43.46245322228497,0.2617252236206754,broken,True,"{'talk': 0.3987, 'flee': 0.1373, 'observe': 0.1078, 'idle': 0.1036, 'opp_attention_component': 0.0, 'opp_distance_component': 0.0, 'opp_weapon_component': 0.0, 'opp_allies_component': 0.0, 'opp_raw_score': 0.0, 'opp_threshold': 0.65}"
944,npc_944,intimidation,talk,0.4478,0.20220000000000005,27.57879464203068,0.8809175287905275,broken,False,"{'talk': 0.4478, 'flee': 0.0583, 'observe': 0.0004, 'idle': -0.0083, 'opp_attention_component': 0.0, 'opp_distance_component': 0.0, 'opp_weapon_component': 0.0, 'opp_allies_component': 0.0, 'opp_raw_score': 0.0, 'opp_threshold': 0.65}"
945,npc_945,PLAYER_ATTACKED,idle,0.2452,0.40480000000000005,98.83271722169182,0.7705370253498617,broken,False,"{'talk': 0.2223, 'flee': 0.1862, 'observe': 0.167, 'idle': 0.2452, 'opp_attention_component': 0.0, 'opp_distance_component': 0.0, 'opp_weapon_component': 0.0, 'opp_allies_component': 0.0, 'opp_raw_score': 0.0, 'opp_threshold': 0.65}"
946,npc_946,betrayal,talk,0.1626,0.48740000000000006,89.92377806576019,0.6302972563337934,broken,True,"{'talk': 0.1626, 'flee': -0.086, 'observe': -0.0813, 'idle': -0.0476, 'opp_attention_component': 0.0, 'opp_distance_component': 0.0, 'opp_weapon_component': 0.0, 'opp_allies_component': 0.0, 'opp_raw_score': 0.0, 'opp_threshold': 0.65}"
947,npc_947,dialogue,idle,0.5981,0.16429999999999995,22.344606791863985,0.8972388560868554,free,True,"{'talk': 0.2194, 'warn': 0.1425, 'intimidate': -1.0, 'flee': 0.1531, 'attack': -1.0, 'help': 0.0268, 'report': 0.1418, 'trade': 0.0459, 'observe': 0.4338, 'idle': 0.5981}"
948,npc_948,smell_emitted,talk,0.4367,0.3011,83.95828863334157,0.43024411775806803,loyal,True,"{'talk': 0.4367, 'warn': -0.0615, 'intimidate': 0.0225, 'flee': -0.0111, 'help': 0.0959, 'report': -0.0092, 'trade': 0.1356, 'observe': 0.0824, 'idle': 0.0694}"
949,npc_949,time_passed,report,0.2307,0.04349999999999998,4.805792782469098,0.19049370161305046,coerced,False,"{'talk': 0.1497, 'warn': 0.1872, 'intimidate': -0.3588, 'flee': 0.1749, 'attack': -0.3475, 'help': 0.1641, 'report': 0.2307, 'trade': -0.0245, 'observe': 0.0084, 'idle': 0.1643}"
950,npc_950,player_interacts,talk,0.6047,0.04530000000000001,80.09962488564307,0.8311951088012784,broken,True,"{'talk': 0.6047, 'flee': -0.0697, 'observe': 0.0226, 'idle': -0.0076, 'opp_attention_component': 0.0, 'opp_distance_component': 0.0, 'opp_weapon_component': 0.0, 'opp_allies_component': 0.0, 'opp_raw_score': 0.0, 'opp_threshold': 0.65}"
951,npc_951,theft,idle,0.6643,0.050799999999999956,18.832364673575007,0.31853696002397947,loyal,True,"{'talk': 0.0582, 'warn': 0.122, 'intimidate': -1.0, 'flee': 0.0136, 'help': -0.0716, 'report': 0.0498, 'trade': -0.0333, 'observe': 0.6135, 'idle': 0.6643}"
952,npc_952,betrayal,report,0.1526,0.01570000000000002,62.36084833235134,0.13444204874477572,free,True,"{'talk': 0.0354, 'warn': -0.0516, 'intimidate': -0.0956, 'flee': 0.1246, 'attack': -0.0844, 'help': 0.1369, 'report': 0.1526, 'trade': 0.0341, 'observe': -0.003, 'idle': 0.0749}"
953,npc_953,player_helpers,talk,0.2771,0.3729,85.59027793025088,0.6099611546648551,broken,True,"{'talk': 0.2771, 'flee': -0.0762, 'observe': 0.082, 'idle': 0.1305, 'opp_attention_component': 0.0, 'opp_distance_component': 0.0, 'opp_weapon_component': 0.0, 'opp_allies_component': 0.0, 'opp_raw_score': 0.0, 'opp_threshold': 0.65}"
954,npc_954,PLAYER_SPOKE,idle,0.2868,0.3632,21.678482197860795,0.131809987475475,broken,True,"{'talk': 0.2089, 'flee': 0.2089, 'observe': 0.2068, 'idle': 0.2868, 'opp_attention_component': 0.0, 'opp_distance_component': 0.0, 'opp_weapon_component': 0.0, 'opp_allies_component': 0.0, 'opp_raw_score': 0.0, 'opp_threshold': 0.65}"
955,npc_955,proximity_close,report,0.4297,0.005400000000000016,81.43242066999825,0.2589435030561227,deceptive,False,"{'talk': 0.3099, 'warn': 0.4243, 'intimidate': -0.18, 'flee': 0.2037, 'attack': -0.2199, 'help': 0.2992, 'report': 0.4297, 'trade': 0.2144, 'observe': 0.1774, 'idle': 0.0679}"
956,npc_956,dialogue,trade,0.2483,0.11709999999999998,63.98187692584394,0.44070624674920855,deceptive,True,"{'talk': 0.0486, 'warn': -0.0442, 'intimidate': -0.064, 'flee': -0.0141, 'attack': -0.1755, 'help': 0.1312, 'report': 0.0446, 'trade': 0.2483, 'observe': -0.012, 'idle': 0.0233}"
957,npc_957,combat,trade,0.1968,0.03920000000000001,94.71543151691961,0.4513695133731024,free,True,"{'talk': -0.0586, 'warn': -0.0738, 'intimidate': -0.0017, 'flee': 0.0866, 'attack': 0.0262, 'help': 0.0033, 'report': 0.0431, 'trade': 0.1968, 'observe': 0.1576, 'idle': 0.1459}"
958,npc_958,combat,observe,0.2815,0.06599999999999998,66.96096354449598,0.4544146050144564,deceptive,True,"{'talk': 0.155, 'warn': 0.1101, 'intimidate': 0.1231, 'flee': -0.0086, 'attack': 0.0934, 'help': 0.0761, 'report': 0.1185, 'trade': 0.0089, 'observe': 0.2815, 'idle': 0.2155}"
959,npc_959,idle,observe,0.3594,0.2906,49.399174825864776,0.49222999025394354,broken,True,"{'talk': 0.0356, 'flee': 0.2232, 'observe': 0.3594, 'idle': 0.1938, 'opp_attention_component': 0.0, 'opp_distance_component': 0.0, 'opp_weapon_component': 0.0, 'opp_allies_component': 0.0, 'opp_raw_score': 0.0, 'opp_threshold': 0.65}"
960,npc_960,player_attacks,observe,0.3511,0.026400000000000035,38.25001407414479,0.7400379086728436,loyal,True,"{'talk': 0.0551, 'warn': -0.0633, 'intimidate': -1.0, 'flee': 0.1188, 'help': 0.0268, 'report': 0.024, 'trade': -0.0358, 'observe': 0.3511, 'idle': 0.3247}"
961,npc_961,npc_spoke,observe,0.4534,0.11960000000000004,1.0324395151297683,0.765955235864869,free,True,"{'talk': 0.0408, 'warn': 0.2505, 'intimidate': -1.0, 'flee': 0.3338, 'attack': -1.0, 'help': 0.1426, 'report': 0.2598, 'trade': 0.1086, 'observe': 0.4534, 'idle': 0.2727}"
962,npc_962,PLAYER_SPOKE,observe,0.5951,0.036599999999999966,41.4114842065956,0.4980081355137027,coerced,True,"{'talk': 0.2263, 'warn': 0.0707, 'intimidate': -1.0, 'flee': 0.1282, 'attack': -1.0, 'help': 0.0146, 'report': -0.0064, 'trade': 0.0442, 'observe': 0.5951, 'idle': 0.5585}"
963,npc_963,player_used_item,talk,0.2326,0.016500000000000015,15.090937608874711,0.924060552304129,deceptive,True,"{'talk': 0.2326, 'warn': 0.1135, 'intimidate': -1.0, 'flee': 0.0919, 'attack': -1.0, 'help': 0.1546, 'report': 0.0678, 'trade': 0.1428, 'observe': 0.2078, 'idle': 0.2161}"
964,npc_964,world_tick,flee,0.1963,0.4537,66.40803051288839,0.376983211010678,broken,False,"{'talk': 0.0961, 'flee': 0.1963, 'observe': 0.1893, 'idle': 0.1371, 'opp_attention_component': 0.0, 'opp_distance_component': 0.0, 'opp_weapon_component': 0.0, 'opp_allies_component': 0.0, 'opp_raw_score': 0.0, 'opp_threshold': 0.65}"
965,npc_965,npc_proximity_leave,idle,0.5556,0.09440000000000004,8.370795977696933,0.8288356898195726,broken,True,"{'talk': 0.1774, 'flee': 0.1549, 'observe': 0.4392, 'idle': 0.5556, 'opp_attention_component': 0.0, 'opp_distance_component': 0.0, 'opp_weapon_component': 0.0, 'opp_allies_component': 0.0, 'opp_raw_score': 0.0, 'opp_threshold': 0.65}"
966,npc_966,weather_changed,idle,0.3634,0.045399999999999996,32.67166187028875,0.30930388710515055,coerced,False,"{'talk': 0.318, 'warn': 0.0307, 'intimidate': -1.0, 'flee': 0.2647, 'attack': -1.0, 'help': 0.2901, 'report': 0.0637, 'trade': 0.1648, 'observe': 0.2004, 'idle': 0.3634}"
967,npc_967,sound_emitted,idle,0.5821,0.42579999999999996,63.78058821091548,0.7489343308716432,free,True,"{'talk': -0.0717, 'warn': 0.1055, 'intimidate': -1.0, 'flee': 0.1563, 'attack': -1.0, 'help': -0.0056, 'report': 0.0272, 'trade': 0.1419, 'observe': 0.0701, 'idle': 0.5821}"
968,npc_968,intimidation,idle,0.0,0.5278,4.547213229776991,0.21695816364763432,broken,True,"{'talk': 0.0377, 'flee': -0.03, 'observe': -0.0905, 'idle': 0.1222, 'opp_attention_component': 0.0, 'opp_distance_component': 0.0, 'opp_weapon_component': 0.0, 'opp_allies_component': 0.0, 'opp_raw_score': 0.0, 'opp_threshold': 0.65}"
969,npc_969,theft,report,0.4453,0.09079999999999999,16.088364656036536,0.5495527462653994,deceptive,True,"{'talk': 0.1275, 'warn': 0.3545, 'intimidate': -0.01, 'flee': -0.0334, 'attack': -0.0746, 'help': 0.0637, 'report': 0.4453, 'trade': 0.0748, 'observe': 0.0966, 'idle': -0.0576}"
970,npc_970,player_threatens,talk,0.3004,0.0383,0.3848845673840251,0.1794604306679427,loyal,True,"{'talk': 0.3004, 'warn': 0.1428, 'intimidate': 0.0347, 'flee': -0.0447, 'help': 0.1287, 'report': 0.2621, 'trade': 0.1657, 'observe': 0.0129, 'idle': 0.0151}"
971,npc_971,smell_emitted,observe,0.3922,0.13590000000000002,16.401409970696978,0.24406562639619833,loyal,True,"{'talk': 0.1568, 'warn': -0.0658, 'intimidate': -1.0, 'flee': 0.0811, 'help': 0.0188, 'report': -0.007, 'trade': -0.0335, 'observe': 0.3922, 'idle': 0.2563}"
972,npc_972,proximity_close,idle,0.0,0.014499999999999999,91.3050955618361,0.17703312931693638,coerced,True,"{'talk': -0.038, 'warn': 0.0322, 'intimidate': -0.3091, 'flee': -0.0565, 'attack': -0.2194, 'help': -0.0503, 'report': 0.0722, 'trade': 0.0867, 'observe': -0.0365, 'idle': 0.0424}"
973,npc_973,object_changed,idle,0.3652,0.022800000000000042,73.10898152799639,0.4610866065112733,free,True,"{'talk': 0.0107, 'warn': 0.2649, 'intimidate': -1.0, 'flee': 0.0773, 'attack': -1.0, 'help': 0.0944, 'report': 0.3424, 'trade': 0.0088, 'observe': 0.1047, 'idle': 0.3652}"
974,npc_974,combat,idle,0.4412,0.20880000000000004,16.7048148857608,0.52264667377212,broken,True,"{'talk': 0.266, 'flee': 0.0698, 'observe': 0.3741, 'idle': 0.4412, 'opp_attention_component': 0.0, 'opp_distance_component': 0.0, 'opp_weapon_component': 0.0, 'opp_allies_component': 0.0, 'opp_raw_score': 0.0, 'opp_threshold': 0.65}"
975,npc_975,PLAYER_SPOKE,warn,0.2561,0.0877,54.1017783379399,0.17819507967251713,coerced,True,"{'talk': 0.0817, 'warn': 0.2561, 'intimidate': -0.0992, 'flee': 0.0169, 'attack': -0.2347, 'help': -0.0072, 'report': 0.1684, 'trade': 0.0073, 'observe': 0.1233, 'idle': 0.1639}"
976,npc_976,player_used_item,observe,0.3347,0.0842,59.31766149811774,0.32615029233333237,deceptive,False,"{'talk': 0.1231, 'warn': 0.2247, 'intimidate': -1.0, 'flee': 0.2505, 'attack': -1.0, 'help': 0.0562, 'report': 0.1964, 'trade': -0.0357, 'observe': 0.3347, 'idle': 0.2498}"
977,npc_977,sound_emitted,idle,0.528,0.262,6.292913678638512,0.4844312147914892,loyal,True,"{'talk': 0.2037, 'warn': 0.2463, 'intimidate': -1.0, 'flee': 0.1601, 'help': 0.1862, 'report': 0.266, 'trade': 0.1839, 'observe': 0.1504, 'idle': 0.528}"
978,npc_978,faction_event,observe,0.4172,0.2328,11.254456200415996,0.45833554505547536,broken,True,"{'talk': 0.2258, 'flee': 0.1474, 'observe': 0.4172, 'idle': 0.2717, 'opp_attention_component': 0.0, 'opp_distance_component': 0.0, 'opp_weapon_component': 0.0, 'opp_allies_component': 0.0, 'opp_raw_score': 0.0, 'opp_threshold': 0.65}"
979,npc_979,npc_state_changed,report,0.5062,0.0469,66.2881341874672,0.009912761499486944,free,False,"{'talk': 0.0254, 'warn': 0.4593, 'intimidate': -0.1625, 'flee': 0.068, 'attack': -0.1775, 'help': -0.0335, 'report': 0.5062, 'trade': 0.1243, 'observe': 0.2034, 'idle': 0.1597}"
980,npc_980,combat,trade,0.2013,0.06460000000000002,10.43746528787347,0.5396239725733876,free,True,"{'talk': 0.1209, 'warn': 0.0564, 'intimidate': -1.0, 'flee': 0.0845, 'attack': -1.0, 'help': 0.1367, 'report': 0.1235, 'trade': 0.2013, 'observe': 0.1279, 'idle': 0.1336}"
981,npc_981,combat,idle,0.3073,0.024900000000000033,92.54543405781041,0.012725361043537387,free,True,"{'flee': 0.1305, 'observe': 0.2824, 'idle': 0.3073}"
982,npc_982,intimidation,idle,0.765,0.5123,19.15818961372079,0.8446707345336872,deceptive,True,"{'talk': 0.134, 'warn': 0.2151, 'intimidate': -1.0, 'flee': 0.1755, 'attack': -1.0, 'help': 0.0981, 'report': 0.2527, 'trade': 0.1811, 'observe': 0.1593, 'idle': 0.765}"
983,npc_983,help,talk,0.2104,0.4396,42.77267930832597,0.2309261953188726,broken,True,"{'talk': 0.2104, 'flee': 0.0764, 'observe': 0.0447, 'idle': 0.0654, 'opp_attention_component': 0.0, 'opp_distance_component': 0.0, 'opp_weapon_component': 0.0, 'opp_allies_component': 0.0, 'opp_raw_score': 0.0, 'opp_threshold': 0.65}"
984,npc_984,npc_spoke,idle,0.3708,0.14160000000000003,78.73974351444748,0.3441929937249558,deceptive,True,"{'talk': 0.144, 'warn': 0.0767, 'intimidate': -1.0, 'flee': 0.1983, 'attack': -1.0, 'help': 0.029, 'report': 0.1361, 'trade': 0.0314, 'observe': 0.2292, 'idle': 0.3708}"
985,npc_985,smell_emitted,observe,0.5509,0.09910000000000008,30.730317890942327,0.2885737023110262,broken,True,"{'talk': 0.4286, 'flee': 0.2192, 'observe': 0.5509, 'idle': 0.4167, 'opp_attention_component': 0.0, 'opp_distance_component': 0.0, 'opp_weapon_component': 0.0, 'opp_allies_component': 0.0, 'opp_raw_score': 0.0, 'opp_threshold': 0.65}"
986,npc_986,unknown,report,0.389,0.09870000000000001,10.162738089430434,0.5959320445087298,coerced,True,"{'talk': 0.2343, 'warn': 0.2564, 'intimidate': -0.0886, 'flee': 0.0311, 'attack': -0.0692, 'help': 0.2462, 'report': 0.389, 'trade': 0.2903, 'observe': -0.0451, 'idle': 0.01}"
987,npc_987,npc_interacts_npc,idle,0.3979,0.015100000000000002,42.5598686727888,0.7315064016459939,loyal,True,"{'talk': -0.0309, 'warn': 0.0238, 'intimidate': -0.0442, 'flee': 0.0313, 'help': 0.0522, 'report': 0.1842, 'trade': 0.1083, 'observe': 0.3828, 'idle': 0.3979}"
988,npc_988,combat,talk,0.3035,0.01429999999999998,48.925353861036434,0.054739127576263535,loyal,False,"{'talk': 0.3035, 'warn': 0.043, 'intimidate': 0.0081, 'flee': 0.0641, 'help': 0.125, 'report': 0.1194, 'trade': 0.2892, 'observe': 0.2394, 'idle': 0.1285}"
989,npc_989,time_passed,report,0.2182,0.020100000000000007,11.213498438348491,0.35640711769894473,loyal,True,"{'talk': 0.1468, 'warn': 0.1981, 'intimidate': -0.0925, 'flee': 0.1099, 'help': 0.1665, 'report': 0.2182, 'trade': 0.1102, 'observe': -0.0438, 'idle': 0.0984}"
990,npc_990,npc_state_changed,idle,0.3135,0.046999999999999986,87.38469242119439,0.825498287709875,loyal,True,"{'talk': 0.2306, 'warn': 0.1303, 'intimidate': -1.0, 'flee': 0.0673, 'help': 0.0095, 'report': 0.1116, 'trade': 0.0436, 'observe': 0.2665, 'idle': 0.3135}"
991,npc_991,player_attacks,idle,0.0,0.0025000000000000022,82.72099238250549,0.06259487802878716,deceptive,True,"{'talk': 0.022, 'warn': 0.018, 'intimidate': -0.2145, 'flee': 0.146, 'attack': -0.2987, 'help': -0.0152, 'report': 0.0478, 'trade': 0.1435, 'observe': 0.1075, 'idle': 0.0903}"
992,npc_992,proximity_close,idle,0.0,0.030499999999999985,29.25373634637618,0.7352206668197424,deceptive,True,"{'talk': 0.0009, 'warn': 0.0485, 'intimidate': -0.1568, 'flee': 0.0989, 'attack': -0.04, 'help': -0.0187, 'report': 0.0269, 'trade': -0.032, 'observe': 0.07, 'idle': 0.1294}"
993,npc_993,theft,report,0.9256,0.1714,26.199312486997826,0.5875419346624282,free,False,"{'talk': 0.2667, 'warn': 0.7542, 'intimidate': -0.235, 'flee': 0.212, 'attack': -0.1721, 'help': 0.1044, 'report': 0.9256, 'trade': 0.0285, 'observe': 0.2102, 'idle': 0.1532}"
994,npc_994,unknown,observe,0.1706,0.47940000000000005,40.95987503496641,0.17020118721240085,broken,True,"{'talk': 0.0859, 'flee': 0.1352, 'observe': 0.1706, 'idle': 0.0983, 'opp_attention_component': 0.0, 'opp_distance_component': 0.0, 'opp_weapon_component': 0.0, 'opp_allies_component': 0.0, 'opp_raw_score': 0.0, 'opp_threshold': 0.65}"
995,npc_995,player_insults,idle,0.5634,0.35340000000000005,74.18972560104868,0.14345922374320852,loyal,True,"{'talk': 0.1226, 'warn': 0.21, 'intimidate': -1.0, 'flee': 0.0546, 'help': 0.1658, 'report': 0.1296, 'trade': -0.0223, 'observe': 0.1127, 'idle': 0.5634}"
996,npc_996,player_moved,idle,0.3261,0.3239,89.8713686182717,0.7506127624258361,broken,True,"{'talk': 0.0004, 'flee': 0.0858, 'observe': 0.2551, 'idle': 0.3261, 'opp_attention_component': 0.0, 'opp_distance_component': 0.0, 'opp_weapon_component': 0.0, 'opp_allies_component': 0.0, 'opp_raw_score': 0.0, 'opp_threshold': 0.65}"
997,npc_997,proximity_leave,observe,0.6105,0.02750000000000008,20.992004519822526,0.8489212806252842,free,True,"{'talk': 0.1449, 'warn': 0.0555, 'intimidate': -1.0, 'flee': 0.1996, 'attack': -1.0, 'help': 0.0942, 'report': 0.1797, 'trade': 0.1104, 'observe': 0.6105, 'idle': 0.583}"
998,npc_998,object_moved,talk,0.2221,0.01579999999999998,4.699407793884369,0.42522544357636316,coerced,True,"{'talk': 0.2221, 'warn': -0.0221, 'intimidate': -0.0981, 'flee': -0.0486, 'attack': -0.1166, 'help': -0.0368, 'report': 0.0907, 'trade': 0.0535, 'observe': 0.2063, 'idle': 0.1649}"
999,npc_999,light_changed,talk,0.2092,0.021100000000000008,74.61288030774385,0.7872648059166448,coerced,True,"{'talk': 0.2092, 'warn': -0.0288, 'intimidate': -0.0167, 'flee': 0.0713, 'attack': -0.0413, 'help': 0.1349, 'report': 0.0608, 'trade': -0.0349, 'observe': 0.0234, 'idle': 0.1881}"
1000,npc_1000,smell_emitted,talk,0.4115,0.03469999999999995,71.71788597331712,0.8793196092220321,deceptive,True,"{'talk': 0.4115, 'warn': 0.1181, 'intimidate': -0.0113, 'flee': 0.2193, 'attack': 0.0139, 'help': 0.1562, 'report': 0.3768, 'trade': 0.0973, 'observe': 0.319, 'idle': 0.2737}"
1001,npc_1001,idle,idle,0.0,0.0668,40.094323134683016,0.7984791518649604,free,True,"{'talk': 0.0439, 'warn': -0.0002, 'intimidate': -0.3136, 'flee': 0.1107, 'attack': -0.3008, 'help': -0.0217, 'report': 0.0382, 'trade': 0.0119, 'observe': 0.0428, 'idle': 0.0203}"
1002,npc_1002,intimidation,warn,0.5217,0.021200000000000108,35.706835498450204,0.37983085431290653,loyal,False,"{'talk': 0.16, 'warn': 0.5217, 'intimidate': 0.3597, 'flee': 0.0018, 'help': 0.0571, 'report': 0.5005, 'trade': -0.0292, 'observe': 0.0988, 'idle': 0.0035}"
1003,npc_1003,unknown,observe,0.344,0.005199999999999982,29.498526585913577,0.2548874188693221,deceptive,False,"{'talk': 0.1443, 'warn': 0.2615, 'intimidate': -1.0, 'flee': 0.2448, 'attack': -1.0, 'help': 0.1987, 'report': 0.3388, 'trade': 0.0514, 'observe': 0.344, 'idle': 0.2037}"
1004,npc_1004,faction_event,flee,0.3746,0.1149,96.33345613214352,0.5468629375191213,coerced,False,"{'flee': 0.3746, 'observe': 0.2597, 'idle': 0.2137}"
1005,npc_1005,npc_state_changed,idle,0.4691,0.18460000000000004,22.991673344357068,0.021607738549593525,free,True,"{'talk': 0.1833, 'warn': 0.2216, 'intimidate': -1.0, 'flee': 0.1964, 'attack': -1.0, 'help': 0.2471, 'report': 0.2845, 'trade': 0.1962, 'observe': 0.0534, 'idle': 0.4691}"
1006,npc_1006,movement,talk,0.3009,0.3491,93.84844795887626,0.8711687648288984,broken,False,"{'talk': 0.3009, 'flee': 0.2131, 'observe': 0.2456, 'idle': 0.1803, 'opp_attention_component': 0.0, 'opp_distance_component': 0.0, 'opp_weapon_component': 0.0, 'opp_allies_component': 0.0, 'opp_raw_score': 0.0, 'opp_threshold': 0.65}"
1007,npc_1007,saved_life,flee,0.3156,0.33440000000000003,80.60440983831569,0.7888361819510037,broken,False,"{'talk': 0.1586, 'flee': 0.3156, 'observe': 0.2218, 'idle': 0.263, 'opp_attention_component': 0.0, 'opp_distance_component': 0.0, 'opp_weapon_component': 0.0, 'opp_allies_component': 0.0, 'opp_raw_score': 0.0, 'opp_threshold': 0.65}"
1008,npc_1008,npc_state_changed,help,0.4649,0.0031999999999999806,21.44490585081501,0.01392456016987631,coerced,False,"{'talk': 0.4617, 'warn': 0.4316, 'intimidate': -0.0622, 'flee': 0.089, 'attack': -0.1561, 'help': 0.4649, 'report': 0.3875, 'trade': 0.1942, 'observe': 0.0772, 'idle': 0.1747}"
1009,npc_1009,light_changed,warn,0.3245,0.00040000000000001146,96.98884341084899,0.8473823977290517,coerced,False,"{'talk': 0.1802, 'warn': 0.3245, 'intimidate': -0.2592, 'flee': 0.1283, 'attack': -0.2502, 'help': 0.1097, 'report': 0.3241, 'trade': 0.1088, 'observe': 0.0579, 'idle': 0.022}"
1010,npc_1010,movement,warn,0.5845,0.024499999999999966,9.970478389431648,0.9978306351660423,loyal,False,"{'talk': 0.0626, 'warn': 0.5845, 'intimidate': -1.0, 'flee': 0.4544, 'help': 0.1679, 'report': 0.439, 'trade': 0.4491, 'observe': 0.4285, 'idle': 0.56}"
1011,npc_1011,npc_spoke,talk,0.4856,0.0827,15.102335620231033,0.9333018256301898,coerced,True,"{'talk': 0.4856, 'warn': 0.1607, 'intimidate': -0.0343, 'flee': 0.0877, 'attack': 0.0072, 'help': 0.2439, 'report': 0.4029, 'trade': 0.0509, 'observe': 0.0517, 'idle': 0.0101}"
1012,npc_1012,proximity_close,report,0.3022,0.0029000000000000137,5.161769714538778,0.4316211573721227,coerced,False,"{'talk': 0.1972, 'warn': 0.2993, 'intimidate': -1.0, 'flee': 0.2311, 'attack': -1.0, 'help': 0.1741, 'report': 0.3022, 'trade': -0.0309, 'observe': 0.1869, 'idle': 0.232}"
1013,npc_1013,object_destroyed,report,0.3314,0.008499999999999952,72.14417020644393,0.4092701595905138,free,False,"{'talk': -0.0401, 'warn': 0.3229, 'intimidate': -0.2681, 'flee': 0.097, 'attack': -0.456, 'help': 0.0632, 'report': 0.3314, 'trade': 0.1564, 'observe': 0.0082, 'idle': 0.0459}"
1014,npc_1014,faction_event,idle,0.4013,0.214,75.2635238905939,0.16024770657363674,loyal,True,"{'talk': 0.1873, 'warn': 0.1065, 'intimidate': -1.0, 'flee': 0.0171, 'help': 0.0917, 'report': 0.1687, 'trade': 0.0106, 'observe': 0.0397, 'idle': 0.4013}"
1015,npc_1015,PLAYER_SPOKE,idle,0.0,0.060899999999999996,74.34815124236991,0.11095934040456579,free,True,"{'talk': 0.0581, 'warn': 0.0154, 'intimidate': -0.1273, 'flee': -0.0119, 'attack': -0.0136, 'help': 0.072, 'report': -0.0434, 'trade': 0.1329, 'observe': 0.0611, 'idle': 0.0182}"
1016,npc_1016,npc_spoke,warn,0.569,0.029899999999999927,1.5396752536823821,0.5877131541809297,coerced,False,"{'talk': 0.1515, 'warn': 0.569, 'intimidate': -1.0, 'flee': 0.5073, 'attack': -1.0, 'help': 0.2026, 'report': 0.4809, 'trade': 0.5391, 'observe': 0.4846, 'idle': 0.3216}"
1017,npc_1017,idle,flee,0.4529,0.1971,9.43733768511511,0.07890280821580942,broken,False,"{'talk': 0.388, 'flee': 0.4529, 'observe': 0.4186, 'idle': 0.4445, 'opp_attention_component': 0.0, 'opp_distance_component': 0.0, 'opp_weapon_component': 0.0, 'opp_allies_component': 0.0, 'opp_raw_score': 0.0, 'opp_threshold': 0.65}"
1018,npc_1018,player_attacks,idle,0.2577,0.15899999999999997,11.044010758153444,0.9221873495101456,deceptive,True,"{'talk': 0.0657, 'warn': -0.0569, 'intimidate': -0.0726, 'flee': 0.0576, 'attack': -0.1079, 'help': -0.0446, 'report': 0.0987, 'trade': 0.0031, 'observe': 0.0797, 'idle': 0.2577}"
1019,npc_1019,PLAYER_SPOKE,report,0.1794,0.0876,90.78546018128962,0.45618651255084497,coerced,True,"{'talk': 0.0219, 'warn': 0.0906, 'intimidate': 0.0402, 'flee': -0.0358, 'attack': 0.0688, 'help': 0.0918, 'report': 0.1794, 'trade': 0.0286, 'observe': 0.086, 'idle': 0.033}"
1020,npc_1020,player_attacks,idle,0.299,0.17619999999999997,57.128060413134875,0.8238797915617744,coerced,True,"{'talk': 0.0523, 'warn': 0.0458, 'intimidate': -1.0, 'flee': 0.0436, 'attack': -1.0, 'help': 0.0621, 'report': 0.0874, 'trade': 0.1056, 'observe': 0.1228, 'idle': 0.299}"
1021,npc_1021,combat,talk,0.2249,0.06509999999999999,50.416968135327345,0.5277840674684824,deceptive,True,"{'talk': 0.2249, 'warn': 0.0796, 'intimidate': -0.081, 'flee': 0.0581, 'attack': 0.1151, 'help': 0.1279, 'report': 0.063, 'trade': 0.0533, 'observe': 0.0831, 'idle': 0.1598}"
1022,npc_1022,faction_event,idle,0.411,0.05349999999999999,0.1978338218923681,0.37690336442490524,deceptive,True,"{'talk': 0.0533, 'warn': 0.3575, 'intimidate': -0.1533, 'flee': 0.1322, 'attack': -0.1621, 'help': -0.0248, 'report': 0.3491, 'trade': 0.3428, 'observe': 0.2281, 'idle': 0.411}"
1023,npc_1023,proximity_leave,talk,0.4804,0.05199999999999999,95.49449746003297,0.7529685701532849,coerced,True,"{'talk': 0.4804, 'warn': 0.0803, 'intimidate': -0.1003, 'flee': 0.0644, 'attack': -0.0457, 'help': 0.0388, 'report': 0.2007, 'trade': 0.1248, 'observe': 0.3959, 'idle': 0.4284}"
1024,npc_1024,time_passed,report,0.1892,0.0426,30.0201569075336,0.9428027484906452,loyal,True,"{'talk': -0.0628, 'warn': 0.1466, 'intimidate': -0.0866, 'flee': -0.0388, 'help': 0.0493, 'report': 0.1892, 'trade': 0.1121, 'observe': 0.029, 'idle': 0.0488}"
1025,npc_1025,faction_event,observe,0.5643,0.04500000000000004,95.30922580187709,0.8823804712680202,loyal,True,"{'flee': 0.1462, 'observe': 0.5643, 'idle': 0.5193}"
1026,npc_1026,PLAYER_SPOKE,trade,0.1907,0.020500000000000018,27.773408899361595,0.3750618170458796,loyal,True,"{'talk': 0.1702, 'warn': 0.1408, 'intimidate': -0.213, 'flee': -0.017, 'help': 0.0085, 'report': -0.0415, 'trade': 0.1907, 'observe': 0.1089, 'idle': 0.1326}"
1027,npc_1027,sound_emitted,idle,0.5239,0.3355,70.63399685173557,0.5069956269279684,coerced,True,"{'talk': 0.0385, 'warn': 0.0911, 'intimidate': -1.0, 'flee': 0.1247, 'attack': -1.0, 'help': -0.0666, 'report': 0.0967, 'trade': 0.1024, 'observe': 0.1884, 'idle': 0.5239}"
1028,npc_1028,theft,talk,0.2339,0.0746,46.75689878121131,0.9709390118170782,coerced,True,"{'talk': 0.2339, 'warn': 0.0869, 'intimidate': -0.1016, 'flee': 0.0033, 'attack': -0.2095, 'help': 0.011, 'report': 0.0157, 'trade': 0.0409, 'observe': 0.1593, 'idle': 0.0889}"
1029,npc_1029,PLAYER_SPOKE,warn,0.2917,0.0892,62.8341787879835,0.3459515688155652,deceptive,False,"{'talk': 0.012, 'warn': 0.2917, 'intimidate': -0.3474, 'flee': 0.0623, 'attack': -0.298, 'help': 0.1614, 'report': 0.1659, 'trade': 0.2025, 'observe': -0.0492, 'idle': 0.0602}"
1030,npc_1030,betrayal,idle,0.1705,0.007300000000000001,8.973107280884884,0.20050383346981693,loyal,True,"{'talk': 0.0959, 'warn': -0.0107, 'intimidate': -0.3272, 'flee': 0.0916, 'help': 0.0656, 'report': 0.034, 'trade': 0.1632, 'observe': -0.0083, 'idle': 0.1705}"
1031,npc_1031,weather_changed,idle,0.5126,0.15709999999999996,31.205655918892962,0.30546150099554326,coerced,True,"{'talk': 0.1565, 'warn': 0.3555, 'intimidate': -1.0, 'flee': 0.1532, 'attack': -1.0, 'help': 0.0275, 'report': 0.2975, 'trade': 0.0859, 'observe': 0.1337, 'idle': 0.5126}"
1032,npc_1032,npc_state_changed,idle,0.0,0.5083,98.30355435979203,0.8453442912466881,broken,True,"{'talk': 0.0433, 'flee': 0.1159, 'observe': -0.0111, 'idle': 0.1417, 'opp_attention_component': 0.0, 'opp_distance_component': 0.0, 'opp_weapon_component': 0.0, 'opp_allies_component': 0.0, 'opp_raw_score': 0.0, 'opp_threshold': 0.65}"
1033,npc_1033,player_attacks,talk,0.435,0.15350000000000003,84.73040120177383,0.35108239152939846,deceptive,True,"{'talk': 0.435, 'warn': 0.1357, 'intimidate': -1.0, 'flee': 0.0907, 'attack': -1.0, 'help': 0.0778, 'report': 0.1276, 'trade': 0.002, 'observe': 0.2778, 'idle': 0.2815}"
1034,npc_1034,npc_interacts_npc,idle,0.3833,0.29209999999999997,82.98693305292694,0.6391119450903944,free,True,"{'talk': -0.013, 'warn': 0.0758, 'intimidate': -0.0227, 'flee': 0.0912, 'attack': 0.0267, 'help': -0.0446, 'report': -0.0295, 'trade': -0.0474, 'observe': -0.0622, 'idle': 0.3833}"
1035,npc_1035,npc_state_changed,observe,0.3845,0.010800000000000032,72.60582031255673,0.5476837542083887,coerced,False,"{'talk': 0.2138, 'warn': 0.3519, 'intimidate': -1.0, 'flee': 0.2923, 'attack': -1.0, 'help': 0.0999, 'report': 0.3737, 'trade': 0.2689, 'observe': 0.3845, 'idle': 0.2694}"
1036,npc_1036,npc_proximity_leave,idle,0.4152,0.2594,80.10298481811203,0.12372478918042285,loyal,True,"{'talk': -0.0191, 'warn': 0.1066, 'intimidate': 0.0011, 'flee': 0.1558, 'help': 0.0325, 'report': 0.0725, 'trade': 0.0362, 'observe': 0.1191, 'idle': 0.4152}"
1037,npc_1037,smell_emitted,talk,0.204,0.44600000000000006,50.04427945198976,0.7240156536159879,broken,True,"{'talk': 0.204, 'flee': -0.0517, 'observe': -0.0171, 'idle': 0.0216, 'opp_attention_component': 0.0, 'opp_distance_component': 0.0, 'opp_weapon_component': 0.0, 'opp_allies_component': 0.0, 'opp_raw_score': 0.0, 'opp_threshold': 0.65}"
1038,npc_1038,player_attacks,report,0.1909,0.04479999999999998,65.65115209650388,0.18648810868810528,free,True,"{'talk': 0.1132, 'warn': 0.0995, 'intimidate': -0.1536, 'flee': 0.0684, 'attack': -0.2422, 'help': 0.1122, 'report': 0.1909, 'trade': 0.1461, 'observe': 0.0341, 'idle': 0.0616}"
1039,npc_1039,player_interacts,trade,0.5097,0.21620000000000006,6.248197704182945,0.4467218112257032,loyal,False,"{'talk': 0.0538, 'warn': 0.0295, 'intimidate': -0.575, 'flee': 0.0385, 'help': -0.0687, 'report': 0.1091, 'trade': 0.5097, 'observe': 0.2935, 'idle': 0.2146}"
1040,npc_1040,unknown,idle,0.3074,0.10439999999999999,55.47758818785912,0.8846261026735674,coerced,True,"{'talk': 0.0945, 'warn': 0.198, 'intimidate': -1.0, 'flee': 0.0449, 'attack': -1.0, 'help': 0.144, 'report': 0.1238, 'trade': 0.0905, 'observe': 0.203, 'idle': 0.3074}"
1041,npc_1041,object_moved,idle,0.2652,0.38480000000000003,92.12644994961141,0.9582044142302089,broken,True,"{'talk': 0.1226, 'flee': 0.0885, 'observe': 0.1026, 'idle': 0.2652, 'opp_attention_component': 0.0, 'opp_distance_component': 0.0, 'opp_weapon_component': 0.0, 'opp_allies_component': 0.0, 'opp_raw_score': 0.0, 'opp_threshold': 0.65}"
1042,npc_1042,faction_event,report,0.5199,0.03440000000000004,71.50588723026037,0.10578362216615655,loyal,False,"{'talk': -0.0178, 'warn': 0.4855, 'intimidate': -1.0, 'flee': 0.2465, 'help': 0.1433, 'report': 0.5199, 'trade': 0.2728, 'observe': 0.3663, 'idle': 0.2777}"
1043,npc_1043,object_changed,flee,0.4563,0.0378,48.51646597597599,0.878306660199354,free,False,"{'talk': 0.3044, 'warn': 0.4185, 'intimidate': -1.0, 'flee': 0.4563, 'attack': -1.0, 'help': 0.3884, 'report': 0.3611, 'trade': 0.1888, 'observe': 0.3148, 'idle': 0.3975}"
1044,npc_1044,player_asks_why,explain,1.0,1.0,19.415465592147818,0.39526136937743994,free,True,{'explain': 1.0}
1045,npc_1045,player_asks_why,explain,1.0,1.0,35.65073092750699,0.24590781761753688,broken,True,{'explain': 1.0}
1046,npc_1046,betrayal,report,0.211,0.06469999999999998,52.2681741169421,0.28206930196683566,free,True,"{'talk': 0.1108, 'warn': 0.1463, 'intimidate': -0.0745, 'flee': -0.0608, 'attack': -0.0028, 'help': 0.074, 'report': 0.211, 'trade': 0.0746, 'observe': 0.0806, 'idle': 0.0302}"
1047,npc_1047,player_talks,idle,0.6141,0.4605,4.685071965575293,0.37705698964201784,loyal,True,"{'talk': -0.0291, 'warn': 0.0385, 'intimidate': -1.0, 'flee': 0.1431, 'help': -0.0037, 'report': 0.0399, 'trade': 0.0892, 'observe': 0.1536, 'idle': 0.6141}"
1048,npc_1048,sound_emitted,idle,0.2728,0.1634,88.0464455195174,0.2595766765527978,deceptive,True,"{'talk': -0.0833, 'warn': 0.0645, 'intimidate': -0.0742, 'flee': 0.056, 'attack': 0.0084, 'help': -0.0556, 'report': 0.1094, 'trade': 0.0303, 'observe': 0.0887, 'idle': 0.2728}"
1049,npc_1049,npc_proximity_close,flee,0.2191,0.43090000000000006,13.398640777327275,0.49775053938247005,broken,True,"{'talk': 0.0585, 'flee': 0.2191, 'observe': 0.1239, 'idle': 0.0984, 'opp_attention_component': 0.0, 'opp_distance_component': 0.0, 'opp_weapon_component': 0.0, 'opp_allies_component': 0.0, 'opp_raw_score': 0.0, 'opp_threshold': 0.65}"
1050,npc_1050,player_insults,talk,0.3461,0.11530000000000001,77.17018744363159,0.1413464250913148,deceptive,False,"{'talk': 0.3461, 'warn': 0.0728, 'intimidate': 0.0493, 'flee': 0.1552, 'attack': 0.056, 'help': 0.2308, 'report': -0.0504, 'trade': 0.1403, 'observe': 0.059, 'idle': 0.0989}"
1051,npc_1051,npc_state_changed,observe,0.2017,0.07499999999999998,9.770262603965385,0.5300762803550492,deceptive,True,"{'talk': 0.1128, 'warn': 0.0872, 'intimidate': -0.1125, 'flee': 0.0694, 'attack': -0.0285, 'help': 0.0427, 'report': 0.1122, 'trade': 0.0852, 'observe': 0.2017, 'idle': 0.1267}"
1052,npc_1052,sound_emitted,flee,0.2999,0.3501,52.8077307364543,0.1859364923462311,broken,False,"{'talk': 0.0357, 'flee': 0.2999, 'observe': 0.2504, 'idle': 0.2429, 'opp_attention_component': 0.0, 'opp_distance_component': 0.0, 'opp_weapon_component': 0.0, 'opp_allies_component': 0.0, 'opp_raw_score': 0.0, 'opp_threshold': 0.65}"
1053,npc_1053,dialogue,idle,0.5804,0.4477,96.68951326671753,0.138363155410696,coerced,True,"{'flee': 0.0968, 'observe': 0.1327, 'idle': 0.5804}"
1054,npc_1054,object_moved,idle,0.3069,0.060700000000000004,77.74207758554596,0.025399347300113395,loyal,True,"{'talk': -0.0667, 'warn': 0.0635, 'intimidate': -1.0, 'flee': 0.1415, 'help': -0.0335, 'report': 0.1469, 'trade': 0.1426, 'observe': 0.2462, 'idle': 0.3069}"
1055,npc_1055,npc_state_changed,observe,0.2929,0.35710000000000003,41.14938858913767,0.595378755642741,broken,True,"{'talk': 0.1383, 'flee': 0.1476, 'observe': 0.2929, 'idle': 0.1985, 'opp_attention_component': 0.0, 'opp_distance_component': 0.0, 'opp_weapon_component': 0.0, 'opp_allies_component': 0.0, 'opp_raw_score': 0.0, 'opp_threshold': 0.65}"
1056,npc_1056,player_moved,warn,0.2643,0.019199999999999967,45.5441666607877,0.1760637177187293,coerced,True,"{'talk': 0.0939, 'warn': 0.2643, 'intimidate': -1.0, 'flee': 0.2012, 'attack': -1.0, 'help': 0.1182, 'report': 0.2451, 'trade': 0.0109, 'observe': 0.1534, 'idle': 0.2229}"
1057,npc_1057,object_destroyed,report,0.5542,0.021299999999999986,61.67880884039467,0.268204866626484,loyal,True,"{'talk': 0.4843, 'warn': 0.2535, 'intimidate': -1.0, 'flee': 0.3751, 'help': 0.3417, 'report': 0.5542, 'trade': 0.061, 'observe': 0.4072, 'idle': 0.5329}"
1058,npc_1058,dialogue,observe,0.5588,0.13549999999999995,79.47134416520078,0.890483440951564,deceptive,True,"{'talk': 0.2169, 'warn': 0.0987, 'intimidate': -1.0, 'flee': 0.1329, 'attack': -1.0, 'help': 0.0817, 'report': -0.0448, 'trade': 0.113, 'observe': 0.5588, 'idle': 0.4233}"
1059,npc_1059,saved_life,report,0.1663,0.01419999999999999,68.52508858649455,0.19828450835256706,deceptive,True,"{'talk': -0.0019, 'warn': -0.0236, 'intimidate': -0.2006, 'flee': 0.0336, 'attack': -0.0626, 'help': -0.0512, 'report': 0.1663, 'trade': 0.1521, 'observe': 0.0092, 'idle': 0.0454}"
1060,npc_1060,proximity_close,flee,0.5823,0.06769999999999998,53.99312393538087,0.3976985346990233,broken,False,"{'talk': 0.291, 'flee': 0.5823, 'observe': 0.3933, 'idle': 0.4534, 'opp_attention_component': 0.0, 'opp_distance_component': 0.0, 'opp_weapon_component': 0.0, 'opp_allies_component': 0.0, 'opp_raw_score': 0.0, 'opp_threshold': 0.65}"
1061,npc_1061,dialogue,observe,0.2512,0.10389999999999999,18.018236414282118,0.5725919240554641,coerced,True,"{'talk': 0.1473, 'warn': 0.1043, 'intimidate': -0.0284, 'flee': 0.0761, 'attack': -0.096, 'help': 0.0444, 'report': 0.1395, 'trade': 0.0174, 'observe': 0.2512, 'idle': 0.1244}"
1062,npc_1062,intimidation,talk,0.3443,0.033899999999999986,55.29647666552757,0.5881121046040354,loyal,True,"{'talk': 0.3443, 'warn': -0.0577, 'intimidate': -0.08, 'flee': 0.2343, 'help': 0.1157, 'report': -0.0621, 'trade': 0.2797, 'observe': 0.2855, 'idle': 0.3104}"
1063,npc_1063,player_insults,talk,0.6019,0.08230000000000004,71.48684108433578,0.8444423911851446,coerced,True,"{'talk': 0.6019, 'warn': -0.0063, 'intimidate': -1.0, 'flee': 0.0864, 'attack': -1.0, 'help': 0.0484, 'report': 0.1254, 'trade': -0.0542, 'observe': 0.4942, 'idle': 0.5196}"
1064,npc_1064,time_passed,talk,0.3223,0.32770000000000005,34.849590776203875,0.006560541372034545,broken,False,"{'talk': 0.3223, 'flee': 0.0832, 'observe': 0.0199, 'idle': 0.054, 'opp_attention_component': 0.0, 'opp_distance_component': 0.0, 'opp_weapon_component': 0.0, 'opp_allies_component': 0.0, 'opp_raw_score': 0.0, 'opp_threshold': 0.65}"
1065,npc_1065,player_cast_spell,report,0.1577,0.03610000000000001,89.7462114940511,0.5042936415460659,loyal,True,"{'talk': 0.0561, 'warn': 0.0975, 'intimidate': -0.1034, 'flee': -0.0628, 'help': 0.082, 'report': 0.1577, 'trade': 0.1216, 'observe': 0.0276, 'idle': 0.0635}"
1066,npc_1066,PLAYER_SPOKE,observe,0.4069,0.24310000000000004,34.68196210587817,0.645109476376261,broken,True,"{'talk': 0.3188, 'flee': 0.3409, 'observe': 0.4069, 'idle': 0.3698, 'opp_attention_component': 0.0, 'opp_distance_component': 0.0, 'opp_weapon_component': 0.0, 'opp_allies_component': 0.0, 'opp_raw_score': 0.0, 'opp_threshold': 0.65}"
1067,npc_1067,player_moved,warn,0.6409,0.17360000000000003,40.148849932914906,0.5879981470979396,free,False,"{'talk': 0.0648, 'warn': 0.6409, 'intimidate': -0.1659, 'flee': -0.0483, 'attack': -0.1319, 'help': 0.0496, 'report': 0.4673, 'trade': 0.0236, 'observe': 0.0562, 'idle': -0.0403}"
1068,npc_1068,proximity_leave,idle,0.0,0.513,9.987455965293623,0.12810883629436876,broken,True,"{'talk': 0.137, 'flee': 0.0416, 'observe': 0.0357, 'idle': 0.1123, 'opp_attention_component': 0.0, 'opp_distance_component': 0.0, 'opp_weapon_component': 0.0, 'opp_allies_component': 0.0, 'opp_raw_score': 0.0, 'opp_threshold': 0.65}"
1069,npc_1069,object_moved,idle,0.0,0.5669000000000001,2.6449702713709056,0.7418266972851716,broken,True,"{'talk': 0.0831, 'flee': -0.0489, 'observe': -0.0579, 'idle': 0.0156, 'opp_attention_component': 0.0, 'opp_distance_component': 0.0, 'opp_weapon_component': 0.0, 'opp_allies_component': 0.0, 'opp_raw_score': 0.0, 'opp_threshold': 0.65}"
1070,npc_1070,player_used_item,idle,0.6446,0.5302,10.036751316403357,0.6661903846361951,deceptive,True,"{'talk': 0.1144, 'warn': 0.0462, 'intimidate': -1.0, 'flee': -0.0312, 'attack': -1.0, 'help': 0.1057, 'report': 0.0056, 'trade': 0.0557, 'observe': 0.0091, 'idle': 0.6446}"
1071,npc_1071,weather_changed,report,0.4175,0.07350000000000001,62.82825529418513,0.5397006257714102,coerced,False,"{'talk': 0.0186, 'warn': 0.344, 'intimidate': -0.2583, 'flee': 0.3195, 'attack': -0.2881, 'help': 0.0422, 'report': 0.4175, 'trade': 0.1252, 'observe': 0.3357, 'idle': 0.2243}"
1072,npc_1072,npc_moved,observe,0.4053,0.06979999999999997,35.42901508158073,0.05715979759342338,loyal,True,"{'talk': 0.0023, 'warn': 0.0534, 'intimidate': -1.0, 'flee': 0.1343, 'help': 0.023, 'report': 0.0241, 'trade': 0.1202, 'observe': 0.4053, 'idle': 0.3355}"
1073,npc_1073,help,idle,0.1515,0.49850000000000005,71.06014623771213,0.17190108461670173,broken,True,"{'talk': -0.0592, 'flee': 0.0733, 'observe': 0.0017, 'idle': 0.1515, 'opp_attention_component': 0.0, 'opp_distance_component': 0.0, 'opp_weapon_component': 0.0, 'opp_allies_component': 0.0, 'opp_raw_score': 0.0, 'opp_threshold': 0.65}"
1074,npc_1074,smell_emitted,talk,0.1642,0.4858,15.90239791021757,0.7549819879702444,broken,True,"{'talk': 0.1642, 'flee': 0.1115, 'observe': -0.025, 'idle': 0.1553, 'opp_attention_component': 0.0, 'opp_distance_component': 0.0, 'opp_weapon_component': 0.0, 'opp_allies_component': 0.0, 'opp_raw_score': 0.0, 'opp_threshold': 0.65}"
1075,npc_1075,help,report,0.2482,0.055800000000000016,8.718951260651275,0.011444671363093017,deceptive,True,"{'talk': 0.1223, 'warn': 0.1924, 'intimidate': -0.3273, 'flee': 0.1032, 'attack': -0.2357, 'help': -0.0359, 'report': 0.2482, 'trade': 0.1133, 'observe': 0.0819, 'idle': 0.0951}"
1076,npc_1076,time_passed,report,0.2587,0.08579999999999999,64.70159071634569,0.07487117536293153,free,True,"{'talk': 0.0428, 'warn': 0.1729, 'intimidate': -0.0426, 'flee': 0.093, 'attack': -0.1578, 'help': 0.1051, 'report': 0.2587, 'trade': 0.1389, 'observe': 0.0142, 'idle': -0.0303}"
1077,npc_1077,npc_spoke,warn,0.2405,0.03509999999999999,96.50905431901491,0.4858535353770541,deceptive,True,"{'talk': 0.0455, 'warn': 0.2405, 'intimidate': -0.075, 'flee': -0.0584, 'attack': -0.2525, 'help': 0.1135, 'report': 0.2054, 'trade': 0.1507, 'observe': 0.0934, 'idle': 0.1109}"
1078,npc_1078,npc_proximity_close,observe,0.5504,0.03310000000000002,46.30288345624815,0.4446928935212072,coerced,True,"{'talk': 0.5173, 'warn': 0.1148, 'intimidate': -1.0, 'flee': 0.1754, 'attack': -1.0, 'help': 0.1415, 'report': 0.2292, 'trade': 0.1184, 'observe': 0.5504, 'idle': 0.5123}"
1079,npc_1079,npc_spoke,idle,0.2182,0.035,71.5416186296506,0.8171273565866457,coerced,True,"{'talk': 0.0597, 'warn': 0.1566, 'intimidate': -0.149, 'flee': 0.1225, 'attack': -0.1883, 'help': 0.1191, 'report': 0.1832, 'trade': 0.1414, 'observe': 0.1211, 'idle': 0.2182}"
1080,npc_1080,object_changed,warn,0.536,0.05450000000000005,81.87894543814897,0.47338146960581684,free,True,"{'talk': 0.259, 'warn': 0.536, 'intimidate': -1.0, 'flee': 0.2475, 'attack': -1.0, 'help': 0.2162, 'report': 0.4815, 'trade': 0.1671, 'observe': 0.2768, 'idle': 0.3902}"
1081,npc_1081,npc_proximity_close,idle,0.0,0.030100000000000002,26.660870590430218,0.16821826412546848,deceptive,True,"{'talk': 0.0464, 'warn': 0.005, 'intimidate': -0.156, 'flee': 0.1006, 'attack': -0.0683, 'help': 0.1113, 'report': 0.0445, 'trade': 0.0312, 'observe': 0.1414, 'idle': 0.0894}"
1082,npc_1082,player_asks_why,explain,1.0,1.0,41.80216160372786,0.4676104796898112,deceptive,True,{'explain': 1.0}
1083,npc_1083,time_passed,idle,0.2386,0.1228,23.44558337426713,0.8352290674901244,coerced,True,"{'talk': 0.0892, 'warn': 0.0932, 'intimidate': -0.1365, 'flee': 0.1158, 'attack': -0.2207, 'help': -0.0338, 'report': 0.102, 'trade': 0.0255, 'observe': 0.1101, 'idle': 0.2386}"
1084,npc_1084,sound_emitted,idle,0.0,0.024800000000000003,27.58073673567076,0.3751764825161873,deceptive,True,"{'talk': -0.0094, 'warn': 0.0107, 'intimidate': 0.0364, 'flee': 0.0359, 'attack': 0.015, 'help': -0.0693, 'report': 0.0424, 'trade': 0.0722, 'observe': 0.0474, 'idle': 0.0209}"
1085,npc_1085,movement,idle,0.0,0.0859,51.94672150371,0.5712533744689677,coerced,True,"{'talk': 0.1413, 'warn': 0.0047, 'intimidate': -0.2581, 'flee': -0.0974, 'attack': -0.1509, 'help': 0.0554, 'report': 0.0099, 'trade': -0.0073, 'observe': -0.0, 'idle': -0.0782}"
1086,npc_1086,object_destroyed,idle,0.0,0.008599999999999997,41.18974488444533,0.8994252758957816,coerced,True,"{'talk': 0.048, 'warn': 0.0396, 'intimidate': -0.2974, 'flee': 0.0024, 'attack': -0.2911, 'help': 0.0765, 'report': 0.0541, 'trade': 0.0679, 'observe': -0.0352, 'idle': -0.0041}"
1087,npc_1087,theft,idle,0.3872,0.10220000000000001,54.79936445729133,0.4206296981149361,deceptive,True,"{'talk': 0.0022, 'warn': 0.0681, 'intimidate': -0.2148, 'flee': 0.0529, 'attack': -0.0687, 'help': -0.0348, 'report': -0.0235, 'trade': 0.0519, 'observe': 0.285, 'idle': 0.3872}"
1088,npc_1088,npc_proximity_leave,idle,0.9277,0.8224,41.47100389327878,0.696375582479218,loyal,True,"{'talk': -0.0432, 'warn': -0.0056, 'intimidate': -1.0, 'flee': -0.0379, 'help': -0.004, 'report': 0.1053, 'trade': 0.0978, 'observe': -0.0138, 'idle': 0.9277}"
1089,npc_1089,player_cast_spell,idle,0.2101,0.1371,5.868270443649393,0.7649942390632539,loyal,True,"{'talk': 0.0588, 'warn': 0.0397, 'intimidate': -0.2159, 'flee': 0.0143, 'help': 0.073, 'report': 0.0667, 'trade': 0.0527, 'observe': -0.0049, 'idle': 0.2101}"
1090,npc_1090,movement,talk,0.4792,0.0037000000000000366,58.135432137035835,0.6157096853859134,loyal,True,"{'talk': 0.4792, 'warn': 0.025, 'intimidate': -1.0, 'flee': 0.3052, 'help': 0.229, 'report': 0.0269, 'trade': 0.0976, 'observe': 0.4755, 'idle': 0.4582}"
1091,npc_1091,object_destroyed,observe,0.2586,0.060700000000000004,61.074596093903864,0.1577350723013805,loyal,True,"{'talk': 0.0844, 'warn': 0.0282, 'intimidate': 0.0414, 'flee': -0.0332, 'help': 0.0498, 'report': 0.0247, 'trade': 0.1363, 'observe': 0.2586, 'idle': 0.1979}"
1092,npc_1092,world_tick,idle,0.0,0.5761000000000001,97.83947722505538,0.5988143993886725,broken,True,"{'talk': 0.0389, 'flee': 0.0189, 'observe': 0.0739, 'idle': -0.0118, 'opp_attention_component': 0.0, 'opp_distance_component': 0.0, 'opp_weapon_component': 0.0, 'opp_allies_component': 0.0, 'opp_raw_score': 0.0, 'opp_threshold': 0.65}"
1093,npc_1093,light_changed,trade,0.2214,0.08300000000000002,82.2026042196012,0.11164604436073655,free,True,"{'talk': -0.03, 'warn': 0.0699, 'intimidate': -0.1942, 'flee': 0.0736, 'attack': -0.0712, 'help': 0.1384, 'report': 0.0171, 'trade': 0.2214, 'observe': -0.0401, 'idle': 0.1343}"
1094,npc_1094,saved_life,observe,0.4241,0.03969999999999996,92.10080707275353,0.6540489458367393,free,True,"{'flee': 0.1046, 'observe': 0.4241, 'idle': 0.3844}"
1095,npc_1095,object_destroyed,idle,0.4753,0.1904,3.1445469838242035,0.8590028737901895,deceptive,True,"{'talk': 0.255, 'warn': 0.2408, 'intimidate': -1.0, 'flee': 0.1582, 'attack': -1.0, 'help': 0.1452, 'report': 0.2305, 'trade': 0.0921, 'observe': 0.2849, 'idle': 0.4753}"
1096,npc_1096,player_asks_why,explain,1.0,1.0,57.94536245311858,0.6415859360012848,broken,False,{'explain': 1.0}
1097,npc_1097,faction_event,idle,0.3144,0.1312,53.03837741424804,0.1200468872211089,coerced,True,"{'talk': 0.1293, 'warn': 0.0784, 'intimidate': -1.0, 'flee': 0.1832, 'attack': -1.0, 'help': -0.0383, 'report': 0.0033, 'trade': 0.0574, 'observe': 0.1212, 'idle': 0.3144}"
1098,npc_1098,help,idle,0.2907,0.012400000000000022,89.99902606447762,0.7463786698522797,coerced,True,"{'talk': 0.151, 'warn': 0.0705, 'intimidate': -0.301, 'flee': 0.2029, 'attack': -0.2681, 'help': 0.0632, 'report': 0.0572, 'trade': 0.2783, 'observe': 0.2773, 'idle': 0.2907}"
1099,npc_1099,combat,idle,0.5042,0.1723,56.98762122642187,0.7042159591525701,deceptive,True,"{'talk': 0.0912, 'warn': 0.0451, 'intimidate': -1.0, 'flee': 0.2457, 'attack': -1.0, 'help': 0.0376, 'report': 0.1845, 'trade': 0.2987, 'observe': 0.3319, 'idle': 0.5042}"
1100,npc_1100,player_threatens,observe,0.3529,0.29710000000000003,75.38992321428596,0.7897728485406691,broken,False,"{'talk': 0.0018, 'flee': 0.2002, 'observe': 0.3529, 'idle': 0.2359, 'opp_attention_component': 0.0, 'opp_distance_component': 0.0, 'opp_weapon_component': 0.0, 'opp_allies_component': 0.0, 'opp_raw_score': 0.0, 'opp_threshold': 0.65}"
1101,npc_1101,PLAYER_SPOKE,report,0.3843,0.15309999999999999,27.644523187779,0.9990627333341949,coerced,True,"{'talk': 0.101, 'warn': 0.2312, 'intimidate': -1.0, 'flee': 0.0477, 'attack': -1.0, 'help': 0.1505, 'report': 0.3843, 'trade': 0.0889, 'observe': 0.1932, 'idle': 0.167}"
1102,npc_1102,sound_emitted,talk,0.3965,0.2535,96.77906178785192,0.17417959224349588,broken,True,"{'talk': 0.3965, 'flee': 0.0695, 'observe': 0.1741, 'idle': 0.2298, 'opp_attention_component': 0.0, 'opp_distance_component': 0.0, 'opp_weapon_component': 0.0, 'opp_allies_component': 0.0, 'opp_raw_score': 0.0, 'opp_threshold': 0.65}"
1103,npc_1103,player_talks,talk,0.2778,0.0020000000000000018,17.69207134034022,0.9852667271346489,loyal,True,"{'talk': 0.2778, 'warn': 0.012, 'intimidate': 0.0077, 'flee': -0.01, 'help': 0.1594, 'report': -0.0056, 'trade': 0.0424, 'observe': 0.2758, 'idle': 0.2243}"
1104,npc_1104,proximity_close,report,0.4927,0.004200000000000037,37.21689426628092,0.12141804581179505,coerced,False,"{'talk': 0.3446, 'warn': 0.4885, 'intimidate': -0.0073, 'flee': -0.0372, 'attack': -0.0831, 'help': 0.3751, 'report': 0.4927, 'trade': 0.198, 'observe': -0.0118, 'idle': 0.092}"
1105,npc_1105,object_changed,idle,0.4242,0.09620000000000001,2.9330961439155145,0.049670343491222235,deceptive,True,"{'talk': 0.1062, 'warn': 0.1909, 'intimidate': -1.0, 'flee': 0.2102, 'attack': -1.0, 'help': 0.148, 'report': 0.328, 'trade': 0.1345, 'observe': 0.2815, 'idle': 0.4242}"
1106,npc_1106,PLAYER_SPOKE,trade,0.2287,0.022299999999999986,30.05189978942928,0.5749117843486826,loyal,True,"{'talk': 0.1712, 'warn': 0.2064, 'intimidate': -0.2084, 'flee': 0.1516, 'help': 0.0058, 'report': 0.2005, 'trade': 0.2287, 'observe': 0.0702, 'idle': 0.0156}"
1107,npc_1107,help,idle,0.4362,0.26149999999999995,15.133166354604954,0.8316508325347863,deceptive,True,"{'talk': 0.059, 'warn': 0.1328, 'intimidate': -1.0, 'flee': 0.0617, 'attack': -1.0, 'help': -0.0517, 'report': 0.1066, 'trade': 0.119, 'observe': 0.1747, 'idle': 0.4362}"
1108,npc_1108,npc_proximity_leave,help,0.5392,0.0706,47.38580708122384,0.0027781534833453136,deceptive,False,"{'talk': 0.4686, 'warn': 0.4372, 'intimidate': -0.18, 'flee': 0.1708, 'attack': -0.321, 'help': 0.5392, 'report': 0.3771, 'trade': 0.4381, 'observe': 0.0567, 'idle': 0.0308}"
1109,npc_1109,light_changed,observe,0.3527,0.03650000000000003,12.05159776719007,0.0725426052261029,loyal,True,"{'talk': -0.0124, 'warn': -0.0662, 'intimidate': -0.1657, 'flee': 0.0901, 'help': 0.1012, 'report': 0.06, 'trade': 0.0568, 'observe': 0.3527, 'idle': 0.3162}"
1110,npc_1110,world_tick,ambush,0.4157,0.1422,17.933864121137688,0.8333259867281745,loyal,False,"{'talk': -0.0393, 'warn': 0.041, 'intimidate': -0.4983, 'flee': 0.0104, 'help': -0.0658, 'report': 0.006, 'trade': -0.0524, 'observe': -0.0922, 'block_path': 0.2686, 'ambush': 0.4157, 'seek_ally': 0.2324, 'offer_job': 0.1629, 'request_service': 0.2669, 'spread_rumor': 0.1755, 'call_for_help': 0.0968, 'change_role': 0.2735, 'idle': 0.0069}"
1111,npc_1111,player_asks_why,explain,1.0,1.0,49.338230066934166,0.5345451043246895,coerced,True,{'explain': 1.0}
1112,npc_1112,combat,flee,0.3882,0.26180000000000003,8.982842030615545,0.1664587025633304,broken,False,"{'talk': -0.023, 'flee': 0.3882, 'observe': 0.2025, 'idle': 0.1553, 'opp_attention_component': 0.0, 'opp_distance_component': 0.0, 'opp_weapon_component': 0.0, 'opp_allies_component': 0.0, 'opp_raw_score': 0.0, 'opp_threshold': 0.65}"
1113,npc_1113,player_helpers,idle,0.3347,0.3153,32.09609456002528,0.7183132305798433,broken,True,"{'talk': -0.0557, 'flee': 0.1341, 'observe': 0.3002, 'idle': 0.3347, 'opp_attention_component': 0.0, 'opp_distance_component': 0.0, 'opp_weapon_component': 0.0, 'opp_allies_component': 0.0, 'opp_raw_score': 0.0, 'opp_threshold': 0.65}"
1114,npc_1114,help,trade,0.2488,0.0335,31.89332179187867,0.9847120420513673,coerced,True,"{'talk': 0.0477, 'warn': 0.0247, 'intimidate': -0.215, 'flee': -0.011, 'attack': -0.1167, 'help': 0.1071, 'report': -0.0513, 'trade': 0.2488, 'observe': 0.0563, 'idle': 0.2153}"
1115,npc_1115,intimidation,flee,0.396,0.254,66.00714731575253,0.3917421424515243,broken,False,"{'talk': 0.2262, 'flee': 0.396, 'observe': 0.3558, 'idle': 0.3563, 'opp_attention_component': 0.0, 'opp_distance_component': 0.0, 'opp_weapon_component': 0.0, 'opp_allies_component': 0.0, 'opp_raw_score': 0.0, 'opp_threshold': 0.65}"
1116,npc_1116,PLAYER_ATTACKED,idle,0.313,0.02739999999999998,98.54536314936186,0.5031375505617488,free,True,"{'talk': 0.0601, 'warn': 0.2804, 'intimidate': -0.1062, 'flee': 0.1416, 'attack': -0.0086, 'help': 0.1657, 'report': 0.2414, 'trade': 0.2856, 'observe': 0.0549, 'idle': 0.313}"
1117,npc_1117,npc_state_changed,idle,0.1697,0.01849999999999999,88.57259152761216,0.09187550991544235,coerced,True,"{'talk': 0.0901, 'warn': 0.1512, 'intimidate': -0.1487, 'flee': 0.0217, 'attack': -0.2529, 'help': 0.119, 'report': 0.0634, 'trade': 0.093, 'observe': 0.0093, 'idle': 0.1697}"
1118,npc_1118,light_changed,idle,0.5599,0.09010000000000007,29.52686175271495,0.9877885144869403,broken,True,"{'talk': 0.2179, 'flee': 0.2531, 'observe': 0.4995, 'idle': 0.5599, 'opp_attention_component': 0.0, 'opp_distance_component': 0.0, 'opp_weapon_component': 0.0, 'opp_allies_component': 0.0, 'opp_raw_score': 0.0, 'opp_threshold': 0.65}"
1119,npc_1119,npc_interacts_npc,talk,0.2169,0.43310000000000004,44.37930416369067,0.0734287412678768,broken,True,"{'talk': 0.2169, 'flee': 0.0756, 'observe': 0.0405, 'idle': 0.0689, 'opp_attention_component': 0.0, 'opp_distance_component': 0.0, 'opp_weapon_component': 0.0, 'opp_allies_component': 0.0, 'opp_raw_score': 0.0, 'opp_threshold': 0.65}"
1120,npc_1120,dialogue,idle,0.5609,0.10969999999999996,13.78678958791516,0.3012068645391157,deceptive,True,"{'talk': -0.0452, 'warn': 0.1846, 'intimidate': -1.0, 'flee': 0.3909, 'attack': -1.0, 'help': -0.0668, 'report': 0.1201, 'trade': -0.0303, 'observe': 0.4512, 'idle': 0.5609}"
1121,npc_1121,player_used_item,idle,0.3618,0.01990000000000003,12.926570125620085,0.6469793515897346,free,False,"{'talk': 0.0977, 'warn': 0.2987, 'intimidate': -1.0, 'flee': 0.3419, 'attack': -1.0, 'help': 0.2393, 'report': 0.314, 'trade': -0.0068, 'observe': 0.2006, 'idle': 0.3618}"
1122,npc_1122,object_changed,observe,0.5437,0.12279999999999996,15.807959205329091,0.7569761303888815,loyal,True,"{'talk': 0.3157, 'warn': 0.2855, 'intimidate': -1.0, 'flee': 0.218, 'help': 0.0812, 'report': 0.1733, 'trade': -0.0582, 'observe': 0.5437, 'idle': 0.4209}"
1123,npc_1123,PLAYER_ATTACKED,trade,0.5044,0.023099999999999954,93.44447575157564,0.2733543364814105,coerced,False,"{'talk': 0.3958, 'warn': 0.4813, 'intimidate': -1.0, 'flee': 0.268, 'attack': -1.0, 'help': 0.3497, 'report': 0.3575, 'trade': 0.5044, 'observe': 0.2872, 'idle': 0.3428}"
1124,npc_1124,player_interacts,observe,0.8217,0.17169999999999996,59.52429651416067,0.21136137309218583,broken,True,"{'talk': 0.1001, 'flee': -0.0939, 'observe': 0.8217, 'idle': 0.4109, 'opp_attention_component': 0.0, 'opp_distance_component': 0.0, 'opp_weapon_component': 0.0, 'opp_allies_component': 0.0, 'opp_raw_score': 0.0, 'opp_threshold': 0.65}"
1125,npc_1125,npc_moved,report,0.1804,0.04769999999999999,23.473374522855472,0.4199990767267082,loyal,True,"{'talk': 0.1327, 'warn': 0.0266, 'intimidate': -0.3128, 'flee': 0.0615, 'help': 0.1264, 'report': 0.1804, 'trade': 0.0191, 'observe': -0.0046, 'idle': 0.05}"
1126,npc_1126,faction_event,observe,0.2338,0.04470000000000002,36.516592671851164,0.6808952540484668,coerced,False,"{'talk': 0.0835, 'warn': 0.0864, 'intimidate': -0.3628, 'flee': 0.0628, 'attack': -0.4598, 'help': -0.0543, 'report': 0.1891, 'trade': 0.1168, 'observe': 0.2338, 'idle': 0.1349}"
1127,npc_1127,smell_emitted,talk,0.3818,0.26820000000000005,30.75907412345531,0.37537617213002716,broken,True,"{'talk': 0.3818, 'flee': 0.1673, 'observe': 0.0669, 'idle': 0.0783, 'opp_attention_component': 0.0, 'opp_distance_component': 0.0, 'opp_weapon_component': 0.0, 'opp_allies_component': 0.0, 'opp_raw_score': 0.0, 'opp_threshold': 0.65}"
1128,npc_1128,help,observe,0.2839,0.0006999999999999784,84.76124012358848,0.33009772292035255,loyal,True,"{'talk': 0.0792, 'warn': 0.0387, 'intimidate': -1.0, 'flee': 0.2161, 'help': 0.07, 'report': 0.2599, 'trade': 0.0351, 'observe': 0.2839, 'idle': 0.2832}"
1129,npc_1129,npc_moved,talk,0.1957,0.45430000000000004,99.38203077472151,0.8012888635027152,broken,True,"{'talk': 0.1957, 'flee': 0.0235, 'observe': -0.0483, 'idle': 0.0222, 'opp_attention_component': 0.0, 'opp_distance_component': 0.0, 'opp_weapon_component': 0.0, 'opp_allies_component': 0.0, 'opp_raw_score': 0.0, 'opp_threshold': 0.65}"
1130,npc_1130,player_helpers,flee,0.4174,0.23260000000000003,21.270143081347626,0.998291491423629,broken,False,"{'talk': 0.181, 'flee': 0.4174, 'observe': 0.3115, 'idle': 0.415, 'opp_attention_component': 0.0, 'opp_distance_component': 0.0, 'opp_weapon_component': 0.0, 'opp_allies_component': 0.0, 'opp_raw_score': 0.0, 'opp_threshold': 0.65}"
1131,npc_1131,npc_moved,trade,0.5579,0.23799999999999993,62.19494635839167,0.5349174877067371,coerced,False,"{'talk': 0.2479, 'warn': 0.1912, 'intimidate': -0.4791, 'flee': 0.0465, 'attack': -0.3656, 'help': 0.3199, 'report': 0.2143, 'trade': 0.5579, 'observe': 0.168, 'idle': 0.041}"
1132,npc_1132,theft,idle,0.5764,0.012900000000000023,29.333508117720562,0.6598429089084424,loyal,True,"{'talk': 0.2065, 'warn': 0.1859, 'intimidate': -1.0, 'flee': 0.0024, 'help': 0.074, 'report': 0.1626, 'trade': 0.0546, 'observe': 0.5635, 'idle': 0.5764}"
1133,npc_1133,betrayal,observe,0.5913,0.05300000000000005,32.3607455465328,0.06944004596575726,coerced,False,"{'talk': 0.39, 'warn': 0.4961, 'intimidate': -1.0, 'flee': 0.5079, 'attack': -1.0, 'help': 0.4862, 'report': 0.5383, 'trade': 0.0248, 'observe': 0.5913, 'idle': 0.4287}"
1134,npc_1134,weather_changed,idle,0.398,0.22580000000000003,46.68621288116569,0.8867028037158888,free,True,"{'talk': -0.0186, 'warn': 0.1533, 'intimidate': -1.0, 'flee': 0.1097, 'attack': -1.0, 'help': 0.0431, 'report': 0.1722, 'trade': 0.0592, 'observe': 0.0916, 'idle': 0.398}"
1135,npc_1135,help,idle,0.4286,0.23889999999999997,16.94657178514073,0.6301744974230523,free,True,"{'talk': 0.0471, 'warn': 0.0746, 'intimidate': -0.0596, 'flee': 0.0605, 'attack': -0.0366, 'help': 0.0228, 'report': 0.1897, 'trade': -0.0208, 'observe': 0.0773, 'idle': 0.4286}"
1136,npc_1136,sound_emitted,talk,0.2564,0.03470000000000001,56.91746542305032,0.8304064583771007,free,True,"{'talk': 0.2564, 'warn': 0.1001, 'intimidate': 0.0041, 'flee': 0.0733, 'attack': -0.0985, 'help': -0.0387, 'report': 0.2217, 'trade': -0.019, 'observe': 0.1414, 'idle': 0.2212}"
1137,npc_1137,betrayal,idle,0.5937,0.3931,48.57012081570093,0.9253114999651114,loyal,True,"{'talk': 0.2004, 'warn': 0.0487, 'intimidate': -0.0815, 'flee': 0.1523, 'help': 0.1896, 'report': 0.2006, 'trade': -0.0304, 'observe': 0.0114, 'idle': 0.5937}"
1138,npc_1138,PLAYER_SPOKE,idle,0.7024,0.514,81.3867601108422,0.7022002548011816,coerced,True,"{'talk': 0.1108, 'warn': 0.136, 'intimidate': -1.0, 'flee': 0.0444, 'attack': -1.0, 'help': 0.082, 'report': -0.0354, 'trade': 0.0531, 'observe': 0.1884, 'idle': 0.7024}"
1139,npc_1139,npc_moved,idle,0.287,0.06239999999999998,80.55815819719174,0.10432939476925351,loyal,True,"{'talk': -0.0104, 'warn': -0.0934, 'intimidate': -1.0, 'flee': 0.2246, 'help': -0.0186, 'report': 0.0416, 'trade': 0.1165, 'observe': 0.1343, 'idle': 0.287}"
1140,npc_1140,npc_proximity_close,talk,0.4087,0.12480000000000002,16.161540404713115,0.5040157191163546,loyal,True,"{'talk': 0.4087, 'warn': -0.0856, 'intimidate': -0.0628, 'flee': -0.0395, 'help': -0.0415, 'report': 0.0306, 'trade': 0.1023, 'observe': 0.2774, 'idle': 0.2839}"
1141,npc_1141,betrayal,idle,0.4678,0.18220000000000003,98.74496290928668,0.5755345496716634,broken,True,"{'talk': 0.1294, 'flee': 0.13, 'observe': 0.1201, 'idle': 0.4678, 'opp_attention_component': 0.0, 'opp_distance_component': 0.0, 'opp_weapon_component': 0.0, 'opp_allies_component': 0.0, 'opp_raw_score': 0.0, 'opp_threshold': 0.65}"
1142,npc_1142,PLAYER_SPOKE,observe,0.3546,0.04960000000000003,19.279774936731197,0.003707303526371941,deceptive,True,"{'talk': 0.2702, 'warn': -0.0208, 'intimidate': -0.1133, 'flee': 0.2282, 'attack': -0.2123, 'help': 0.1101, 'report': 0.0996, 'trade': -0.0472, 'observe': 0.3546, 'idle': 0.305}"
1143,npc_1143,object_moved,idle,0.6558,0.23210000000000003,73.2454899323125,0.2777830535959003,loyal,True,"{'talk': 0.0032, 'warn': 0.4237, 'intimidate': -1.0, 'flee': 0.3206, 'help': 0.1763, 'report': 0.368, 'trade': 0.1153, 'observe': 0.3684, 'idle': 0.6558}"
1144,npc_1144,player_attacks,idle,0.0,0.010799999999999976,52.10195167876518,0.8558361018657119,free,True,"{'talk': 0.115, 'warn': 0.1171, 'intimidate': -0.3943, 'flee': 0.1293, 'attack': -0.3213, 'help': 0.1322, 'report': 0.0574, 'trade': 0.143, 'observe': 0.071, 'idle': -0.009}"
1145,npc_1145,world_tick,idle,0.2595,0.04580000000000001,20.159092194798333,0.42580060673496545,coerced,True,"{'talk': -0.0428, 'warn': 0.1151, 'intimidate': -1.0, 'flee': 0.0551, 'attack': -1.0, 'help': 0.0786, 'report': 0.1292, 'trade': 0.0121, 'observe': 0.2015, 'block_path': 0.1766, 'ambush': 0.2137, 'seek_ally': 0.0249, 'offer_job': 0.1436, 'request_service': 0.1122, 'spread_rumor': 0.0309, 'call_for_help': 0.0136, 'change_role': -0.0016, 'idle': 0.2595}"
1146,npc_1146,betrayal,report,0.4429,0.2333,6.0763136844027565,0.7313220132031392,loyal,True,"{'talk': 0.2096, 'warn': 0.1173, 'intimidate': -0.1026, 'flee': 0.0353, 'help': 0.0213, 'report': 0.4429, 'trade': 0.1561, 'observe': -0.0033, 'idle': 0.0453}"
1147,npc_1147,object_changed,idle,0.2468,0.4032,86.80065709697733,0.877639870993634,broken,True,"{'talk': 0.0344, 'flee': -0.081, 'observe': 0.1053, 'idle': 0.2468, 'opp_attention_component': 0.0, 'opp_distance_component': 0.0, 'opp_weapon_component': 0.0, 'opp_allies_component': 0.0, 'opp_raw_score': 0.0, 'opp_threshold': 0.65}"
1148,npc_1148,PLAYER_SPOKE,idle,0.3463,0.3037,75.17920709498345,0.9736826865648458,broken,True,"{'talk': 0.0844, 'flee': 0.1065, 'observe': 0.1518, 'idle': 0.3463, 'opp_attention_component': 0.0, 'opp_distance_component': 0.0, 'opp_weapon_component': 0.0, 'opp_allies_component': 0.0, 'opp_raw_score': 0.0, 'opp_threshold': 0.65}"
1149,npc_1149,npc_proximity_leave,idle,0.4262,0.04960000000000003,27.026485016300427,0.04429507852666659,free,True,"{'talk': -0.0257, 'warn': 0.1993, 'intimidate': -0.1068, 'flee': 0.0135, 'attack': -0.052, 'help': -0.0147, 'report': 0.0496, 'trade': 0.0998, 'observe': 0.3766, 'idle': 0.4262}"
1150,npc_1150,player_attack,talk,0.4147,0.046999999999999986,66.49878953385078,0.4602758687926395,free,True,"{'talk': 0.4147, 'warn': 0.3086, 'intimidate': -1.0, 'flee': 0.2401, 'attack': -1.0, 'help': 0.2354, 'report': 0.3093, 'trade': 0.3333, 'observe': 0.2803, 'idle': 0.3677}"
1151,npc_1151,proximity_leave,talk,0.2636,0.1028,51.99997192158694,0.9375597557161279,deceptive,True,"{'talk': 0.2636, 'warn': 0.0437, 'intimidate': -0.0835, 'flee': -0.0361, 'attack': -0.2236, 'help': 0.1608, 'report': 0.13, 'trade': 0.0399, 'observe': 0.0537, 'idle': 0.0869}"
1152,npc_1152,smell_emitted,idle,0.4152,0.20350000000000001,29.253555035659506,0.9821901652474148,free,True,"{'talk': 0.2117, 'warn': 0.064, 'intimidate': -1.0, 'flee': 0.1959, 'attack': -1.0, 'help': 0.0824, 'report': 0.1259, 'trade': 0.0167, 'observe': 0.1879, 'idle': 0.4152}"
1153,npc_1153,player_attacks,talk,0.3161,0.0030000000000000027,88.6353987317419,0.563126424792478,loyal,False,"{'talk': 0.3161, 'warn': 0.1332, 'intimidate': -0.3651, 'flee': 0.04, 'help': 0.2022, 'report': 0.2361, 'trade': 0.3131, 'observe': 0.1503, 'idle': 0.127}"
1154,npc_1154,player_helpers,idle,0.0,0.025599999999999998,47.152634471140544,0.7084294320087983,deceptive,True,"{'talk': 0.0202, 'warn': 0.0023, 'intimidate': -0.0622, 'flee': -0.0813, 'attack': -0.1538, 'help': 0.0469, 'report': 0.06, 'trade': 0.1205, 'observe': -0.0506, 'idle': 0.0949}"
1155,npc_1155,player_talks,warn,0.1989,0.03519999999999998,42.071926963627014,0.5248313179417992,loyal,False,"{'talk': 0.1637, 'warn': 0.1989, 'intimidate': -0.4207, 'flee': 0.0232, 'help': 0.0731, 'report': 0.0678, 'trade': 0.1062, 'observe': 0.0381, 'idle': 0.0618}"
1156,npc_1156,dialogue,idle,0.4883,0.11910000000000004,39.06065610620995,0.5055279527870904,deceptive,True,"{'talk': 0.2875, 'warn': 0.3135, 'intimidate': -1.0, 'flee': 0.1607, 'attack': -1.0, 'help': 0.3692, 'report': 0.3472, 'trade': 0.1254, 'observe': 0.176, 'idle': 0.4883}"
1157,npc_1157,PLAYER_SPOKE,trade,0.4955,0.1023,60.26272403289177,0.08821576496349293,loyal,False,"{'talk': 0.3001, 'warn': 0.381, 'intimidate': -1.0, 'flee': 0.2466, 'help': 0.2837, 'report': 0.3608, 'trade': 0.4955, 'observe': 0.302, 'idle': 0.3932}"
1158,npc_1158,player_attacks,idle,0.252,0.02510000000000001,38.802397038987735,0.03664792979565512,deceptive,True,"{'talk': 0.1295, 'warn': 0.021, 'intimidate': -0.144, 'flee': 0.1763, 'attack': -0.027, 'help': 0.0027, 'report': 0.2269, 'trade': 0.1744, 'observe': 0.1295, 'idle': 0.252}"
1159,npc_1159,saved_life,report,0.1832,0.0401,92.13202301131201,0.42072312899552133,loyal,True,"{'talk': 0.1344, 'warn': 0.1431, 'intimidate': 0.0077, 'flee': 0.067, 'help': 0.0468, 'report': 0.1832, 'trade': -0.0636, 'observe': 0.0894, 'idle': 0.136}"
1160,npc_1160,world_tick,idle,0.0,0.65,89.87979358423684,0.3402636098275007,broken,True,"{'talk': -0.0684, 'flee': -0.0201, 'observe': -0.0854, 'idle': -0.0224, 'opp_attention_component': 0.0, 'opp_distance_component': 0.0, 'opp_weapon_component': 0.0, 'opp_allies_component': 0.0, 'opp_raw_score': 0.0, 'opp_threshold': 0.65}"
1161,npc_1161,npc_interacts_npc,report,0.5689,0.16129999999999994,53.73949126097305,0.06389139822549195,free,False,"{'talk': 0.2305, 'warn': 0.4076, 'intimidate': -1.0, 'flee': 0.2484, 'attack': -1.0, 'help': 0.2665, 'report': 0.5689, 'trade': 0.0525, 'observe': 0.1724, 'idle': 0.3016}"
1162,npc_1162,npc_proximity_close,talk,0.3756,0.034999999999999976,7.464778232317104,0.8783414428883157,deceptive,False,"{'talk': 0.3756, 'warn': 0.2006, 'intimidate': -1.0, 'flee': 0.2949, 'attack': -1.0, 'help': 0.232, 'report': 0.0818, 'trade': 0.1518, 'observe': 0.3406, 'idle': 0.2386}"
1163,npc_1163,npc_spoke,observe,0.4096,0.06410000000000005,2.4739726744438917,0.7721511753146233,deceptive,True,"{'talk': 0.1482, 'warn': 0.0648, 'intimidate': -1.0, 'flee': 0.0262, 'attack': -1.0, 'help': -0.0385, 'report': 0.0007, 'trade': 0.0492, 'observe': 0.4096, 'idle': 0.3455}"
1164,npc_1164,player_talks,report,0.3442,0.1492,45.300601949109485,0.7033008088868853,deceptive,True,"{'talk': 0.1457, 'warn': 0.195, 'intimidate': -0.1153, 'flee': 0.1327, 'attack': -0.1191, 'help': 0.1548, 'report': 0.3442, 'trade': -0.081, 'observe': 0.1381, 'idle': 0.155}"
1165,npc_1165,npc_proximity_leave,observe,0.202,0.448,16.367741671152235,0.300085902888106,broken,False,"{'talk': 0.198, 'flee': 0.1289, 'observe': 0.202, 'idle': 0.0916, 'opp_attention_component': 0.0, 'opp_distance_component': 0.0, 'opp_weapon_component': 0.0, 'opp_allies_component': 0.0, 'opp_raw_score': 0.0, 'opp_threshold': 0.65}"
1166,npc_1166,theft,idle,0.5069,0.1431,38.87762067965118,0.6321895090662084,broken,False,"{'talk': 0.3798, 'flee': 0.4455, 'observe': 0.4242, 'idle': 0.5069, 'opp_attention_component': 0.0, 'opp_distance_component': 0.0, 'opp_weapon_component': 0.0, 'opp_allies_component': 0.0, 'opp_raw_score': 0.0, 'opp_threshold': 0.65}"
1167,npc_1167,player_talks,talk,0.4081,0.2419,51.362028467956456,0.07180528823681487,broken,False,"{'talk': 0.4081, 'flee': 0.1983, 'observe': 0.2272, 'idle': 0.1452, 'opp_attention_component': 0.0, 'opp_distance_component': 0.0, 'opp_weapon_component': 0.0, 'opp_allies_component': 0.0, 'opp_raw_score': 0.0, 'opp_threshold': 0.65}"
1168,npc_1168,object_destroyed,idle,0.0,0.011099999999999999,2.5830453157007716,0.7189655591504914,deceptive,True,"{'talk': 0.1435, 'warn': 0.0811, 'intimidate': -0.003, 'flee': -0.0287, 'attack': -0.0327, 'help': -0.0284, 'report': 0.1324, 'trade': -0.0009, 'observe': 0.0054, 'idle': 0.0481}"
1169,npc_1169,PLAYER_SPOKE,idle,0.5553,0.26980000000000004,89.06916990027398,0.12311428487139331,deceptive,True,"{'talk': 0.1791, 'warn': 0.0398, 'intimidate': -1.0, 'flee': 0.1558, 'attack': -1.0, 'help': 0.2855, 'report': -0.0217, 'trade': 0.1286, 'observe': 0.2415, 'idle': 0.5553}"
1170,npc_1170,npc_interacts_npc,help,0.2151,0.02560000000000001,26.866487125842685,0.8996443747622345,deceptive,True,"{'talk': 0.0428, 'warn': 0.1745, 'intimidate': -0.0987, 'flee': -0.0319, 'attack': -0.0248, 'help': 0.2151, 'report': 0.1895, 'trade': 0.1452, 'observe': -0.0334, 'idle': -0.0573}"
1171,npc_1171,player_talks,observe,0.1651,0.4849,12.029762770494678,0.21128875199938735,broken,False,"{'talk': 0.122, 'flee': 0.0217, 'observe': 0.1651, 'idle': 0.0149, 'opp_attention_component': 0.0, 'opp_distance_component': 0.0, 'opp_weapon_component': 0.0, 'opp_allies_component': 0.0, 'opp_raw_score': 0.0, 'opp_threshold': 0.65}"
1172,npc_1172,proximity_close,observe,0.3366,0.10880000000000001,21.818528373900325,0.35670418839949436,deceptive,True,"{'talk': 0.2278, 'warn': 0.2278, 'intimidate': -0.1172, 'flee': 0.0215, 'attack': -0.1312, 'help': 0.1334, 'report': 0.1717, 'trade': 0.2242, 'observe': 0.3366, 'idle': 0.1622}"
1173,npc_1173,object_moved,observe,0.2724,0.07899999999999999,32.337637247502904,0.33452255534585607,coerced,True,"{'talk': -0.0144, 'warn': 0.1283, 'intimidate': -0.1338, 'flee': 0.0459, 'attack': -0.1846, 'help': -0.0035, 'report': 0.0021, 'trade': 0.1043, 'observe': 0.2724, 'idle': 0.1934}"
1174,npc_1174,movement,idle,0.1804,0.4696,6.610468218245302,0.7312150727133238,broken,True,"{'talk': -0.0806, 'flee': 0.1093, 'observe': -0.0502, 'idle': 0.1804, 'opp_attention_component': 0.0, 'opp_distance_component': 0.0, 'opp_weapon_component': 0.0, 'opp_allies_component': 0.0, 'opp_raw_score': 0.0, 'opp_threshold': 0.65}"
1175,npc_1175,weather_changed,warn,0.5625,0.10320000000000001,28.951323042783137,0.44081225615402386,deceptive,False,"{'talk': 0.4026, 'warn': 0.5625, 'intimidate': -0.1509, 'flee': 0.2808, 'attack': -0.1996, 'help': 0.3843, 'report': 0.4593, 'trade': 0.0384, 'observe': 0.2556, 'idle': 0.304}"
1176,npc_1176,betrayal,trade,0.2704,0.12499999999999997,9.20992116504813,0.48138108502969645,free,False,"{'talk': 0.0595, 'warn': -0.0415, 'intimidate': -0.531, 'flee': -0.051, 'attack': -0.4977, 'help': 0.1454, 'report': -0.0004, 'trade': 0.2704, 'observe': 0.0513, 'idle': 0.0011}"
1177,npc_1177,light_changed,talk,0.4622,0.06690000000000002,40.654615046318476,0.14278790253195794,loyal,True,"{'talk': 0.4622, 'warn': 0.04, 'intimidate': -0.0734, 'flee': 0.1278, 'help': 0.3953, 'report': 0.0929, 'trade': 0.1544, 'observe': 0.1261, 'idle': 0.1194}"
1178,npc_1178,player_asks_why,explain,1.0,1.0,43.173721339016204,0.9423809076483339,free,True,{'explain': 1.0}
1179,npc_1179,PLAYER_SPOKE,idle,0.0,0.029700000000000004,73.85353415371732,0.9831039299064597,coerced,True,"{'talk': 0.0673, 'warn': 0.0094, 'intimidate': 0.002, 'flee': 0.0995, 'attack': -0.1284, 'help': 0.0028, 'report': 0.0365, 'trade': -0.0896, 'observe': 0.0437, 'idle': 0.0698}"
1180,npc_1180,npc_state_changed,report,0.3606,0.10259999999999997,13.98381490634012,0.7391601995672972,free,False,"{'talk': 0.0073, 'warn': 0.258, 'intimidate': -0.4035, 'flee': 0.1119, 'attack': -0.3858, 'help': -0.0124, 'report': 0.3606, 'trade': 0.1405, 'observe': 0.1554, 'idle': 0.2369}"
1181,npc_1181,npc_state_changed,idle,0.2155,0.4345,15.832386347097883,0.832403830140221,broken,True,"{'talk': 0.1261, 'flee': 0.2132, 'observe': 0.1421, 'idle': 0.2155, 'opp_attention_component': 0.0, 'opp_distance_component': 0.0, 'opp_weapon_component': 0.0, 'opp_allies_component': 0.0, 'opp_raw_score': 0.0, 'opp_threshold': 0.65}"
1182,npc_1182,help,help,0.2126,0.031200000000000006,26.762268821796496,0.5833432521727351,deceptive,True,"{'talk': 0.0984, 'warn': 0.1118, 'intimidate': -0.0047, 'flee': -0.0041, 'attack': -0.0129, 'help': 0.2126, 'report': 0.138, 'trade': 0.0656, 'observe': 0.123, 'idle': 0.1814}"
1183,npc_1183,weather_changed,idle,0.5671,0.12480000000000002,40.476585801571,0.17756364492534704,deceptive,True,"{'talk': -0.0661, 'warn': 0.0671, 'intimidate': -1.0, 'flee': 0.0628, 'attack': -1.0, 'help': 0.0787, 'report': 0.2005, 'trade': 0.0649, 'observe': 0.4423, 'idle': 0.5671}"
1184,npc_1184,theft,report,0.7783,0.08050000000000002,10.52263845995145,0.21917549706409567,loyal,True,"{'talk': 0.4253, 'warn': 0.6978, 'intimidate': -1.0, 'flee': 0.4127, 'help': 0.1019, 'report': 0.7783, 'trade': 0.2013, 'observe': 0.5442, 'idle': 0.4995}"
1185,npc_1185,smell_emitted,observe,0.4895,0.0675,12.7281813039551,0.5514442763345424,coerced,True,"{'talk': 0.1367, 'warn': 0.1851, 'intimidate': -1.0, 'flee': 0.3713, 'attack': -1.0, 'help': 0.0507, 'report': 0.3965, 'trade': 0.0485, 'observe': 0.4895, 'idle': 0.422}"
1186,npc_1186,player_insults,idle,0.5042,0.14580000000000004,95.0902120743064,0.22460554781542397,broken,True,"{'talk': 0.1115, 'flee': 0.121, 'observe': 0.1465, 'idle': 0.5042, 'opp_attention_component': 0.0, 'opp_distance_component': 0.0, 'opp_weapon_component': 0.0, 'opp_allies_component': 0.0, 'opp_raw_score': 0.0, 'opp_threshold': 0.65}"
1187,npc_1187,movement,warn,0.4972,0.06119999999999998,23.636422020130688,0.54637899836397,deceptive,False,"{'talk': 0.3186, 'warn': 0.4972, 'intimidate': -0.2511, 'flee': 0.0614, 'attack': -0.1134, 'help': 0.1908, 'report': 0.3904, 'trade': 0.436, 'observe': 0.0766, 'idle': 0.0695}"
1188,npc_1188,world_tick,change_role,0.6976,0.05010000000000003,47.39838028758668,0.16604617070418248,free,False,"{'talk': 0.002, 'warn': 0.2109, 'intimidate': -0.3712, 'flee': 0.0266, 'attack': -0.4788, 'help': 0.1449, 'report': 0.0955, 'trade': 0.133, 'observe': 0.1371, 'block_path': 0.3529, 'ambush': 0.3292, 'seek_ally': 0.5134, 'offer_job': 0.5998, 'request_service': 0.6475, 'spread_rumor': 0.3829, 'call_for_help': 0.4898, 'change_role': 0.6976, 'idle': 0.1649}"
1189,npc_1189,dialogue,idle,0.3692,0.0711,39.82318921666915,0.7829972265158659,coerced,True,"{'talk': 0.2055, 'warn': 0.0861, 'intimidate': -1.0, 'flee': 0.1978, 'attack': -1.0, 'help': 0.1123, 'report': 0.1588, 'trade': 0.0839, 'observe': 0.2981, 'idle': 0.3692}"
1190,npc_1190,idle,talk,0.2731,0.3769,46.00094865165249,0.8065257563340006,broken,False,"{'talk': 0.2731, 'flee': -0.0546, 'observe': -0.0195, 'idle': 0.1029, 'opp_attention_component': 0.0, 'opp_distance_component': 0.0, 'opp_weapon_component': 0.0, 'opp_allies_component': 0.0, 'opp_raw_score': 0.0, 'opp_threshold': 0.65}"
1191,npc_1191,dialogue,idle,0.1678,0.4822,45.149783037285864,0.8890067901514762,broken,True,"{'talk': 0.1484, 'flee': 0.0311, 'observe': 0.0725, 'idle': 0.1678, 'opp_attention_component': 0.0, 'opp_distance_component': 0.0, 'opp_weapon_component': 0.0, 'opp_allies_component': 0.0, 'opp_raw_score': 0.0, 'opp_threshold': 0.65}"
1192,npc_1192,object_changed,idle,0.1996,0.1227,3.3887354742129117,0.23162380808722494,coerced,True,"{'talk': 0.0092, 'warn': 0.0376, 'intimidate': -0.1413, 'flee': -0.0756, 'attack': 0.0461, 'help': -0.0537, 'report': 0.0769, 'trade': 0.0075, 'observe': -0.0276, 'idle': 0.1996}"
1193,npc_1193,npc_proximity_leave,report,0.6962,0.07750000000000001,86.49752246898439,0.07391343261283267,loyal,False,"{'talk': 0.3509, 'warn': 0.6187, 'intimidate': -1.0, 'flee': 0.2572, 'help': 0.2249, 'report': 0.6962, 'trade': 0.3528, 'observe': 0.2615, 'idle': 0.4504}"
1194,npc_1194,theft,report,0.6791,0.05149999999999999,56.18212433963544,0.9258296126057948,loyal,False,"{'talk': 0.2794, 'warn': 0.6276, 'intimidate': -0.2543, 'flee': 0.0832, 'help': 0.1124, 'report': 0.6791, 'trade': 0.1286, 'observe': 0.0125, 'idle': -0.0202}"
1195,npc_1195,smell_emitted,idle,0.2985,0.2006,20.952987163701266,0.6953589430306506,free,True,"{'talk': -0.0363, 'warn': 0.0087, 'intimidate': -0.1786, 'flee': 0.0979, 'attack': -0.1861, 'help': 0.0025, 'report': -0.0281, 'trade': -0.0509, 'observe': 0.0701, 'idle': 0.2985}"
1196,npc_1196,npc_proximity_leave,report,0.2157,0.0527,58.296677233163386,0.016223840388348454,deceptive,False,"{'talk': 0.1501, 'warn': 0.163, 'intimidate': -0.2827, 'flee': 0.0565, 'attack': -0.363, 'help': 0.1555, 'report': 0.2157, 'trade': 0.035, 'observe': 0.0893, 'idle': 0.0668}"
1197,npc_1197,npc_proximity_leave,idle,0.4175,0.07799999999999996,77.26070577609251,0.47643685973534844,deceptive,True,"{'talk': -0.0401, 'warn': 0.0126, 'intimidate': -0.2275, 'flee': 0.242, 'attack': -0.3087, 'help': -0.0001, 'report': 0.0947, 'trade': 0.3395, 'observe': 0.1269, 'idle': 0.4175}"
1198,npc_1198,idle,report,0.6687,0.026999999999999913,99.8755844580144,0.11897039672993936,free,False,"{'talk': 0.1997, 'warn': 0.6417, 'intimidate': -0.0034, 'flee': 0.0104, 'attack': -0.0306, 'help': 0.1721, 'report': 0.6687, 'trade': 0.3199, 'observe': 0.0116, 'idle': 0.0391}"
1199,npc_1199,proximity_leave,help,0.2185,0.027499999999999997,33.713515972510486,0.6559880487385996,free,False,"{'talk': 0.191, 'warn': 0.168, 'intimidate': -0.5422, 'flee': -0.0471, 'attack': -0.5483, 'help': 0.2185, 'report': 0.1589, 'trade': 0.171, 'observe': 0.0848, 'idle': 0.0485}"
1200,npc_1200,help,talk,0.3032,0.03460000000000002,42.591882787962795,0.9819748025360565,free,False,"{'talk': 0.3032, 'warn': 0.2676, 'intimidate': -0.3369, 'flee': 0.0382, 'attack': -0.2784, 'help': 0.2684, 'report': 0.2686, 'trade': 0.0499, 'observe': 0.1336, 'idle': 0.0766}"
1201,npc_1201,smell_emitted,observe,0.1533,0.035199999999999995,85.17377822885139,0.08642202210191441,deceptive,True,"{'talk': 0.0655, 'warn': -0.0484, 'intimidate': -0.0923, 'flee': -0.0671, 'attack': -0.0902, 'help': -0.0048, 'report': 0.1133, 'trade': 0.0804, 'observe': 0.1533, 'idle': 0.1181}"
1202,npc_1202,player_insults,talk,0.4398,0.12290000000000001,11.123160152757327,0.37807306281659014,deceptive,True,"{'talk': 0.4398, 'warn': 0.0845, 'intimidate': -0.0004, 'flee': -0.0127, 'attack': 0.1006, 'help': 0.3169, 'report': 0.2301, 'trade': -0.0834, 'observe': 0.1338, 'idle': 0.0397}"
1203,npc_1203,object_moved,report,0.1788,0.05879999999999999,48.58614737955897,0.4076438335217575,free,False,"{'talk': 0.12, 'warn': 0.0443, 'intimidate': -0.5276, 'flee': 0.1051, 'attack': -0.4311, 'help': 0.0685, 'report': 0.1788, 'trade': 0.0385, 'observe': 0.0905, 'idle': 0.0999}"
1204,npc_1204,weather_changed,help,0.2528,0.021200000000000024,19.260476796266325,0.2971602457161976,free,False,"{'talk': 0.147, 'warn': 0.1106, 'intimidate': -0.4443, 'flee': -0.0083, 'attack': -0.4309, 'help': 0.2528, 'report': 0.2316, 'trade': 0.1942, 'observe': -0.0084, 'idle': 0.103}"
1205,npc_1205,player_talks,talk,0.2593,0.12369999999999998,19.423991679165077,0.9276455875159718,loyal,True,"{'talk': 0.2593, 'warn': 0.1217, 'intimidate': 0.0725, 'flee': -0.0831, 'help': 0.0625, 'report': -0.001, 'trade': -0.0272, 'observe': 0.1356, 'idle': 0.1197}"
1206,npc_1206,player_moved,idle,0.0,0.028299999999999992,2.9210650381637726,0.07278791832722442,free,True,"{'talk': -0.0332, 'warn': 0.1276, 'intimidate': -0.0618, 'flee': 0.0151, 'attack': -0.0793, 'help': 0.0284, 'report': 0.0555, 'trade': 0.0556, 'observe': 0.0205, 'idle': 0.0993}"
1207,npc_1207,movement,idle,0.3805,0.018900000000000028,28.783704141351496,0.03641265016262363,loyal,True,"{'talk': 0.344, 'warn': 0.1318, 'intimidate': -1.0, 'flee': 0.3327, 'help': 0.2188, 'report': 0.3209, 'trade': 0.1615, 'observe': 0.3616, 'idle': 0.3805}"
1208,npc_1208,object_destroyed,idle,0.3551,0.0393,62.05650920077066,0.9311630719729684,deceptive,False,"{'talk': 0.2519, 'warn': 0.2033, 'intimidate': -1.0, 'flee': 0.2616, 'attack': -1.0, 'help': 0.2213, 'report': 0.104, 'trade': 0.3158, 'observe': 0.2483, 'idle': 0.3551}"
1209,npc_1209,time_passed,observe,0.3261,0.3239,83.41155753962833,0.6376327726903478,broken,True,"{'talk': 0.2288, 'flee': 0.1821, 'observe': 0.3261, 'idle': 0.2044, 'opp_attention_component': 0.0, 'opp_distance_component': 0.0, 'opp_weapon_component': 0.0, 'opp_allies_component': 0.0, 'opp_raw_score': 0.0, 'opp_threshold': 0.65}"
1210,npc_1210,dialogue,flee,0.4069,0.02689999999999998,8.299435227418828,0.09323342089685405,loyal,False,"{'talk': 0.2359, 'warn': -0.0368, 'intimidate': -1.0, 'flee': 0.4069, 'help': 0.0939, 'report': 0.0069, 'trade': 0.2786, 'observe': 0.38, 'idle': 0.2715}"
1211,npc_1211,smell_emitted,report,0.1993,0.0765,26.93532504237739,0.8596812703415598,free,True,"{'talk': 0.0225, 'warn': 0.0493, 'intimidate': -0.1115, 'flee': -0.0577, 'attack': -0.0313, 'help': 0.0948, 'report': 0.1993, 'trade': 0.1228, 'observe': 0.0454, 'idle': 0.0521}"
1212,npc_1212,world_tick,idle,0.2461,0.40390000000000004,34.20080113902726,0.10801236575564854,broken,True,"{'talk': -0.0292, 'flee': 0.1061, 'observe': 0.1161, 'idle': 0.2461, 'opp_attention_component': 0.0, 'opp_distance_component': 0.0, 'opp_weapon_component': 0.0, 'opp_allies_component': 0.0, 'opp_raw_score': 0.0, 'opp_threshold': 0.65}"
1213,npc_1213,PLAYER_SPOKE,talk,0.4421,0.3151,22.1623239347033,0.6756565242989642,coerced,True,"{'talk': 0.4421, 'warn': -0.0026, 'intimidate': 0.0103, 'flee': -0.0462, 'attack': -0.0831, 'help': 0.0163, 'report': -0.0175, 'trade': 0.0356, 'observe': 0.127, 'idle': 0.0843}"
1214,npc_1214,player_helpers,idle,0.4513,0.1205,60.009422965828975,0.2954907860702163,coerced,True,"{'talk': 0.32, 'warn': 0.0526, 'intimidate': -1.0, 'flee': 0.2161, 'attack': -1.0, 'help': 0.306, 'report': 0.1349, 'trade': 0.2563, 'observe': 0.3308, 'idle': 0.4513}"
1215,npc_1215,player_used_item,idle,0.2682,0.38180000000000003,47.483906044392185,0.22129078944178282,broken,False,"{'talk': 0.2308, 'flee': 0.171, 'observe': 0.1918, 'idle': 0.2682, 'opp_attention_component': 0.0, 'opp_distance_component': 0.0, 'opp_weapon_component': 0.0, 'opp_allies_component': 0.0, 'opp_raw_score': 0.0, 'opp_threshold': 0.65}"
1216,npc_1216,idle,talk,0.2448,0.01469999999999999,10.624290687184201,0.373671804510021,loyal,True,"{'talk': 0.2448, 'warn': 0.0727, 'intimidate': -0.3471, 'flee': 0.0304, 'help': 0.2301, 'report': -0.0682, 'trade': 0.2164, 'observe': 0.1509, 'idle': 0.0434}"
1217,npc_1217,time_passed,talk,0.3786,0.27140000000000003,28.077296689163045,0.36846621598226836,broken,False,"{'talk': 0.3786, 'flee': 0.1663, 'observe': 0.1449, 'idle': 0.074, 'opp_attention_component': 0.0, 'opp_distance_component': 0.0, 'opp_weapon_component': 0.0, 'opp_allies_component': 0.0, 'opp_raw_score': 0.0, 'opp_threshold': 0.65}"
1218,npc_1218,proximity_leave,observe,0.4145,0.10019999999999996,46.5473204225667,0.28486382463200133,deceptive,True,"{'talk': 0.135, 'warn': -0.0605, 'intimidate': -1.0, 'flee': 0.0212, 'attack': -1.0, 'help': -0.0277, 'report': -0.0366, 'trade': 0.1748, 'observe': 0.4145, 'idle': 0.3143}"
1219,npc_1219,light_changed,warn,0.3442,0.016699999999999993,42.79081968158219,0.05841331440658004,deceptive,True,"{'talk': 0.1114, 'warn': 0.3442, 'intimidate': -0.2815, 'flee': 0.0984, 'attack': -0.2922, 'help': -0.0581, 'report': 0.3275, 'trade': 0.1488, 'observe': -0.0273, 'idle': 0.1131}"
1220,npc_1220,player_interacts,talk,0.4122,0.16290000000000002,5.987410363465296,0.11387718760066912,loyal,True,"{'talk': 0.4122, 'warn': 0.051, 'intimidate': -0.4281, 'flee': -0.0316, 'help': 0.2493, 'report': -0.0247, 'trade': 0.0508, 'observe': 0.0797, 'idle': 0.1344}"
1221,npc_1221,weather_changed,idle,0.0,0.5482,86.9004697636213,0.7204617208576491,broken,True,"{'talk': 0.1018, 'flee': 0.014, 'observe': -0.0117, 'idle': 0.0363, 'opp_attention_component': 0.0, 'opp_distance_component': 0.0, 'opp_weapon_component': 0.0, 'opp_allies_component': 0.0, 'opp_raw_score': 0.0, 'opp_threshold': 0.65}"
1222,npc_1222,player_asks_why,explain,1.0,1.0,56.97975885297468,0.1485026543863227,free,True,{'explain': 1.0}
1223,npc_1223,betrayal,report,0.3921,0.1706,80.14473742470985,0.07157833786595347,coerced,True,"{'talk': 0.2215, 'warn': 0.1561, 'intimidate': -0.1194, 'flee': -0.0063, 'attack': -0.0819, 'help': 0.1836, 'report': 0.3921, 'trade': 0.0337, 'observe': -0.0802, 'idle': -0.0836}"
1224,npc_1224,intimidation,idle,0.1604,0.48960000000000004,87.1504544373509,0.4878517551949523,broken,True,"{'talk': 0.1148, 'flee': 0.0434, 'observe': 0.1354, 'idle': 0.1604, 'opp_attention_component': 0.0, 'opp_distance_component': 0.0, 'opp_weapon_component': 0.0, 'opp_allies_component': 0.0, 'opp_raw_score': 0.0, 'opp_threshold': 0.65}"
1225,npc_1225,idle,observe,0.1811,0.06890000000000002,42.586048811482435,0.5777563176153531,free,False,"{'talk': 0.0257, 'warn': 0.1122, 'intimidate': -0.5202, 'flee': 0.0443, 'attack': -0.4518, 'help': 0.0776, 'report': 0.0227, 'trade': -0.02, 'observe': 0.1811, 'idle': 0.0935}"
1226,npc_1226,world_tick,ambush,0.3356,0.014300000000000035,5.423661966896065,0.4473100742385986,deceptive,True,"{'talk': 0.1232, 'warn': 0.0758, 'intimidate': -1.0, 'flee': 0.0937, 'attack': -1.0, 'help': -0.0275, 'report': 0.1137, 'trade': 0.0847, 'observe': 0.1402, 'block_path': 0.2153, 'ambush': 0.3356, 'seek_ally': 0.1891, 'offer_job': 0.1639, 'request_service': 0.1147, 'spread_rumor': 0.1788, 'call_for_help': 0.3213, 'change_role': 0.1292, 'idle': 0.0474}"
1227,npc_1227,combat,observe,0.4263,0.0519,43.70862310281136,0.0043703629526976595,coerced,True,"{'talk': 0.0399, 'warn': -0.0043, 'intimidate': -1.0, 'flee': -0.0154, 'attack': -1.0, 'help': -0.0247, 'report': -0.0557, 'trade': 0.0725, 'observe': 0.4263, 'idle': 0.3744}"
1228,npc_1228,saved_life,observe,0.399,0.062,37.35803076343044,0.6554392505581643,coerced,True,"{'talk': 0.2687, 'warn': 0.0328, 'intimidate': -0.084, 'flee': 0.0454, 'attack': -0.1598, 'help': 0.1143, 'report': 0.0458, 'trade': 0.2432, 'observe': 0.399, 'idle': 0.337}"
1229,npc_1229,object_moved,idle,0.6144,0.28179999999999994,31.665614295029098,0.40020104323280814,free,True,"{'talk': -0.02, 'warn': 0.0021, 'intimidate': -1.0, 'flee': 0.2044, 'attack': -1.0, 'help': 0.0075, 'report': 0.12, 'trade': 0.3148, 'observe': 0.3326, 'idle': 0.6144}"
1230,npc_1230,player_threatens,idle,0.0,0.5129,2.706663177688451,0.8881153219941363,broken,True,"{'talk': 0.1371, 'flee': 0.0408, 'observe': 0.0363, 'idle': -0.0339, 'opp_attention_component': 0.0, 'opp_distance_component': 0.0, 'opp_weapon_component': 0.0, 'opp_allies_component': 0.0, 'opp_raw_score': 0.0, 'opp_threshold': 0.65}"
1231,npc_1231,player_talks,idle,0.3849,0.03620000000000001,93.8504785130272,0.49876533242897425,free,True,"{'flee': 0.1173, 'observe': 0.3487, 'idle': 0.3849}"
1232,npc_1232,player_asks_why,explain,1.0,1.0,11.372463306104352,0.3695911821991037,loyal,True,{'explain': 1.0}
1233,npc_1233,sound_emitted,observe,0.226,0.024499999999999994,6.0014371133546245,0.5239226649235813,free,True,"{'talk': 0.074, 'warn': 0.098, 'intimidate': -0.2361, 'flee': 0.0943, 'attack': -0.3939, 'help': 0.0467, 'report': 0.0723, 'trade': 0.0124, 'observe': 0.226, 'idle': 0.2015}"
1234,npc_1234,PLAYER_ATTACKED,idle,0.0,0.5294,65.45301608966874,0.4773118146530858,broken,False,"{'talk': 0.0628, 'flee': 0.0493, 'observe': 0.1206, 'idle': 0.0699, 'opp_attention_component': 0.0, 'opp_distance_component': 0.0, 'opp_weapon_component': 0.0, 'opp_allies_component': 0.0, 'opp_raw_score': 0.0, 'opp_threshold': 0.65}"
1235,npc_1235,help,warn,0.1543,0.0021999999999999797,3.6091693425256532,0.15476773596240023,free,True,"{'talk': 0.0815, 'warn': 0.1543, 'intimidate': -0.0851, 'flee': 0.0594, 'attack': -0.1182, 'help': 0.1243, 'report': 0.0874, 'trade': 0.1293, 'observe': 0.086, 'idle': 0.1521}"
1236,npc_1236,npc_spoke,talk,0.2512,0.14129999999999998,11.282274935534186,0.8316044985158749,loyal,True,"{'talk': 0.2512, 'warn': 0.0245, 'intimidate': 0.022, 'flee': 0.0096, 'help': 0.001, 'report': 0.1052, 'trade': 0.1099, 'observe': -0.0068, 'idle': -0.0016}"
1237,npc_1237,player_used_item,idle,0.4802,0.004400000000000015,6.697384706186094,0.705589258297914,coerced,True,"{'talk': 0.1384, 'warn': 0.016, 'intimidate': -1.0, 'flee': -0.0409, 'attack': -1.0, 'help': 0.0238, 'report': 0.0228, 'trade': 0.0334, 'observe': 0.4758, 'idle': 0.4802}"
1238,npc_1238,npc_spoke,idle,0.6073,0.2956,33.51510879364466,0.5394258559821838,deceptive,True,"{'talk': 0.0945, 'warn': 0.3117, 'intimidate': -1.0, 'flee': 0.1398, 'attack': -1.0, 'help': 0.0948, 'report': 0.2531, 'trade': 0.0792, 'observe': 0.1754, 'idle': 0.6073}"
1239,npc_1239,weather_changed,idle,0.452,0.005099999999999993,75.39497866053033,0.6473489941804004,free,True,"{'talk': 0.1305, 'warn': 0.0347, 'intimidate': -1.0, 'flee': 0.1345, 'attack': -1.0, 'help': -0.0207, 'report': -0.0324, 'trade': 0.103, 'observe': 0.4469, 'idle': 0.452}"
1240,npc_1240,PLAYER_ATTACKED,idle,0.0,0.022400000000000003,94.13768866305516,0.9238576998703283,free,True,"{'talk': 0.051, 'warn': 0.092, 'intimidate': -0.1586, 'flee': -0.0168, 'attack': -0.0832, 'help': 0.1265, 'report': -0.0265, 'trade': 0.0142, 'observe': -0.0079, 'idle': 0.1041}"
1241,npc_1241,npc_proximity_close,trade,0.1966,0.05349999999999999,31.903942024910194,0.5039543131108709,free,False,"{'talk': 0.0862, 'warn': 0.077, 'intimidate': -0.4423, 'flee': -0.0265, 'attack': -0.5789, 'help': -0.0315, 'report': 0.1431, 'trade': 0.1966, 'observe': 0.0595, 'idle': -0.0414}"
1242,npc_1242,help,report,0.479,0.032799999999999996,34.879875733598595,0.6917395566568906,deceptive,False,"{'talk': 0.2242, 'warn': 0.4462, 'intimidate': -1.0, 'flee': 0.1743, 'attack': -1.0, 'help': 0.3427, 'report': 0.479, 'trade': 0.1593, 'observe': 0.2968, 'idle': 0.123}"
1243,npc_1243,idle,talk,0.1527,0.0741,40.67196421026858,0.6812614379646454,coerced,True,"{'talk': 0.1527, 'warn': -0.0372, 'intimidate': -0.1981, 'flee': 0.0786, 'attack': -0.1244, 'help': 0.075, 'report': 0.0204, 'trade': 0.0656, 'observe': 0.0594, 'idle': 0.0466}"
1244,npc_1244,unknown,report,0.3218,0.014999999999999958,95.71879706871327,0.5794554134900778,coerced,False,"{'talk': 0.25, 'warn': 0.3068, 'intimidate': -0.2763, 'flee': 0.1349, 'attack': -0.1677, 'help': 0.2483, 'report': 0.3218, 'trade': 0.1002, 'observe': 0.109, 'idle': 0.0493}"
1245,npc_1245,proximity_close,flee,0.214,0.030700000000000005,74.52216275192724,0.7088391842603985,deceptive,False,"{'talk': 0.093, 'warn': 0.03, 'intimidate': -0.4126, 'flee': 0.214, 'attack': -0.5059, 'help': 0.0901, 'report': 0.0514, 'trade': 0.0448, 'observe': 0.077, 'idle': 0.1833}"
1246,npc_1246,unknown,talk,0.268,0.0121,22.06570529836751,0.20701599387941227,free,True,"{'talk': 0.268, 'warn': 0.0572, 'intimidate': -1.0, 'flee': 0.229, 'attack': -1.0, 'help': 0.1469, 'report': 0.1065, 'trade': 0.0321, 'observe': 0.2559, 'idle': 0.1789}"
1247,npc_1247,player_interacts,observe,0.2728,0.0011999999999999789,81.23130437416309,0.9424112513282488,coerced,True,"{'talk': 0.0802, 'warn': 0.0524, 'intimidate': -0.2741, 'flee': 0.0115, 'attack': -0.2542, 'help': 0.0164, 'report': -0.0596, 'trade': 0.1454, 'observe': 0.2728, 'idle': 0.2716}"
1248,npc_1248,player_used_item,idle,0.0,0.047200000000000006,68.92061001105586,0.020791117445411844,free,False,"{'talk': -0.0839, 'warn': 0.0994, 'intimidate': -0.3609, 'flee': 0.0558, 'attack': -0.4602, 'help': -0.0753, 'report': 0.1466, 'trade': 0.0035, 'observe': -0.0079, 'idle': -0.062}"
1249,npc_1249,light_changed,idle,0.6787,0.028699999999999948,20.291821457172286,0.7254909738760252,broken,True,"{'talk': 0.1224, 'flee': 0.1217, 'observe': 0.1347, 'idle': 0.6787, 'opp_attention_component': 0.0, 'opp_distance_component': 0.0, 'opp_weapon_component': 0.0, 'opp_allies_component': 0.0, 'opp_raw_score': 0.0, 'opp_threshold': 0.65}"
1250,npc_1250,npc_state_changed,observe,0.3976,0.2524,58.864428277906875,0.11395805870829845,broken,False,"{'talk': 0.0563, 'flee': 0.2783, 'observe': 0.3976, 'idle': 0.3486, 'opp_attention_component': 0.0, 'opp_distance_component': 0.0, 'opp_weapon_component': 0.0, 'opp_allies_component': 0.0, 'opp_raw_score': 0.0, 'opp_threshold': 0.65}"
1251,npc_1251,player_attack,talk,0.4023,0.13629999999999998,70.62771187769256,0.08852046163709082,deceptive,True,"{'talk': 0.4023, 'warn': 0.0388, 'intimidate': -0.042, 'flee': -0.0223, 'attack': -0.1503, 'help': 0.266, 'report': -0.0913, 'trade': 0.207, 'observe': 0.0854, 'idle': -0.0293}"
1252,npc_1252,npc_spoke,observe,0.7018,0.07769999999999999,30.30998317883148,0.2564346177064146,free,True,"{'talk': -0.0329, 'warn': 0.0291, 'intimidate': -1.0, 'flee': 0.0051, 'attack': -1.0, 'help': -0.0471, 'report': -0.0508, 'trade': -0.0023, 'observe': 0.7018, 'idle': 0.6241}"
1253,npc_1253,player_moved,report,0.2685,0.02250000000000002,92.98685804218276,0.29021591677317005,loyal,False,"{'talk': 0.093, 'warn': 0.1246, 'intimidate': -0.3589, 'flee': 0.2388, 'help': 0.246, 'report': 0.2685, 'trade': 0.1318, 'observe': 0.2066, 'idle': 0.1786}"
1254,npc_1254,unknown,idle,0.5766,0.43620000000000003,50.90871117654413,0.1252652828261408,coerced,True,"{'talk': 0.1404, 'warn': 0.0811, 'intimidate': -1.0, 'flee': 0.0369, 'attack': -1.0, 'help': 0.0957, 'report': -0.0054, 'trade': 0.0656, 'observe': 0.0819, 'idle': 0.5766}"
1255,npc_1255,player_insults,idle,0.4969,0.03500000000000003,15.89153050189871,0.5147232400685736,free,True,"{'talk': 0.2725, 'warn': 0.0239, 'intimidate': -1.0, 'flee': 0.1941, 'attack': -1.0, 'help': 0.0542, 'report': 0.0627, 'trade': 0.1329, 'observe': 0.4619, 'idle': 0.4969}"
1256,npc_1256,player_insults,warn,0.5126,0.04809999999999992,80.84234917014173,0.32345884547679415,deceptive,True,"{'talk': 0.2681, 'warn': 0.5126, 'intimidate': 0.2594, 'flee': 0.1152, 'attack': 0.3229, 'help': 0.1954, 'report': 0.4645, 'trade': 0.0215, 'observe': 0.034, 'idle': 0.1796}"
1257,npc_1257,saved_life,talk,0.5849,0.31379999999999997,12.479845265453072,0.7807084499860673,loyal,True,"{'talk': 0.5849, 'warn': 0.1613, 'intimidate': -0.025, 'flee': -0.021, 'help': 0.2711, 'report': 0.2578, 'trade': 0.0728, 'observe': 0.251, 'idle': 0.1618}"
1258,npc_1258,movement,observe,0.4893,0.06559999999999999,52.558212301530325,0.36106098274788123,loyal,True,"{'talk': 0.194, 'warn': 0.0801, 'intimidate': -1.0, 'flee': 0.3634, 'help': 0.0565, 'report': 0.1868, 'trade': 0.2143, 'observe': 0.4893, 'idle': 0.4237}"
1259,npc_1259,proximity_close,warn,0.3882,0.01469999999999999,58.96505951596569,0.8771885272109917,free,False,"{'talk': 0.042, 'warn': 0.3882, 'intimidate': -0.2455, 'flee': 0.0505, 'attack': -0.2463, 'help': 0.0681, 'report': 0.3735, 'trade': 0.224, 'observe': 0.0432, 'idle': 0.0614}"
1260,npc_1260,betrayal,talk,0.3987,0.2149,85.09820713775798,0.1190662282257372,deceptive,True,"{'talk': 0.3987, 'warn': 0.0782, 'intimidate': -0.038, 'flee': 0.0119, 'attack': 0.0184, 'help': 0.0599, 'report': 0.1838, 'trade': 0.1395, 'observe': 0.1289, 'idle': 0.0497}"
1261,npc_1261,intimidation,idle,0.1801,0.4699,36.34800407232196,0.6350563413521674,broken,True,"{'talk': -0.0003, 'flee': 0.1061, 'observe': -0.0153, 'idle': 0.1801, 'opp_attention_component': 0.0, 'opp_distance_component': 0.0, 'opp_weapon_component': 0.0, 'opp_allies_component': 0.0, 'opp_raw_score': 0.0, 'opp_threshold': 0.65}"
1262,npc_1262,player_attacks,observe,0.5795,0.09160000000000001,90.3218116558692,0.3039288837697507,coerced,True,"{'talk': 0.1671, 'warn': 0.0208, 'intimidate': -1.0, 'flee': 0.3253, 'attack': -1.0, 'help': 0.025, 'report': 0.0311, 'trade': 0.1986, 'observe': 0.5795, 'idle': 0.4879}"
1263,npc_1263,player_used_item,idle,0.8441,0.19409999999999994,19.829914559832883,0.22864089653902087,broken,True,"{'talk': 0.0907, 'flee': 0.2719, 'observe': 0.2374, 'idle': 0.8441, 'opp_attention_component': 0.0, 'opp_distance_component': 0.0, 'opp_weapon_component': 0.0, 'opp_allies_component': 0.0, 'opp_raw_score': 0.0, 'opp_threshold': 0.65}"
1264,npc_1264,theft,idle,0.597,0.31289999999999996,36.49185934999951,0.9010921315025374,coerced,True,"{'talk': 0.0327, 'warn': 0.2841, 'intimidate': -1.0, 'flee': 0.0191, 'attack': -1.0, 'help': 0.1639, 'report': 0.2553, 'trade': 0.0231, 'observe': -0.0028, 'idle': 0.597}"
1265,npc_1265,object_changed,idle,0.0,0.5108,31.912726759694408,0.031881090967958436,broken,True,"{'talk': -0.0698, 'flee': 0.0975, 'observe': -0.0573, 'idle': 0.1392, 'opp_attention_component': 0.0, 'opp_distance_component': 0.0, 'opp_weapon_component': 0.0, 'opp_allies_component': 0.0, 'opp_raw_score': 0.0, 'opp_threshold': 0.65}"
1266,npc_1266,PLAYER_SPOKE,observe,0.3642,0.2858,90.69854627689607,0.2696410837392227,broken,False,"{'talk': 0.0902, 'flee': 0.3476, 'observe': 0.3642, 'idle': 0.2437, 'opp_attention_component': 0.0, 'opp_distance_component': 0.0, 'opp_weapon_component': 0.0, 'opp_allies_component': 0.0, 'opp_raw_score': 0.0, 'opp_threshold': 0.65}"
1267,npc_1267,smell_emitted,idle,0.6153,0.35989999999999994,18.49914190130043,0.3434176834447371,coerced,True,"{'talk': 0.1706, 'warn': 0.1593, 'intimidate': -1.0, 'flee': 0.2554, 'attack': -1.0, 'help': 0.1456, 'report': 0.1237, 'trade': 0.094, 'observe': 0.1451, 'idle': 0.6153}"
1268,npc_1268,player_attack,report,0.3182,0.09339999999999998,57.61044549136795,0.40110500423587647,deceptive,True,"{'talk': 0.0196, 'warn': 0.2248, 'intimidate': -0.1375, 'flee': 0.1, 'attack': -0.2618, 'help': 0.0561, 'report': 0.3182, 'trade': 0.1732, 'observe': -0.0018, 'idle': 0.1195}"
1269,npc_1269,npc_interacts_npc,trade,0.3205,0.1257,71.49123748905738,0.9545599302667902,deceptive,False,"{'talk': 0.1948, 'warn': 0.0285, 'intimidate': -0.518, 'flee': 0.0562, 'attack': -0.5852, 'help': 0.0532, 'report': 0.1026, 'trade': 0.3205, 'observe': 0.0753, 'idle': 0.0461}"
1270,npc_1270,betrayal,report,0.248,0.009699999999999986,13.57124557637147,0.41573313218077645,deceptive,True,"{'talk': 0.1727, 'warn': 0.2383, 'intimidate': -1.0, 'flee': 0.1268, 'attack': -1.0, 'help': 0.0235, 'report': 0.248, 'trade': 0.0713, 'observe': 0.2055, 'idle': 0.1913}"
1271,npc_1271,weather_changed,report,0.2922,0.1327,2.874735380482274,0.9757068439091452,deceptive,True,"{'talk': 0.1132, 'warn': 0.1595, 'intimidate': -0.1886, 'flee': -0.0289, 'attack': -0.0463, 'help': 0.0601, 'report': 0.2922, 'trade': 0.0892, 'observe': 0.0908, 'idle': 0.0367}"
1272,npc_1272,npc_spoke,observe,0.2538,0.03970000000000001,94.10249148258292,0.3299301394902435,loyal,True,"{'talk': 0.2141, 'warn': 0.1242, 'intimidate': 0.0635, 'flee': -0.0299, 'help': 0.0739, 'report': -0.0143, 'trade': 0.0851, 'observe': 0.2538, 'idle': 0.0751}"
1273,npc_1273,player_talks,idle,0.2282,0.08929999999999999,91.97578322593378,0.5020818139922343,free,True,"{'talk': 0.1199, 'warn': 0.1057, 'intimidate': -0.0748, 'flee': 0.0418, 'attack': -0.1813, 'help': -0.0363, 'report': 0.0746, 'trade': -0.0265, 'observe': 0.1389, 'idle': 0.2282}"
1274,npc_1274,npc_moved,report,0.1993,0.06690000000000002,25.5351700876017,0.4415634153678769,loyal,False,"{'talk': -0.0401, 'warn': 0.0524, 'intimidate': -0.4846, 'flee': 0.0378, 'help': -0.0258, 'report': 0.1993, 'trade': 0.0055, 'observe': 0.095, 'idle': 0.1324}"
1275,npc_1275,proximity_close,idle,0.3558,0.058599999999999985,22.502386506908756,0.6856759835271085,loyal,True,"{'talk': 0.1588, 'warn': 0.2402, 'intimidate': -0.0253, 'flee': 0.0413, 'help': -0.0114, 'report': 0.2972, 'trade': 0.2385, 'observe': 0.1348, 'idle': 0.3558}"
1276,npc_1276,player_helpers,talk,0.3478,0.0988,80.88978533762042,0.1617236994894864,deceptive,True,"{'talk': 0.3478, 'warn': 0.1796, 'intimidate': 0.063, 'flee': 0.098, 'attack': -0.0044, 'help': 0.0332, 'report': 0.177, 'trade': 0.2206, 'observe': 0.249, 'idle': 0.2032}"
1277,npc_1277,smell_emitted,observe,0.2558,0.3942,44.26535831230222,0.4840463855408753,broken,True,"{'talk': -0.0925, 'flee': 0.0796, 'observe': 0.2558, 'idle': 0.212, 'opp_attention_component': 0.0, 'opp_distance_component': 0.0, 'opp_weapon_component': 0.0, 'opp_allies_component': 0.0, 'opp_raw_score': 0.0, 'opp_threshold': 0.65}"
1278,npc_1278,proximity_close,observe,0.3232,0.05169999999999997,31.77960220807674,0.005878397307784389,deceptive,True,"{'talk': 0.2715, 'warn': 0.1324, 'intimidate': -1.0, 'flee': 0.1854, 'attack': -1.0, 'help': 0.0128, 'report': 0.036, 'trade': 0.0926, 'observe': 0.3232, 'idle': 0.2678}"
1279,npc_1279,betrayal,observe,0.3901,0.053200000000000025,4.723089365467203,0.008508820865951283,coerced,True,"{'talk': 0.1616, 'warn': 0.2017, 'intimidate': -1.0, 'flee': 0.2084, 'attack': -1.0, 'help': 0.0552, 'report': 0.0758, 'trade': 0.1911, 'observe': 0.3901, 'idle': 0.3369}"
1280,npc_1280,player_cast_spell,idle,0.0,0.01999999999999999,66.50307858896439,0.8713475447173606,coerced,True,"{'talk': 0.0864, 'warn': -0.0573, 'intimidate': -0.1662, 'flee': 0.1064, 'attack': -0.0573, 'help': 0.0298, 'report': -0.0309, 'trade': 0.0052, 'observe': -0.0399, 'idle': -0.0051}"
1281,npc_1281,idle,observe,0.3133,0.0023000000000000242,74.02320667876813,0.752260913492131,free,True,"{'talk': 0.1999, 'warn': 0.0526, 'intimidate': -1.0, 'flee': 0.2646, 'attack': -1.0, 'help': 0.2598, 'report': 0.1658, 'trade': 0.0413, 'observe': 0.3133, 'idle': 0.311}"
1282,npc_1282,player_talks,idle,0.3625,0.06109999999999999,64.8016046629041,0.04274174588274027,free,True,"{'talk': 0.1341, 'warn': 0.1839, 'intimidate': -1.0, 'flee': 0.0005, 'attack': -1.0, 'help': -0.0296, 'report': 0.0575, 'trade': -0.0487, 'observe': 0.3014, 'idle': 0.3625}"
1283,npc_1283,faction_event,warn,0.2864,0.0431,67.12918544794093,0.18030335915603923,loyal,True,"{'talk': 0.0791, 'warn': 0.2864, 'intimidate': -0.1835, 'flee': 0.0137, 'help': -0.0104, 'report': 0.2433, 'trade': 0.0091, 'observe': 0.0335, 'idle': 0.0238}"
1284,npc_1284,player_used_item,trade,0.291,0.0006999999999999784,39.542788523522866,0.6000398187791137,deceptive,False,"{'talk': 0.2903, 'warn': 0.1917, 'intimidate': -1.0, 'flee': 0.2894, 'attack': -1.0, 'help': 0.1874, 'report': 0.2629, 'trade': 0.291, 'observe': 0.2624, 'idle': 0.1649}"
1285,npc_1285,player_cast_spell,trade,0.4671,0.1553,13.447201059896663,0.9236666096475816,coerced,False,"{'talk': 0.0799, 'warn': 0.1506, 'intimidate': -0.4828, 'flee': 0.3118, 'attack': -0.4356, 'help': -0.04, 'report': 0.2253, 'trade': 0.4671, 'observe': 0.2966, 'idle': 0.2282}"
1286,npc_1286,player_moved,idle,0.3538,0.156,66.72168700455184,0.7874588920994274,coerced,True,"{'talk': -0.0145, 'warn': -0.0176, 'intimidate': -1.0, 'flee': 0.1978, 'attack': -1.0, 'help': -0.0091, 'report': 0.1033, 'trade': -0.047, 'observe': 0.0771, 'idle': 0.3538}"
1287,npc_1287,player_helpers,idle,0.0,0.0354,18.556882661224595,0.3967821299310771,deceptive,True,"{'talk': -0.0612, 'warn': 0.1073, 'intimidate': -0.0016, 'flee': 0.0434, 'attack': -0.0505, 'help': -0.0757, 'report': 0.0232, 'trade': -0.0764, 'observe': 0.0507, 'idle': 0.0719}"
1288,npc_1288,PLAYER_ATTACKED,report,0.3232,0.09309999999999999,55.8732679332865,0.27830394760730637,loyal,True,"{'talk': 0.1096, 'warn': 0.0422, 'intimidate': -0.0948, 'flee': 0.1114, 'help': 0.0195, 'report': 0.3232, 'trade': 0.2301, 'observe': 0.1019, 'idle': 0.1342}"
1289,npc_1289,player_insults,help,0.2264,0.0015000000000000013,59.83101146150693,0.2642224211236802,coerced,False,"{'talk': 0.1937, 'warn': 0.1054, 'intimidate': -0.0043, 'flee': 0.1014, 'attack': 0.0935, 'help': 0.2264, 'report': 0.0244, 'trade': 0.0837, 'observe': 0.219, 'idle': 0.2249}"
1290,npc_1290,player_moved,idle,0.2141,0.051100000000000007,65.20036239432417,0.6771451864257424,loyal,True,"{'talk': 0.1194, 'warn': 0.1592, 'intimidate': -0.0408, 'flee': 0.0807, 'help': -0.0129, 'report': 0.163, 'trade': 0.0259, 'observe': 0.1537, 'idle': 0.2141}"
1291,npc_1291,weather_changed,idle,0.4035,0.015900000000000025,79.05274356585117,0.7377693660178841,loyal,False,"{'talk': 0.2934, 'warn': 0.1277, 'intimidate': -1.0, 'flee': 0.2377, 'help': 0.2239, 'report': 0.2606, 'trade': 0.378, 'observe': 0.3876, 'idle': 0.4035}"
1292,npc_1292,npc_spoke,trade,0.2889,0.1076,16.81629612771993,0.832803043368452,coerced,True,"{'talk': 0.1421, 'warn': 0.1255, 'intimidate': -0.2683, 'flee': 0.1813, 'attack': -0.3495, 'help': 0.1256, 'report': 0.1601, 'trade': 0.2889, 'observe': 0.1039, 'idle': 0.1723}"
1293,npc_1293,weather_changed,warn,0.3611,0.06439999999999996,69.76993907046403,0.823298186160386,deceptive,True,"{'talk': 0.0919, 'warn': 0.3611, 'intimidate': -0.1898, 'flee': 0.0117, 'attack': -0.0984, 'help': -0.0005, 'report': 0.2498, 'trade': 0.2967, 'observe': 0.034, 'idle': 0.1813}"
1294,npc_1294,intimidation,talk,0.4849,0.28,26.77608771502651,0.3104722923729353,free,True,"{'talk': 0.4849, 'warn': 0.1603, 'intimidate': 0.0918, 'flee': 0.0116, 'attack': 0.0838, 'help': 0.1391, 'report': 0.1494, 'trade': 0.117, 'observe': 0.2049, 'idle': 0.2003}"
1295,npc_1295,npc_state_changed,talk,0.2726,0.015500000000000014,75.85044118081407,0.278451658779312,loyal,True,"{'talk': 0.2726, 'warn': 0.2288, 'intimidate': -0.1111, 'flee': 0.0911, 'help': 0.1304, 'report': 0.183, 'trade': 0.2571, 'observe': -0.0115, 'idle': 0.0553}"
1296,npc_1296,player_insults,talk,0.3409,0.04530000000000001,73.90539708960259,0.254060788691576,deceptive,True,"{'talk': 0.3409, 'warn': -0.053, 'intimidate': -1.0, 'flee': -0.0287, 'attack': -1.0, 'help': 0.1028, 'report': 0.0235, 'trade': 0.0941, 'observe': 0.195, 'idle': 0.2956}"
1297,npc_1297,theft,observe,0.5031,0.0343,25.82079998975089,0.554858723667928,free,True,"{'talk': -0.0684, 'warn': 0.4688, 'intimidate': -1.0, 'flee': 0.1134, 'attack': -1.0, 'help': -0.076, 'report': 0.3529, 'trade': 0.1608, 'observe': 0.5031, 'idle': 0.447}"
1298,npc_1298,player_attacks,talk,0.3784,0.2066,30.585384638877557,0.46481390398451206,free,True,"{'talk': 0.3784, 'warn': 0.0956, 'intimidate': -0.1338, 'flee': 0.0719, 'attack': -0.0942, 'help': 0.0711, 'report': 0.14, 'trade': 0.1718, 'observe': 0.0846, 'idle': 0.1576}"
1299,npc_1299,proximity_leave,idle,0.0,0.015600000000000003,47.046853745065235,0.47821905234761963,deceptive,True,"{'talk': 0.1293, 'warn': 0.0454, 'intimidate': -0.113, 'flee': 0.009, 'attack': -0.0263, 'help': -0.0251, 'report': 0.1161, 'trade': 0.0005, 'observe': 0.1449, 'idle': 0.0635}"
1300,npc_1300,object_destroyed,observe,0.4556,0.04680000000000001,91.23627189221497,0.3126712538938309,free,False,"{'flee': 0.4088, 'observe': 0.4556, 'idle': 0.309}"
1301,npc_1301,npc_proximity_close,trade,0.5192,0.1264,0.7322867942651023,0.3510372839983681,free,False,"{'talk': -0.0021, 'warn': 0.3557, 'intimidate': -0.3601, 'flee': 0.1498, 'attack': -0.2967, 'help': 0.0267, 'report': 0.3928, 'trade': 0.5192, 'observe': 0.1003, 'idle': 0.0771}"
1302,npc_1302,sound_emitted,observe,0.3346,0.04749999999999999,53.91517029705736,0.4674580994168773,coerced,True,"{'talk': 0.1524, 'warn': 0.1844, 'intimidate': -0.137, 'flee': 0.0759, 'attack': 0.0195, 'help': 0.0353, 'report': 0.1582, 'trade': 0.0894, 'observe': 0.3346, 'idle': 0.2871}"
1303,npc_1303,combat,observe,0.4515,0.00030000000000002247,61.65028979418262,0.9900765730100005,coerced,True,"{'talk': 0.2765, 'warn': 0.1281, 'intimidate': -1.0, 'flee': 0.1237, 'attack': -1.0, 'help': 0.1804, 'report': 0.1001, 'trade': 0.1978, 'observe': 0.4515, 'idle': 0.4512}"
1304,npc_1304,idle,report,0.3753,0.03870000000000001,25.004834005881214,0.541765963900354,loyal,False,"{'talk': 0.1788, 'warn': 0.3366, 'intimidate': -0.3043, 'flee': 0.099, 'help': 0.1013, 'report': 0.3753, 'trade': 0.2359, 'observe': 0.1536, 'idle': 0.0897}"
1305,npc_1305,object_changed,talk,0.2137,0.016699999999999993,27.015890486621487,0.6745458209320331,coerced,True,"{'talk': 0.2137, 'warn': 0.052, 'intimidate': -1.0, 'flee': 0.1421, 'attack': -1.0, 'help': 0.1628, 'report': 0.0688, 'trade': 0.1381, 'observe': 0.197, 'idle': 0.1872}"
1306,npc_1306,player_talks,idle,0.3222,0.0983,17.57278687080651,0.3837190340740726,coerced,True,"{'talk': 0.0057, 'warn': 0.1288, 'intimidate': -1.0, 'flee': 0.1122, 'attack': -1.0, 'help': 0.0197, 'report': 0.1249, 'trade': 0.0201, 'observe': 0.2239, 'idle': 0.3222}"
1307,npc_1307,player_talks,talk,0.3159,0.043800000000000006,84.35279997554068,0.4269200027485832,deceptive,True,"{'talk': 0.3159, 'warn': 0.2127, 'intimidate': -0.1664, 'flee': 0.1355, 'attack': -0.0539, 'help': 0.1506, 'report': 0.2614, 'trade': 0.0835, 'observe': 0.242, 'idle': 0.2721}"
1308,npc_1308,intimidation,idle,0.5462,0.1038,34.0222956791287,0.4553292707522699,broken,True,"{'talk': 0.1369, 'flee': 0.0232, 'observe': 0.1056, 'idle': 0.5462, 'opp_attention_component': 0.0, 'opp_distance_component': 0.0, 'opp_weapon_component': 0.0, 'opp_allies_component': 0.0, 'opp_raw_score': 0.0, 'opp_threshold': 0.65}"
1309,npc_1309,dialogue,idle,0.4091,0.2409,2.2249027134348287,0.5842420611641574,broken,True,"{'talk': 0.0189, 'flee': 0.0563, 'observe': -0.033, 'idle': 0.4091, 'opp_attention_component': 0.0, 'opp_distance_component': 0.0, 'opp_weapon_component': 0.0, 'opp_allies_component': 0.0, 'opp_raw_score': 0.0, 'opp_threshold': 0.65}"
1310,npc_1310,proximity_leave,idle,0.3601,0.204,0.005151817663928693,0.5051831858037225,free,True,"{'talk': 0.0787, 'warn': 0.0222, 'intimidate': -1.0, 'flee': 0.0097, 'attack': -1.0, 'help': 0.1055, 'report': 0.1561, 'trade': 0.0432, 'observe': 0.12, 'idle': 0.3601}"
1311,npc_1311,sound_emitted,talk,0.3633,0.019799999999999984,32.42051359971521,0.7815398380827959,loyal,True,"{'talk': 0.3633, 'warn': 0.0784, 'intimidate': -1.0, 'flee': 0.0067, 'help': 0.0382, 'report': -0.041, 'trade': 0.0475, 'observe': 0.3435, 'idle': 0.306}"
1312,npc_1312,idle,idle,0.2994,0.3506,89.95086649889728,0.9589659872151354,broken,False,"{'talk': 0.087, 'flee': 0.1682, 'observe': 0.2477, 'idle': 0.2994, 'opp_attention_component': 0.0, 'opp_distance_component': 0.0, 'opp_weapon_component': 0.0, 'opp_allies_component': 0.0, 'opp_raw_score': 0.0, 'opp_threshold': 0.65}"
1313,npc_1313,player_used_item,trade,0.2634,0.06020000000000003,41.127210677110504,0.28752210418112745,deceptive,False,"{'talk': 0.2032, 'warn': 0.088, 'intimidate': -0.3697, 'flee': 0.0894, 'attack': -0.3622, 'help': 0.0761, 'report': 0.142, 'trade': 0.2634, 'observe': 0.0481, 'idle': -0.0705}"
1314,npc_1314,intimidation,warn,0.3185,0.1053,8.405916368095589,0.0015337896279395968,loyal,True,"{'talk': 0.2015, 'warn': 0.3185, 'intimidate': 0.1889, 'flee': 0.1543, 'help': 0.1598, 'report': 0.1479, 'trade': 0.2132, 'observe': 0.1673, 'idle': 0.1861}"
1315,npc_1315,saved_life,idle,0.0,0.061799999999999994,21.563194881178017,0.6288680255050468,loyal,True,"{'talk': -0.0095, 'warn': 0.0103, 'intimidate': -0.0623, 'flee': -0.0362, 'help': 0.0041, 'report': -0.0528, 'trade': 0.0167, 'observe': 0.0592, 'idle': 0.121}"
1316,npc_1316,npc_interacts_npc,talk,0.1859,0.4641,44.8493204137648,0.4465006016303088,broken,True,"{'talk': 0.1859, 'flee': -0.0508, 'observe': 0.1116, 'idle': 0.1181, 'opp_attention_component': 0.0, 'opp_distance_component': 0.0, 'opp_weapon_component': 0.0, 'opp_allies_component': 0.0, 'opp_raw_score': 0.0, 'opp_threshold': 0.65}"
1317,npc_1317,saved_life,idle,0.1693,0.4807,91.48301175719101,0.26496611374286283,broken,True,"{'talk': 0.0015, 'flee': 0.0783, 'observe': 0.1575, 'idle': 0.1693, 'opp_attention_component': 0.0, 'opp_distance_component': 0.0, 'opp_weapon_component': 0.0, 'opp_allies_component': 0.0, 'opp_raw_score': 0.0, 'opp_threshold': 0.65}"
1318,npc_1318,combat,talk,0.435,0.21500000000000002,96.23030703756021,0.46573094591417585,broken,False,"{'talk': 0.435, 'flee': 0.3789, 'observe': 0.2996, 'idle': 0.13, 'opp_attention_component': 0.0, 'opp_distance_component': 0.0, 'opp_weapon_component': 0.0, 'opp_allies_component': 0.0, 'opp_raw_score': 0.0, 'opp_threshold': 0.65}"
1319,npc_1319,npc_proximity_close,report,0.3545,0.017100000000000004,76.65307313777294,0.6219902752962749,free,False,"{'talk': 0.1984, 'warn': 0.3374, 'intimidate': -0.3057, 'flee': 0.1913, 'attack': -0.3025, 'help': 0.3077, 'report': 0.3545, 'trade': 0.0717, 'observe': 0.0755, 'idle': 0.0475}"
1320,npc_1320,object_destroyed,idle,0.5029,0.17660000000000003,65.46941299529752,0.9538311003170414,coerced,True,"{'talk': 0.1571, 'warn': 0.2834, 'intimidate': -1.0, 'flee': 0.2144, 'attack': -1.0, 'help': 0.3263, 'report': 0.1627, 'trade': 0.0072, 'observe': 0.1825, 'idle': 0.5029}"
1321,npc_1321,betrayal,idle,0.8965,0.7649999999999999,58.49143116891382,0.42141523270157444,loyal,True,"{'talk': -0.0691, 'warn': -0.0299, 'intimidate': -1.0, 'flee': 0.0197, 'help': -0.0342, 'report': 0.0009, 'trade': 0.1315, 'observe': 0.0537, 'idle': 0.8965}"
1322,npc_1322,proximity_leave,observe,0.4635,0.016800000000000037,42.50502208122373,0.6479097784188589,free,True,"{'talk': 0.1569, 'warn': 0.1715, 'intimidate': -1.0, 'flee': 0.1811, 'attack': -1.0, 'help': 0.0628, 'report': 0.049, 'trade': 0.057, 'observe': 0.4635, 'idle': 0.4467}"
1323,npc_1323,npc_proximity_close,observe,0.5102,0.1614,40.41160668663192,0.01677586530710795,free,True,"{'talk': -0.0601, 'warn': 0.1289, 'intimidate': -1.0, 'flee': 0.2004, 'attack': -1.0, 'help': 0.0252, 'report': 0.1082, 'trade': -0.0133, 'observe': 0.5102, 'idle': 0.3488}"
1324,npc_1324,player_helpers,flee,0.2426,0.4074,24.1969143026633,0.1555660521021882,broken,False,"{'talk': 0.1286, 'flee': 0.2426, 'observe': 0.1684, 'idle': 0.2006, 'opp_attention_component': 0.0, 'opp_distance_component': 0.0, 'opp_weapon_component': 0.0, 'opp_allies_component': 0.0, 'opp_raw_score': 0.0, 'opp_threshold': 0.65}"
1325,npc_1325,time_passed,observe,0.2535,0.0025000000000000022,33.95841953729064,0.30244556685994417,coerced,True,"{'talk': 0.1091, 'warn': 0.0856, 'intimidate': -1.0, 'flee': 0.0432, 'attack': -1.0, 'help': -0.0256, 'report': 0.0607, 'trade': 0.1448, 'observe': 0.2535, 'idle': 0.251}"
1326,npc_1326,player_attacks,warn,0.4283,0.15710000000000002,69.96813398210867,0.9256711741318112,deceptive,True,"{'talk': 0.1547, 'warn': 0.4283, 'intimidate': -0.0841, 'flee': 0.0631, 'attack': -0.2594, 'help': 0.0718, 'report': 0.2712, 'trade': 0.207, 'observe': 0.069, 'idle': -0.011}"
1327,npc_1327,player_attack,observe,0.2022,0.09829999999999998,77.24460312595942,0.2100373875414301,loyal,True,"{'talk': 0.0598, 'warn': -0.0322, 'intimidate': -0.1522, 'flee': 0.0374, 'help': 0.0846, 'report': 0.054, 'trade': 0.056, 'observe': 0.2022, 'idle': 0.1039}"
1328,npc_1328,npc_proximity_leave,report,0.4544,0.016700000000000048,91.66737286061728,0.3751081178359097,loyal,False,"{'talk': 0.1754, 'warn': 0.4377, 'intimidate': -0.1976, 'flee': 0.3373, 'help': 0.1211, 'report': 0.4544, 'trade': 0.3783, 'observe': 0.2959, 'idle': 0.1706}"
1329,npc_1329,player_threatens,talk,0.1913,0.015899999999999997,73.23395912012991,0.0650306554073411,deceptive,True,"{'talk': 0.1913, 'warn': 0.0315, 'intimidate': 0.1449, 'flee': 0.0925, 'attack': 0.0094, 'help': 0.0818, 'report': 0.1754, 'trade': 0.0758, 'observe': 0.0573, 'idle': 0.0405}"
1330,npc_1330,npc_moved,talk,0.2938,0.1598,84.0416487959244,0.06331421818591965,deceptive,True,"{'talk': 0.2938, 'warn': 0.134, 'intimidate': -0.0449, 'flee': 0.1082, 'attack': -0.2157, 'help': 0.0326, 'report': 0.0993, 'trade': -0.0334, 'observe': 0.0426, 'idle': 0.0906}"
1331,npc_1331,betrayal,trade,0.344,0.005599999999999994,18.98093078947518,0.4497802513908674,free,False,"{'talk': 0.2596, 'warn': 0.2612, 'intimidate': -0.3196, 'flee': 0.179, 'attack': -0.3396, 'help': 0.3384, 'report': 0.2211, 'trade': 0.344, 'observe': 0.0979, 'idle': 0.1099}"
1332,npc_1332,player_moved,idle,0.3854,0.15370000000000003,11.967935251508244,0.5976358770654514,deceptive,True,"{'talk': 0.1122, 'warn': 0.1763, 'intimidate': -1.0, 'flee': 0.1358, 'attack': -1.0, 'help': 0.029, 'report': 0.1132, 'trade': 0.0737, 'observe': 0.2317, 'idle': 0.3854}"
1333,npc_1333,smell_emitted,talk,0.2837,0.0985,9.328344477168738,0.8402022112147691,loyal,True,"{'talk': 0.2837, 'warn': -0.0287, 'intimidate': -0.0781, 'flee': 0.0485, 'help': 0.1852, 'report': -0.0492, 'trade': 0.0221, 'observe': 0.0909, 'idle': 0.0498}"
1334,npc_1334,PLAYER_SPOKE,talk,0.3721,0.2741,65.03834931713635,0.7790967626978347,free,True,"{'talk': 0.3721, 'warn': 0.0922, 'intimidate': -0.0112, 'flee': 0.006, 'attack': -0.0049, 'help': 0.098, 'report': 0.085, 'trade': -0.0526, 'observe': -0.011, 'idle': 0.0323}"
1335,npc_1335,combat,idle,0.4584,0.010099999999999998,62.72972707142313,0.14576725684483005,deceptive,True,"{'talk': 0.1043, 'warn': 0.1574, 'intimidate': -1.0, 'flee': 0.0767, 'attack': -1.0, 'help': 0.0675, 'report': 0.0532, 'trade': 0.0773, 'observe': 0.4483, 'idle': 0.4584}"
1336,npc_1336,intimidation,trade,0.2033,0.008900000000000019,33.11826711661473,0.8028417501041244,coerced,True,"{'talk': 0.1104, 'warn': 0.0998, 'intimidate': -0.0359, 'flee': 0.0867, 'attack': -0.0216, 'help': 0.1944, 'report': -0.0209, 'trade': 0.2033, 'observe': 0.0556, 'idle': -0.0138}"
1337,npc_1337,npc_spoke,warn,0.4693,0.0040999999999999925,45.115518536135056,0.6069871780726237,loyal,False,"{'talk': 0.4272, 'warn': 0.4693, 'intimidate': -0.1331, 'flee': 0.3149, 'help': 0.4519, 'report': 0.4652, 'trade': 0.0692, 'observe': 0.3366, 'idle': 0.3527}"
1338,npc_1338,idle,idle,0.7599,0.5451,84.09976315082545,0.5148233291422128,loyal,True,"{'talk': 0.0193, 'warn': 0.0914, 'intimidate': -1.0, 'flee': 0.2148, 'help': 0.1546, 'report': 0.061, 'trade': 0.1201, 'observe': 0.1361, 'idle': 0.7599}"
1339,npc_1339,object_moved,observe,0.3462,0.04049999999999998,84.33458923666043,0.09768691509488503,coerced,True,"{'talk': 0.1735, 'warn': 0.1227, 'intimidate': -1.0, 'flee': 0.2712, 'attack': -1.0, 'help': 0.3057, 'report': 0.1371, 'trade': 0.2377, 'observe': 0.3462, 'idle': 0.302}"
1340,npc_1340,light_changed,observe,0.2944,0.3556,75.9927985973887,0.5210553972934441,broken,True,"{'talk': 0.051, 'flee': 0.1187, 'observe': 0.2944, 'idle': 0.1136, 'opp_attention_component': 0.0, 'opp_distance_component': 0.0, 'opp_weapon_component': 0.0, 'opp_allies_component': 0.0, 'opp_raw_score': 0.0, 'opp_threshold': 0.65}"
1341,npc_1341,unknown,warn,0.1834,0.12610000000000002,23.936848780903187,0.7354165569606377,free,True,"{'talk': -0.0617, 'warn': 0.1834, 'intimidate': -0.1788, 'flee': -0.0197, 'attack': -0.1024, 'help': -0.0515, 'report': 0.0556, 'trade': -0.0056, 'observe': 0.0573, 'idle': -0.0477}"
1342,npc_1342,help,talk,0.476,0.08199999999999996,14.924972201139608,0.663532807970502,coerced,True,"{'talk': 0.476, 'warn': 0.0331, 'intimidate': -1.0, 'flee': 0.2211, 'attack': -1.0, 'help': 0.2257, 'report': 0.1431, 'trade': 0.072, 'observe': 0.394, 'idle': 0.357}"
1343,npc_1343,npc_interacts_npc,idle,0.2917,0.03450000000000003,34.28480507961952,0.9421217280015582,deceptive,True,"{'talk': -0.0477, 'warn': 0.2572, 'intimidate': -1.0, 'flee': 0.1603, 'attack': -1.0, 'help': 0.0206, 'report': 0.1157, 'trade': 0.0955, 'observe': 0.1288, 'idle': 0.2917}"
1344,npc_1344,unknown,idle,0.2927,0.3573,63.61783683349647,0.8972231100843319,broken,True,"{'talk': 0.1524, 'flee': 0.0911, 'observe': 0.2104, 'idle': 0.2927, 'opp_attention_component': 0.0, 'opp_distance_component': 0.0, 'opp_weapon_component': 0.0, 'opp_allies_component': 0.0, 'opp_raw_score': 0.0, 'opp_threshold': 0.65}"
1345,npc_1345,npc_proximity_leave,idle,0.2475,0.1269,42.85423565191239,0.7481918979578742,loyal,True,"{'talk': 0.1166, 'warn': 0.0436, 'intimidate': -0.2128, 'flee': -0.0059, 'help': 0.109, 'report': 0.0194, 'trade': 0.0329, 'observe': 0.1206, 'idle': 0.2475}"
1346,npc_1346,player_asks_why,explain,1.0,1.0,42.67679247080001,0.8089439500109878,coerced,True,{'explain': 1.0}
1347,npc_1347,smell_emitted,talk,0.283,0.021699999999999997,52.43255218920435,0.2149665005900684,loyal,True,"{'talk': 0.283, 'warn': 0.0085, 'intimidate': 0.0322, 'flee': 0.1329, 'help': 0.1285, 'report': 0.2613, 'trade': 0.0656, 'observe': 0.2463, 'idle': 0.2009}"
1348,npc_1348,intimidation,talk,0.5483,0.30300000000000005,90.99893368781514,0.8543322483721665,deceptive,True,"{'talk': 0.5483, 'warn': 0.0538, 'intimidate': 0.0282, 'flee': 0.14, 'attack': -0.0247, 'help': 0.2101, 'report': 0.2453, 'trade': 0.2291, 'observe': 0.2167, 'idle': 0.2443}"
1349,npc_1349,sound_emitted,talk,0.4431,0.2123,4.09029097486604,0.2673234859957917,deceptive,True,"{'talk': 0.4431, 'warn': 0.1283, 'intimidate': -0.0846, 'flee': 0.1514, 'attack': 0.0441, 'help': 0.0888, 'report': 0.1333, 'trade': 0.2308, 'observe': 0.2248, 'idle': 0.1769}"
1350,npc_1350,player_talks,observe,0.6331,0.10299999999999998,82.10116548945633,0.626537374596944,loyal,True,"{'talk': 0.0529, 'warn': 0.218, 'intimidate': -1.0, 'flee': 0.1293, 'help': 0.1069, 'report': 0.208, 'trade': 0.084, 'observe': 0.6331, 'idle': 0.5301}"
1351,npc_1351,player_talks,idle,0.3316,0.007900000000000018,34.01841064896573,0.9141858380937193,deceptive,True,"{'talk': 0.117, 'warn': 0.0877, 'intimidate': -0.2996, 'flee': 0.1301, 'attack': -0.2166, 'help': 0.0586, 'report': 0.0212, 'trade': 0.1315, 'observe': 0.3237, 'idle': 0.3316}"
1352,npc_1352,player_cast_spell,idle,0.4047,0.2377,66.63037447726474,0.9381584085528173,free,True,"{'talk': 0.0884, 'warn': -0.0216, 'intimidate': -1.0, 'flee': 0.1257, 'attack': -1.0, 'help': 0.0437, 'report': 0.0576, 'trade': 0.0443, 'observe': 0.167, 'idle': 0.4047}"
1353,npc_1353,npc_interacts_npc,idle,0.0,0.5518000000000001,61.99125091843133,0.7599539551476924,broken,True,"{'talk': -0.0143, 'flee': -0.0206, 'observe': 0.0982, 'idle': 0.097, 'opp_attention_component': 0.0, 'opp_distance_component': 0.0, 'opp_weapon_component': 0.0, 'opp_allies_component': 0.0, 'opp_raw_score': 0.0, 'opp_threshold': 0.65}"
1354,npc_1354,proximity_leave,warn,0.4929,0.02460000000000001,63.86470409880904,0.43190937889399716,deceptive,False,"{'talk': 0.1388, 'warn': 0.4929, 'intimidate': -0.09, 'flee': 0.0036, 'attack': -0.1521, 'help': 0.1818, 'report': 0.4683, 'trade': -0.0139, 'observe': 0.0045, 'idle': 0.131}"
1355,npc_1355,sound_emitted,idle,0.342,0.07500000000000001,29.845816541559202,0.5937423591599826,free,False,"{'talk': 0.1361, 'warn': 0.2428, 'intimidate': -1.0, 'flee': 0.267, 'attack': -1.0, 'help': 0.1186, 'report': 0.1524, 'trade': 0.217, 'observe': 0.2164, 'idle': 0.342}"
1356,npc_1356,npc_spoke,report,0.1982,0.00019999999999997797,35.23976127995869,0.33676646948822486,coerced,True,"{'talk': 0.092, 'warn': 0.198, 'intimidate': -0.1906, 'flee': 0.0465, 'attack': -0.1836, 'help': -0.0434, 'report': 0.1982, 'trade': 0.0011, 'observe': 0.1505, 'idle': 0.1706}"
1357,npc_1357,player_used_item,observe,0.3895,0.1434,36.67185527588291,0.8339898495021982,loyal,True,"{'talk': 0.0711, 'warn': 0.0195, 'intimidate': -1.0, 'flee': 0.1206, 'help': 0.1209, 'report': 0.1547, 'trade': 0.0575, 'observe': 0.3895, 'idle': 0.2461}"
1358,npc_1358,player_moved,flee,0.2592,0.39080000000000004,41.054462021324234,0.6552010758750042,broken,True,"{'talk': 0.0652, 'flee': 0.2592, 'observe': 0.0953, 'idle': 0.2258, 'opp_attention_component': 0.0, 'opp_distance_component': 0.0, 'opp_weapon_component': 0.0, 'opp_allies_component': 0.0, 'opp_raw_score': 0.0, 'opp_threshold': 0.65}"
1359,npc_1359,dialogue,observe,0.4402,0.0413,48.91397857693155,0.24555689822281468,loyal,True,"{'talk': -0.0637, 'warn': -0.0151, 'intimidate': -1.0, 'flee': 0.2025, 'help': -0.0345, 'report': 0.009, 'trade': 0.1138, 'observe': 0.4402, 'idle': 0.3989}"
1360,npc_1360,betrayal,report,0.6699,0.018100000000000005,82.46456339083907,0.34793460827897993,free,False,"{'talk': 0.1422, 'warn': 0.6518, 'intimidate': -1.0, 'flee': 0.3266, 'attack': -1.0, 'help': 0.2001, 'report': 0.6699, 'trade': 0.0801, 'observe': 0.4211, 'idle': 0.4809}"
1361,npc_1361,combat,idle,0.2937,0.09160000000000001,9.786679147085886,0.7492611169675478,coerced,True,"{'talk': 0.1012, 'warn': 0.1048, 'intimidate': -1.0, 'flee': 0.2021, 'attack': -1.0, 'help': 0.1632, 'report': -0.0022, 'trade': 0.0962, 'observe': 0.0965, 'idle': 0.2937}"
1362,npc_1362,unknown,idle,0.0,0.5602,13.283941547556566,0.08537474995135252,broken,False,"{'talk': 0.0898, 'flee': 0.046, 'observe': -0.0704, 'idle': -0.0554, 'opp_attention_component': 0.0, 'opp_distance_component': 0.0, 'opp_weapon_component': 0.0, 'opp_allies_component': 0.0, 'opp_raw_score': 0.0, 'opp_threshold': 0.65}"
1363,npc_1363,light_changed,idle,0.4772,0.2933,85.10658344058103,0.7122674790910699,deceptive,True,"{'talk': 0.0672, 'warn': 0.0805, 'intimidate': -1.0, 'flee': 0.0283, 'attack': -1.0, 'help': -0.0585, 'report': 0.1839, 'trade': 0.0329, 'observe': 0.1289, 'idle': 0.4772}"
1364,npc_1364,sound_emitted,talk,0.6951,0.32910000000000006,77.41794036991173,0.8137591716152999,free,True,"{'talk': 0.6951, 'warn': 0.0259, 'intimidate': -0.0711, 'flee': 0.0859, 'attack': 0.0478, 'help': 0.0922, 'report': 0.0097, 'trade': -0.0135, 'observe': 0.3248, 'idle': 0.366}"
1365,npc_1365,player_insults,report,0.4232,0.19050000000000003,39.03402196553664,0.8102478692401631,coerced,True,"{'talk': 0.083, 'warn': 0.2327, 'intimidate': 0.0521, 'flee': -0.0076, 'attack': 0.1977, 'help': 0.085, 'report': 0.4232, 'trade': 0.0515, 'observe': 0.0836, 'idle': 0.0692}"
1366,npc_1366,player_moved,idle,0.3939,0.25610000000000005,39.43144379313714,0.963761026144817,broken,True,"{'talk': 0.0509, 'flee': 0.0047, 'observe': 0.0393, 'idle': 0.3939, 'opp_attention_component': 0.0, 'opp_distance_component': 0.0, 'opp_weapon_component': 0.0, 'opp_allies_component': 0.0, 'opp_raw_score': 0.0, 'opp_threshold': 0.65}"
1367,npc_1367,world_tick,seek_ally,0.755,0.021100000000000008,18.7580239111255,0.144384481444498,loyal,False,"{'talk': 0.012, 'warn': 0.0644, 'intimidate': -0.5629, 'flee': -0.0051, 'help': -0.0376, 'report': 0.0933, 'trade': 0.0061, 'observe': 0.0767, 'block_path': 0.3796, 'ambush': 0.4023, 'seek_ally': 0.755, 'offer_job': 0.2773, 'request_service': 0.2529, 'spread_rumor': 0.7339, 'call_for_help': 0.678, 'change_role': 0.2086, 'idle': 0.0578}"
1368,npc_1368,object_moved,warn,0.2873,0.018400000000000027,13.457909349957475,0.6618758478926684,coerced,True,"{'talk': 0.0576, 'warn': 0.2873, 'intimidate': -0.1786, 'flee': 0.0511, 'attack': -0.2606, 'help': -0.0166, 'report': 0.2689, 'trade': 0.1336, 'observe': 0.1892, 'idle': 0.0863}"
1369,npc_1369,player_asks_why,explain,1.0,1.0,46.871282836748385,0.0105671062423629,deceptive,True,{'explain': 1.0}
1370,npc_1370,theft,warn,0.6446,0.19739999999999996,49.898765345872754,0.8455554657887334,free,True,"{'talk': 0.0605, 'warn': 0.6446, 'intimidate': -0.1274, 'flee': 0.0259, 'attack': -0.2795, 'help': 0.0738, 'report': 0.4472, 'trade': 0.169, 'observe': 0.0752, 'idle': -0.0289}"
1371,npc_1371,time_passed,report,0.3231,0.059699999999999975,10.918825558440625,0.3229012766325774,coerced,False,"{'talk': 0.1328, 'warn': 0.1576, 'intimidate': -1.0, 'flee': 0.2634, 'attack': -1.0, 'help': 0.1215, 'report': 0.3231, 'trade': 0.2372, 'observe': 0.1963, 'idle': 0.2446}"
1372,npc_1372,weather_changed,observe,0.5163,0.13370000000000004,70.51675540307765,0.12338282579415571,broken,False,"{'talk': 0.1913, 'flee': 0.386, 'observe': 0.5163, 'idle': 0.4278, 'opp_attention_component': 0.0, 'opp_distance_component': 0.0, 'opp_weapon_component': 0.0, 'opp_allies_component': 0.0, 'opp_raw_score': 0.0, 'opp_threshold': 0.65}"
1373,npc_1373,object_moved,talk,0.4163,0.019000000000000017,72.86254848431585,0.17187229843086826,coerced,True,"{'talk': 0.4163, 'warn': 0.2797, 'intimidate': 0.0025, 'flee': 0.271, 'attack': 0.0233, 'help': 0.3722, 'report': 0.3973, 'trade': 0.1819, 'observe': 0.2792, 'idle': 0.3595}"
1374,npc_1374,idle,talk,0.4928,0.1195,19.89867744796172,0.7560053356251535,coerced,False,"{'talk': 0.4928, 'warn': 0.2858, 'intimidate': -0.4081, 'flee': 0.0689, 'attack': -0.2368, 'help': 0.3733, 'report': 0.2715, 'trade': 0.1164, 'observe': 0.0894, 'idle': 0.147}"
1375,npc_1375,player_threatens,talk,0.4329,0.17610000000000003,2.599830088080324,0.04708490451683223,free,True,"{'talk': 0.4329, 'warn': -0.078, 'intimidate': 0.0352, 'flee': -0.0577, 'attack': -0.0728, 'help': 0.0552, 'report': 0.1182, 'trade': 0.0161, 'observe': 0.2568, 'idle': 0.1374}"
1376,npc_1376,object_moved,report,0.3149,0.01930000000000004,45.37957914171089,0.8570202997768852,coerced,False,"{'talk': 0.0846, 'warn': 0.2956, 'intimidate': -0.4411, 'flee': 0.2138, 'attack': -0.3233, 'help': 0.0345, 'report': 0.3149, 'trade': 0.0254, 'observe': 0.26, 'idle': 0.1525}"
1377,npc_1377,object_moved,idle,0.378,0.1895,80.91513680805194,0.5905966484603298,deceptive,True,"{'talk': 0.1232, 'warn': 0.1885, 'intimidate': -1.0, 'flee': 0.0152, 'attack': -1.0, 'help': 0.1207, 'report': 0.1549, 'trade': 0.1019, 'observe': 0.019, 'idle': 0.378}"
1378,npc_1378,player_interacts,observe,0.1507,0.0697,84.27915924370754,0.45504651722552114,coerced,False,"{'talk': -0.0092, 'warn': -0.1363, 'intimidate': -0.6149, 'flee': -0.1557, 'attack': -0.5666, 'help': 0.081, 'report': -0.1754, 'trade': 0.0341, 'observe': 0.1507, 'idle': 0.036}"
1379,npc_1379,light_changed,idle,0.0,0.0426,30.219467388723153,0.043189187248413696,deceptive,True,"{'talk': 0.1431, 'warn': 0.0441, 'intimidate': -0.0404, 'flee': -0.0062, 'attack': -0.1304, 'help': -0.0603, 'report': 0.0556, 'trade': -0.0414, 'observe': 0.0256, 'idle': 0.1005}"
1380,npc_1380,movement,idle,0.3051,0.011099999999999999,81.76284475603804,0.47731901268330623,free,False,"{'talk': 0.2066, 'warn': 0.294, 'intimidate': -0.3602, 'flee': 0.1997, 'attack': -0.3874, 'help': 0.1982, 'report': 0.1856, 'trade': 0.2125, 'observe': 0.2533, 'idle': 0.3051}"
1381,npc_1381,idle,talk,0.4997,0.3313,16.641939720065256,0.506909924282531,free,True,"{'talk': 0.4997, 'warn': 0.1211, 'intimidate': -0.1299, 'flee': -0.0144, 'attack': -0.0152, 'help': 0.1241, 'report': 0.068, 'trade': 0.1322, 'observe': 0.1684, 'idle': 0.1608}"
1382,npc_1382,player_used_item,idle,0.0,0.04560000000000001,6.767933233442802,0.7817877646376296,loyal,True,"{'talk': 0.0971, 'warn': -0.0406, 'intimidate': -0.1152, 'flee': 0.0417, 'help': -0.0267, 'report': 0.0219, 'trade': 0.0514, 'observe': -0.028, 'idle': 0.0515}"
1383,npc_1383,player_cast_spell,idle,0.1907,0.1165,87.93417419897705,0.06975908331632574,free,True,"{'talk': 0.0346, 'warn': 0.0427, 'intimidate': -0.0687, 'flee': -0.0589, 'attack': -0.0681, 'help': 0.0218, 'report': 0.0241, 'trade': -0.0428, 'observe': 0.0742, 'idle': 0.1907}"
1384,npc_1384,time_passed,observe,0.5414,0.11780000000000002,94.16407479071304,0.21567512763129615,coerced,True,"{'flee': 0.3309, 'observe': 0.5414, 'idle': 0.4236}"
1385,npc_1385,player_talks,talk,0.2545,0.3955,19.072918847965838,0.32311869992709163,broken,False,"{'talk': 0.2545, 'flee': 0.0154, 'observe': 0.0806, 'idle': 0.0735, 'opp_attention_component': 0.0, 'opp_distance_component': 0.0, 'opp_weapon_component': 0.0, 'opp_allies_component': 0.0, 'opp_raw_score': 0.0, 'opp_threshold': 0.65}"
1386,npc_1386,npc_proximity_leave,warn,0.5154,0.023099999999999954,24.540893067891755,0.7534434479822866,free,True,"{'talk': 0.2272, 'warn': 0.5154, 'intimidate': -0.0883, 'flee': 0.1744, 'attack': -0.1337, 'help': 0.0776, 'report': 0.4923, 'trade': -0.0605, 'observe': 0.2059, 'idle': 0.2953}"
1387,npc_1387,object_changed,observe,0.4451,0.05499999999999999,55.71308200034486,0.5300339731390895,loyal,True,"{'talk': 0.2564, 'warn': -0.0015, 'intimidate': -1.0, 'flee': 0.389, 'help': 0.1887, 'report': 0.0632, 'trade': 0.0918, 'observe': 0.4451, 'idle': 0.3901}"
1388,npc_1388,player_cast_spell,idle,0.2953,0.2037,56.01826563573162,0.9514205201854297,coerced,True,"{'talk': 0.0916, 'warn': -0.0138, 'intimidate': -0.1692, 'flee': -0.0197, 'attack': -0.1162, 'help': 0.0686, 'report': 0.0127, 'trade': 0.0374, 'observe': -0.0354, 'idle': 0.2953}"
1389,npc_1389,object_changed,warn,0.4378,0.040500000000000036,57.62772546517413,0.5774374558948117,free,True,"{'talk': 0.2065, 'warn': 0.4378, 'intimidate': -0.14, 'flee': 0.181, 'attack': -0.0602, 'help': 0.1657, 'report': 0.3973, 'trade': 0.1546, 'observe': 0.2369, 'idle': 0.2154}"
1390,npc_1390,PLAYER_SPOKE,warn,0.3281,0.020699999999999996,7.928800694691374,0.15921089597510185,free,False,"{'talk': 0.2775, 'warn': 0.3281, 'intimidate': -0.307, 'flee': 0.216, 'attack': -0.3582, 'help': 0.1675, 'report': 0.3074, 'trade': 0.29, 'observe': 0.116, 'idle': 0.0415}"
1391,npc_1391,player_insults,idle,0.1505,0.49950000000000006,41.50524223715665,0.7397214473627988,broken,True,"{'talk': 0.0876, 'flee': 0.1109, 'observe': 0.1348, 'idle': 0.1505, 'opp_attention_component': 0.0, 'opp_distance_component': 0.0, 'opp_weapon_component': 0.0, 'opp_allies_component': 0.0, 'opp_raw_score': 0.0, 'opp_threshold': 0.65}"
1392,npc_1392,player_used_item,idle,0.5393,0.0020000000000000018,20.1663188736117,0.9523471928642039,coerced,True,"{'talk': 0.3271, 'warn': 0.0573, 'intimidate': -1.0, 'flee': 0.3019, 'attack': -1.0, 'help': 0.1615, 'report': 0.1612, 'trade': 0.192, 'observe': 0.5373, 'idle': 0.5393}"
1393,npc_1393,object_destroyed,idle,0.3813,0.01629999999999998,74.15266160939616,0.09972301588178267,free,False,"{'talk': 0.178, 'warn': 0.1066, 'intimidate': -1.0, 'flee': 0.365, 'attack': -1.0, 'help': 0.2078, 'report': -0.0135, 'trade': 0.3237, 'observe': 0.2342, 'idle': 0.3813}"
1394,npc_1394,player_attacks,talk,0.4969,0.1301,11.915806567956333,0.7208705049219103,coerced,True,"{'talk': 0.4969, 'warn': -0.0482, 'intimidate': -0.06, 'flee': -0.0244, 'attack': -0.0892, 'help': -0.0006, 'report': 0.1084, 'trade': 0.1208, 'observe': 0.3462, 'idle': 0.3668}"
1395,npc_1395,npc_proximity_leave,observe,0.1548,0.010699999999999987,96.46665151261432,0.32271393247361546,deceptive,True,"{'talk': 0.1441, 'warn': 0.0206, 'intimidate': -0.0006, 'flee': 0.0594, 'attack': 0.0446, 'help': 0.0674, 'report': 0.1192, 'trade': 0.0436, 'observe': 0.1548, 'idle': 0.0214}"
1396,npc_1396,saved_life,warn,0.2983,0.006599999999999995,29.902672440773546,0.5828238905373618,coerced,True,"{'talk': -0.0292, 'warn': 0.2983, 'intimidate': -0.1026, 'flee': 0.0679, 'attack': 0.0503, 'help': 0.0865, 'report': 0.2917, 'trade': 0.0419, 'observe': 0.0201, 'idle': -0.0444}"
1397,npc_1397,dialogue,observe,0.3642,0.2858,48.00164563346734,0.19126935031530545,broken,True,"{'talk': 0.0157, 'flee': 0.1545, 'observe': 0.3642, 'idle': 0.2912, 'opp_attention_component': 0.0, 'opp_distance_component': 0.0, 'opp_weapon_component': 0.0, 'opp_allies_component': 0.0, 'opp_raw_score': 0.0, 'opp_threshold': 0.65}"
1398,npc_1398,object_destroyed,observe,0.2164,0.08980000000000002,64.75894454345897,0.5713543597375992,coerced,True,"{'talk': 0.044, 'warn': 0.055, 'intimidate': -0.1059, 'flee': -0.01, 'attack': -0.0151, 'help': 0.0333, 'report': 0.0518, 'trade': 0.1266, 'observe': 0.2164, 'idle': 0.1149}"
1399,npc_1399,proximity_close,report,0.2677,0.01479999999999998,41.89502052888402,0.41519966071430436,coerced,True,"{'talk': -0.0289, 'warn': 0.2529, 'intimidate': -0.0786, 'flee': 0.0376, 'attack': -0.0349, 'help': 0.0186, 'report': 0.2677, 'trade': 0.0183, 'observe': 0.1339, 'idle': 0.0877}"
1400,npc_1400,theft,flee,0.2697,0.031399999999999983,92.29525687559261,0.10025579988039957,deceptive,True,"{'flee': 0.2697, 'observe': 0.2383, 'idle': 0.1866}"
1401,npc_1401,intimidation,observe,0.2099,0.44010000000000005,63.41344123018929,0.6103764310269445,broken,True,"{'talk': 0.1204, 'flee': 0.1598, 'observe': 0.2099, 'idle': 0.1334, 'opp_attention_component': 0.0, 'opp_distance_component': 0.0, 'opp_weapon_component': 0.0, 'opp_allies_component': 0.0, 'opp_raw_score': 0.0, 'opp_threshold': 0.65}"
1402,npc_1402,npc_moved,observe,0.4551,0.03820000000000001,79.72503672110979,0.8630445867413914,coerced,True,"{'talk': 0.2998, 'warn': 0.0127, 'intimidate': -1.0, 'flee': 0.2666, 'attack': -1.0, 'help': 0.1765, 'report': 0.0872, 'trade': 0.0641, 'observe': 0.4551, 'idle': 0.4169}"
1403,npc_1403,npc_proximity_close,observe,0.4602,0.18980000000000002,70.31710071220229,0.8424268696701721,broken,True,"{'talk': 0.2848, 'flee': 0.2435, 'observe': 0.4602, 'idle': 0.3486, 'opp_attention_component': 0.0, 'opp_distance_component': 0.0, 'opp_weapon_component': 0.0, 'opp_allies_component': 0.0, 'opp_raw_score': 0.0, 'opp_threshold': 0.65}"
1404,npc_1404,npc_interacts_npc,idle,0.1752,0.4748,49.270931332328175,0.061165159454251494,broken,True,"{'talk': 0.0753, 'flee': -0.0235, 'observe': 0.1001, 'idle': 0.1752, 'opp_attention_component': 0.0, 'opp_distance_component': 0.0, 'opp_weapon_component': 0.0, 'opp_allies_component': 0.0, 'opp_raw_score': 0.0, 'opp_threshold': 0.65}"
1405,npc_1405,unknown,idle,0.0,0.5561,79.11845146964656,0.46880986957204274,broken,True,"{'talk': 0.0939, 'flee': 0.067, 'observe': -0.0035, 'idle': -0.0137, 'opp_attention_component': 0.0, 'opp_distance_component': 0.0, 'opp_weapon_component': 0.0, 'opp_allies_component': 0.0, 'opp_raw_score': 0.0, 'opp_threshold': 0.65}"
1406,npc_1406,PLAYER_SPOKE,observe,0.2183,0.0819,31.02261580636416,0.75815298017601,free,True,"{'talk': 0.0753, 'warn': 0.0194, 'intimidate': -0.3005, 'flee': 0.0885, 'attack': -0.2504, 'help': 0.1364, 'report': 0.0587, 'trade': 0.0847, 'observe': 0.2183, 'idle': 0.1134}"
1407,npc_1407,dialogue,observe,0.3107,0.08129999999999998,48.74736942999197,0.32426618437708477,free,True,"{'talk': -0.0163, 'warn': 0.0924, 'intimidate': -1.0, 'flee': 0.1137, 'attack': -1.0, 'help': -0.0524, 'report': 0.0682, 'trade': 0.1329, 'observe': 0.3107, 'idle': 0.2294}"
1408,npc_1408,time_passed,idle,0.4043,0.28059999999999996,37.13357434646205,0.32074190104432565,free,True,"{'talk': 0.0223, 'warn': -0.0299, 'intimidate': -1.0, 'flee': 0.0622, 'attack': -1.0, 'help': 0.0394, 'report': 0.1237, 'trade': 0.0945, 'observe': 0.0147, 'idle': 0.4043}"
1409,npc_1409,PLAYER_SPOKE,observe,0.2835,0.36650000000000005,61.64703943800226,0.6920065246314733,broken,True,"{'talk': 0.0125, 'flee': 0.1722, 'observe': 0.2835, 'idle': 0.2107, 'opp_attention_component': 0.0, 'opp_distance_component': 0.0, 'opp_weapon_component': 0.0, 'opp_allies_component': 0.0, 'opp_raw_score': 0.0, 'opp_threshold': 0.65}"
1410,npc_1410,npc_interacts_npc,idle,0.0,0.0206,12.032460976377523,0.07443348073475808,loyal,True,"{'talk': -0.0009, 'warn': -0.0433, 'intimidate': -0.092, 'flee': 0.028, 'help': 0.033, 'report': 0.0247, 'trade': -0.0242, 'observe': 0.0536, 'idle': -0.0444}"
1411,npc_1411,player_helpers,idle,0.943,0.7589999999999999,56.23770181799714,0.6676446248004663,deceptive,True,"{'talk': -0.0631, 'warn': -0.0564, 'intimidate': -1.0, 'flee': 0.135, 'attack': -1.0, 'help': 0.0466, 'report': 0.0109, 'trade': -0.0428, 'observe': 0.184, 'idle': 0.943}"
1412,npc_1412,idle,idle,0.639,0.4974,76.52904969029896,0.0500551591268148,coerced,True,"{'talk': -0.0405, 'warn': 0.1416, 'intimidate': 0.0038, 'flee': 0.1113, 'attack': -0.0585, 'help': 0.0024, 'report': -0.0082, 'trade': -0.0213, 'observe': -0.0058, 'idle': 0.639}"
1413,npc_1413,player_cast_spell,help,0.2629,0.057900000000000035,47.31321685591454,0.52744222296253,deceptive,False,"{'talk': 0.205, 'warn': 0.087, 'intimidate': -0.553, 'flee': 0.1963, 'attack': -0.6136, 'help': 0.2629, 'report': 0.0605, 'trade': 0.1046, 'observe': 0.0047, 'idle': 0.1903}"
1414,npc_1414,player_attack,help,0.3028,0.006300000000000028,47.91674088630556,0.8241219967736124,loyal,False,"{'talk': 0.2675, 'warn': 0.2543, 'intimidate': -0.2397, 'flee': 0.2965, 'help': 0.3028, 'report': 0.147, 'trade': 0.1142, 'observe': 0.1813, 'idle': 0.1897}"
1415,npc_1415,player_asks_why,explain,1.0,1.0,95.94273308922891,0.6036604452389821,loyal,True,{'explain': 1.0}
1416,npc_1416,weather_changed,trade,0.3924,0.005900000000000016,52.6855196916328,0.06837811222968482,deceptive,False,"{'talk': 0.0255, 'warn': 0.3188, 'intimidate': -1.0, 'flee': 0.2832, 'attack': -1.0, 'help': 0.0825, 'report': 0.2228, 'trade': 0.3924, 'observe': 0.3865, 'idle': 0.3218}"
1417,npc_1417,player_moved,trade,0.1548,0.011999999999999983,43.88955474608321,0.7197591664818854,loyal,True,"{'talk': 0.1198, 'warn': 0.0917, 'intimidate': -0.2786, 'flee': 0.1058, 'help': 0.0562, 'report': 0.118, 'trade': 0.1548, 'observe': 0.1159, 'idle': 0.1428}"
1418,npc_1418,object_destroyed,trade,0.5729,0.13229999999999997,59.19026716259474,0.37117665472009254,coerced,False,"{'talk': -0.0675, 'warn': 0.1142, 'intimidate': -1.0, 'flee': 0.403, 'attack': -1.0, 'help': -0.0178, 'report': 0.1511, 'trade': 0.5729, 'observe': 0.4406, 'idle': 0.4213}"
1419,npc_1419,npc_moved,idle,0.0,0.05900000000000001,50.72808265203823,0.5635852484863189,coerced,True,"{'talk': -0.017, 'warn': 0.0264, 'intimidate': -0.3306, 'flee': -0.0214, 'attack': -0.2009, 'help': 0.1448, 'report': 0.0791, 'trade': 0.0858, 'observe': -0.0132, 'idle': 0.0346}"
1420,npc_1420,npc_interacts_npc,talk,0.3635,0.28650000000000003,5.943897387010633,0.22340163076573116,broken,True,"{'talk': 0.3635, 'flee': -0.094, 'observe': 0.0095, 'idle': 0.0106, 'opp_attention_component': 0.0, 'opp_distance_component': 0.0, 'opp_weapon_component': 0.0, 'opp_allies_component': 0.0, 'opp_raw_score': 0.0, 'opp_threshold': 0.65}"
1421,npc_1421,time_passed,talk,0.1976,0.026999999999999996,61.91972382108178,0.521868956131007,coerced,True,"{'talk': 0.1976, 'warn': 0.1021, 'intimidate': -0.038, 'flee': -0.0484, 'attack': -0.047, 'help': 0.1416, 'report': 0.1706, 'trade': -0.0654, 'observe': 0.0888, 'idle': 0.1119}"
1422,npc_1422,intimidation,talk,0.2816,0.3684,45.16079116844796,0.1844522011237273,broken,False,"{'talk': 0.2816, 'flee': 0.0621, 'observe': 0.0189, 'idle': -0.0087, 'opp_attention_component': 0.0, 'opp_distance_component': 0.0, 'opp_weapon_component': 0.0, 'opp_allies_component': 0.0, 'opp_raw_score': 0.0, 'opp_threshold': 0.65}"
1423,npc_1423,proximity_leave,idle,0.0,0.5123,84.9800722149706,0.5272043984631095,broken,True,"{'talk': 0.1377, 'flee': -0.0055, 'observe': -0.021, 'idle': 0.0581, 'opp_attention_component': 0.0, 'opp_distance_component': 0.0, 'opp_weapon_component': 0.0, 'opp_allies_component': 0.0, 'opp_raw_score': 0.0, 'opp_threshold': 0.65}"
1424,npc_1424,npc_proximity_leave,trade,0.2618,0.11889999999999998,30.274611937203233,0.7992447314938979,loyal,True,"{'talk': 0.0966, 'warn': -0.0158, 'intimidate': -0.0653, 'flee': -0.0535, 'help': 0.0062, 'report': 0.1429, 'trade': 0.2618, 'observe': -0.0726, 'idle': 0.1174}"
1425,npc_1425,smell_emitted,idle,0.3511,0.1486,91.3399797178906,0.679039957975212,free,True,"{'talk': 0.0945, 'warn': 0.1307, 'intimidate': -0.0925, 'flee': 0.135, 'attack': -0.1131, 'help': 0.063, 'report': 0.2025, 'trade': -0.033, 'observe': 0.1964, 'idle': 0.3511}"
1426,npc_1426,smell_emitted,idle,0.0,0.02310000000000001,12.51945997300572,0.9564130802286975,coerced,True,"{'talk': 0.0727, 'warn': 0.0174, 'intimidate': -0.1766, 'flee': 0.074, 'attack': -0.0616, 'help': 0.0095, 'report': 0.0634, 'trade': 0.0558, 'observe': 0.0608, 'idle': 0.0971}"
1427,npc_1427,npc_proximity_leave,idle,0.2508,0.04360000000000003,10.364460282671695,0.5623629587403542,free,True,"{'talk': -0.0288, 'warn': 0.0271, 'intimidate': -1.0, 'flee': -0.0493, 'attack': -1.0, 'help': 0.0806, 'report': 0.1465, 'trade': 0.073, 'observe': 0.2072, 'idle': 0.2508}"
1428,npc_1428,npc_interacts_npc,report,0.3142,0.012999999999999956,0.1363564823006258,0.8066721558520487,deceptive,False,"{'talk': 0.0422, 'warn': 0.3012, 'intimidate': -0.4034, 'flee': -0.0007, 'attack': -0.3372, 'help': 0.0537, 'report': 0.3142, 'trade': -0.0331, 'observe': -0.0358, 'idle': 0.013}"
1429,npc_1429,proximity_close,idle,0.3718,0.2782,32.81222556635167,0.7905594785113085,broken,False,"{'talk': 0.2759, 'flee': 0.2831, 'observe': 0.2248, 'idle': 0.3718, 'opp_attention_component': 0.0, 'opp_distance_component': 0.0, 'opp_weapon_component': 0.0, 'opp_allies_component': 0.0, 'opp_raw_score': 0.0, 'opp_threshold': 0.65}"
1430,npc_1430,player_talks,idle,0.4115,0.031899999999999984,39.318441411699325,0.08896158029006507,deceptive,True,"{'talk': 0.0396, 'warn': 0.0395, 'intimidate': -1.0, 'flee': 0.3796, 'attack': -1.0, 'help': 0.0135, 'report': 0.0361, 'trade': 0.193, 'observe': 0.3153, 'idle': 0.4115}"
1431,npc_1431,saved_life,trade,0.1601,0.02009999999999998,24.1435886081972,0.026762224707385762,deceptive,True,"{'talk': 0.14, 'warn': 0.0691, 'intimidate': -0.2445, 'flee': 0.0957, 'attack': -0.3259, 'help': -0.0299, 'report': 0.063, 'trade': 0.1601, 'observe': -0.0696, 'idle': -0.0137}"
1432,npc_1432,movement,idle,0.1985,0.0416,30.03136208416072,0.6361496790042385,loyal,True,"{'talk': 0.0502, 'warn': 0.0921, 'intimidate': -1.0, 'flee': 0.1173, 'help': 0.0112, 'report': 0.0881, 'trade': 0.124, 'observe': 0.1569, 'idle': 0.1985}"
1433,npc_1433,betrayal,observe,0.6663,0.0031999999999999806,94.96841799896607,0.4804714941471713,broken,True,"{'talk': 0.1391, 'flee': 0.0439, 'observe': 0.6663, 'idle': 0.6631, 'opp_attention_component': 0.0, 'opp_distance_component': 0.0, 'opp_weapon_component': 0.0, 'opp_allies_component': 0.0, 'opp_raw_score': 0.0, 'opp_threshold': 0.65}"
1434,npc_1434,intimidation,observe,0.1667,0.48330000000000006,17.022120149369268,0.08613100606808932,broken,True,"{'talk': -0.0214, 'flee': -0.027, 'observe': 0.1667, 'idle': 0.0292, 'opp_attention_component': 0.0, 'opp_distance_component': 0.0, 'opp_weapon_component': 0.0, 'opp_allies_component': 0.0, 'opp_raw_score': 0.0, 'opp_threshold': 0.65}"
1435,npc_1435,npc_spoke,idle,0.3214,0.3286,98.56384032137541,0.818543517672389,broken,True,"{'talk': 0.2573, 'flee': -0.022, 'observe': 0.2442, 'idle': 0.3214, 'opp_attention_component': 0.0, 'opp_distance_component': 0.0, 'opp_weapon_component': 0.0, 'opp_allies_component': 0.0, 'opp_raw_score': 0.0, 'opp_threshold': 0.65}"
1436,npc_1436,player_attack,warn,0.2158,0.040699999999999986,47.762252872880154,0.994449611413702,loyal,True,"{'talk': 0.0811, 'warn': 0.2158, 'intimidate': -0.0706, 'flee': -0.0383, 'help': 0.0317, 'report': 0.0875, 'trade': 0.1416, 'observe': 0.1145, 'idle': 0.1751}"
1437,npc_1437,object_changed,idle,0.0,0.003599999999999992,83.55935858319262,0.8120701118411144,free,True,"{'talk': 0.1111, 'warn': -0.0564, 'intimidate': -0.2351, 'flee': 0.0469, 'attack': -0.0682, 'help': 0.1084, 'report': 0.1147, 'trade': -0.015, 'observe': 0.0286, 'idle': -0.0028}"
1438,npc_1438,npc_proximity_leave,talk,0.2147,0.04500000000000001,10.126814602085155,0.46250753557328084,free,True,"{'talk': 0.2147, 'warn': 0.0627, 'intimidate': -0.242, 'flee': 0.1472, 'attack': -0.2905, 'help': 0.0763, 'report': 0.1347, 'trade': 0.0849, 'observe': 0.0764, 'idle': 0.1697}"
1439,npc_1439,dialogue,idle,0.3756,0.27440000000000003,44.786041986626024,0.9771803068249829,broken,True,"{'talk': 0.159, 'flee': 0.3172, 'observe': 0.2361, 'idle': 0.3756, 'opp_attention_component': 0.0, 'opp_distance_component': 0.0, 'opp_weapon_component': 0.0, 'opp_allies_component': 0.0, 'opp_raw_score': 0.0, 'opp_threshold': 0.65}"
1440,npc_1440,player_helpers,report,0.3986,0.03510000000000002,5.476045108785533,0.38943014282667665,free,False,"{'talk': 0.2273, 'warn': 0.3635, 'intimidate': -0.3541, 'flee': -0.0503, 'attack': -0.4106, 'help': 0.1775, 'report': 0.3986, 'trade': 0.1487, 'observe': -0.0527, 'idle': -0.0413}"
1441,npc_1441,player_threatens,idle,0.4645,0.10000000000000003,96.79428619989459,0.08190067216243635,coerced,False,"{'flee': 0.3645, 'observe': 0.3499, 'idle': 0.4645}"
1442,npc_1442,npc_interacts_npc,idle,0.1905,0.4595,85.26973978048488,0.9321677477512604,broken,True,"{'talk': 0.1808, 'flee': 0.0021, 'observe': 0.0815, 'idle': 0.1905, 'opp_attention_component': 0.0, 'opp_distance_component': 0.0, 'opp_weapon_component': 0.0, 'opp_allies_component': 0.0, 'opp_raw_score': 0.0, 'opp_threshold': 0.65}"
1443,npc_1443,npc_moved,idle,0.4016,0.26780000000000004,77.21000834652406,0.13970913008593955,free,True,"{'talk': -0.0809, 'warn': 0.1338, 'intimidate': -1.0, 'flee': 0.0407, 'attack': -1.0, 'help': -0.0468, 'report': 0.006, 'trade': 0.0247, 'observe': 0.0314, 'idle': 0.4016}"
1444,npc_1444,player_threatens,intimidate,0.2362,0.005299999999999999,43.63619506921671,0.31686416203573975,loyal,False,"{'talk': 0.0474, 'warn': 0.2309, 'intimidate': 0.2362, 'flee': 0.1742, 'help': -0.0629, 'report': 0.175, 'trade': 0.0569, 'observe': 0.0961, 'idle': 0.0944}"
1445,npc_1445,npc_interacts_npc,idle,0.3512,0.032799999999999996,78.83939661063198,0.635064592995057,deceptive,False,"{'talk': 0.2498, 'warn': 0.2573, 'intimidate': -1.0, 'flee': 0.2342, 'attack': -1.0, 'help': 0.3184, 'report': 0.1634, 'trade': 0.3003, 'observe': 0.2615, 'idle': 0.3512}"
1446,npc_1446,player_attack,talk,0.2132,0.0936,25.813819692496043,0.9614340159916324,deceptive,True,"{'talk': 0.2132, 'warn': -0.0541, 'intimidate': -0.2652, 'flee': 0.0264, 'attack': -0.1963, 'help': 0.0798, 'report': -0.0411, 'trade': -0.0291, 'observe': 0.0664, 'idle': 0.1196}"
1447,npc_1447,player_used_item,idle,0.7202,0.4764999999999999,84.09111450161313,0.6748142440611575,free,True,"{'talk': 0.1267, 'warn': 0.2189, 'intimidate': -1.0, 'flee': 0.2437, 'attack': -1.0, 'help': 0.0637, 'report': 0.1935, 'trade': -0.0578, 'observe': 0.1133, 'idle': 0.7202}"
1448,npc_1448,npc_interacts_npc,idle,0.0,0.0063,95.37160786642175,0.17857755635920514,deceptive,True,"{'talk': 0.099, 'warn': -0.0158, 'intimidate': -0.1703, 'flee': 0.0992, 'attack': -0.1482, 'help': -0.0377, 'report': 0.0264, 'trade': -0.0179, 'observe': 0.1055, 'idle': 0.0565}"
1449,npc_1449,saved_life,observe,0.2489,0.0587,46.84071076628705,0.9169506117452343,loyal,True,"{'talk': 0.1015, 'warn': -0.0132, 'intimidate': -0.0899, 'flee': -0.0355, 'help': -0.0383, 'report': 0.074, 'trade': 0.0803, 'observe': 0.2489, 'idle': 0.1902}"
1450,npc_1450,npc_proximity_close,idle,0.4411,0.0595,67.54125000280993,0.45604960629231817,loyal,True,"{'talk': 0.2191, 'warn': 0.2193, 'intimidate': -1.0, 'flee': 0.3816, 'help': 0.2953, 'report': 0.2059, 'trade': 0.0928, 'observe': 0.3051, 'idle': 0.4411}"
1451,npc_1451,player_asks_why,explain,1.0,1.0,54.30404621583313,0.032073376648987795,coerced,True,{'explain': 1.0}
1452,npc_1452,sound_emitted,idle,0.0,0.014200000000000004,71.62691014018593,0.29060802269554553,coerced,False,"{'talk': 0.0753, 'warn': 0.0648, 'intimidate': -0.5411, 'flee': -0.0734, 'attack': -0.5549, 'help': 0.0482, 'report': 0.0427, 'trade': 0.0955, 'observe': 0.0551, 'idle': 0.0813}"
1453,npc_1453,proximity_leave,observe,0.3555,0.007799999999999974,69.81870713076141,0.3955599391925867,loyal,True,"{'talk': 0.0973, 'warn': 0.0246, 'intimidate': -1.0, 'flee': 0.172, 'help': -0.0488, 'report': 0.0647, 'trade': 0.1946, 'observe': 0.3555, 'idle': 0.3477}"
1454,npc_1454,world_tick,ambush,0.2708,0.04349999999999998,12.882131657953867,0.04765640208769517,free,True,"{'talk': -0.0293, 'warn': 0.1289, 'intimidate': -1.0, 'flee': 0.0835, 'attack': -1.0, 'help': -0.0703, 'report': 0.1128, 'trade': 0.043, 'observe': 0.0106, 'block_path': 0.1427, 'ambush': 0.2708, 'seek_ally': 0.0103, 'offer_job': 0.2273, 'request_service': 0.1512, 'spread_rumor': 0.0097, 'call_for_help': 0.0431, 'change_role': 0.1638, 'idle': 0.1647}"
1455,npc_1455,betrayal,idle,0.3843,0.0489,99.57646165556955,0.11472802594759268,loyal,True,"{'flee': 0.0465, 'observe': 0.3354, 'idle': 0.3843}"
1456,npc_1456,npc_proximity_close,flee,0.2009,0.44910000000000005,30.554874248243667,0.2542391521767997,broken,False,"{'talk': 0.0811, 'flee': 0.2009, 'observe': 0.1134, 'idle': 0.0974, 'opp_attention_component': 0.0, 'opp_distance_component': 0.0, 'opp_weapon_component': 0.0, 'opp_allies_component': 0.0, 'opp_raw_score': 0.0, 'opp_threshold': 0.65}"
1457,npc_1457,player_threatens,idle,0.1727,0.051199999999999996,9.498369313628551,0.945370841122226,coerced,False,"{'talk': 0.0243, 'warn': -0.0126, 'intimidate': 0.0373, 'flee': 0.0384, 'attack': 0.0262, 'help': 0.1215, 'report': 0.0642, 'trade': 0.0776, 'observe': 0.0177, 'idle': 0.1727}"
1458,npc_1458,unknown,observe,0.3519,0.030600000000000016,12.216904260140804,0.3724778604492338,coerced,True,"{'talk': 0.1721, 'warn': -0.0137, 'intimidate': -1.0, 'flee': 0.1459, 'attack': -1.0, 'help': 0.0557, 'report': 0.086, 'trade': -0.0804, 'observe': 0.3519, 'idle': 0.3213}"
1459,npc_1459,betrayal,idle,0.5419,0.10809999999999997,95.4646987463807,0.9950584873899213,broken,True,"{'talk': 0.0498, 'flee': 0.1104, 'observe': 0.5405, 'idle': 0.5419, 'opp_attention_component': 0.0, 'opp_distance_component': 0.0, 'opp_weapon_component': 0.0, 'opp_allies_component': 0.0, 'opp_raw_score': 0.0, 'opp_threshold': 0.65}"
1460,npc_1460,player_helpers,talk,0.3795,0.06530000000000002,53.8302899726989,0.9831740889336332,loyal,False,"{'talk': 0.3795, 'warn': 0.0363, 'intimidate': -1.0, 'flee': 0.3142, 'help': 0.239, 'report': 0.0315, 'trade': 0.1724, 'observe': 0.2025, 'idle': 0.2287}"
1461,npc_1461,combat,observe,0.1877,0.019500000000000017,79.92726779643215,0.9010914499405497,coerced,True,"{'talk': 0.1254, 'warn': 0.1515, 'intimidate': -1.0, 'flee': 0.0233, 'attack': -1.0, 'help': -0.0212, 'report': 0.1572, 'trade': 0.0083, 'observe': 0.1877, 'idle': 0.1682}"
1462,npc_1462,player_moved,idle,0.5442,0.07669999999999999,60.726690279360426,0.18836691070537637,loyal,True,"{'talk': 0.2216, 'warn': 0.1699, 'intimidate': -1.0, 'flee': 0.4675, 'help': 0.1728, 'report': 0.4456, 'trade': 0.1818, 'observe': 0.425, 'idle': 0.5442}"
1463,npc_1463,proximity_close,report,0.4242,0.017400000000000027,97.89059899166392,0.570440139358899,free,False,"{'talk': 0.103, 'warn': 0.4068, 'intimidate': -0.2611, 'flee': -0.0011, 'attack': -0.2554, 'help': -0.029, 'report': 0.4242, 'trade': 0.0834, 'observe': 0.0491, 'idle': -0.0342}"
1464,npc_1464,unknown,idle,0.3188,0.00489999999999996,27.229459925373188,0.12990470730974535,loyal,True,"{'talk': 0.2026, 'warn': 0.1091, 'intimidate': -1.0, 'flee': 0.2337, 'help': 0.2858, 'report': 0.1337, 'trade': 0.1098, 'observe': 0.3139, 'idle': 0.3188}"
1465,npc_1465,player_talks,report,0.2296,0.02629999999999999,12.664582182871031,0.3283598027820265,free,True,"{'talk': 0.2033, 'warn': 0.137, 'intimidate': -0.0726, 'flee': 0.0554, 'attack': -0.042, 'help': 0.1002, 'report': 0.2296, 'trade': 0.0297, 'observe': 0.0946, 'idle': 0.1323}"
1466,npc_1466,world_tick,request_service,0.7812,0.03390000000000004,77.59423273418253,0.6966765913569385,loyal,False,"{'talk': -0.0292, 'warn': 0.0964, 'intimidate': -1.0, 'flee': -0.0101, 'help': -0.0149, 'report': 0.0261, 'trade': -0.0166, 'observe': 0.0524, 'block_path': 0.1468, 'ambush': 0.2597, 'seek_ally': 0.3819, 'offer_job': 0.7473, 'request_service': 0.7812, 'spread_rumor': 0.4646, 'call_for_help': 0.3151, 'change_role': 0.7271, 'idle': -0.0583}"
1467,npc_1467,player_threatens,talk,0.515,0.3044,25.265110186895946,0.849999017737886,deceptive,True,"{'talk': 0.515, 'warn': -0.0033, 'intimidate': 0.0016, 'flee': 0.0123, 'attack': 0.0851, 'help': 0.0728, 'report': 0.0874, 'trade': 0.0313, 'observe': 0.153, 'idle': 0.2106}"
1468,npc_1468,time_passed,talk,0.243,0.40700000000000003,24.94856517082643,0.20929796934799527,broken,False,"{'talk': 0.243, 'flee': 0.0502, 'observe': 0.0774, 'idle': 0.0939, 'opp_attention_component': 0.0, 'opp_distance_component': 0.0, 'opp_weapon_component': 0.0, 'opp_allies_component': 0.0, 'opp_raw_score': 0.0, 'opp_threshold': 0.65}"
1469,npc_1469,idle,idle,0.6821,0.48260000000000003,7.204336209905648,0.823811264470822,free,True,"{'talk': 0.1012, 'warn': 0.0754, 'intimidate': -1.0, 'flee': 0.0629, 'attack': -1.0, 'help': 0.1995, 'report': -0.0597, 'trade': 0.0422, 'observe': 0.1065, 'idle': 0.6821}"
1470,npc_1470,player_helpers,report,0.2042,0.030899999999999983,31.630294514886238,0.4919295348812719,deceptive,True,"{'talk': 0.1544, 'warn': 0.0805, 'intimidate': -0.0919, 'flee': 0.034, 'attack': -0.1929, 'help': 0.1325, 'report': 0.2042, 'trade': 0.0232, 'observe': 0.1733, 'idle': 0.0108}"
1471,npc_1471,player_used_item,idle,0.1856,0.029699999999999976,76.58275369049463,0.76497930288075,deceptive,True,"{'talk': 0.065, 'warn': 0.0973, 'intimidate': -1.0, 'flee': 0.1063, 'attack': -1.0, 'help': 0.1241, 'report': 0.0301, 'trade': 0.0913, 'observe': 0.1559, 'idle': 0.1856}"
1472,npc_1472,object_changed,idle,0.0,0.035800000000000005,96.85789058205404,0.07483657667055121,loyal,True,"{'talk': -0.0408, 'warn': -0.0606, 'intimidate': -0.1349, 'flee': 0.0344, 'help': 0.0622, 'report': -0.026, 'trade': 0.0437, 'observe': 0.098, 'idle': 0.0441}"
1473,npc_1473,object_moved,idle,0.2983,0.016400000000000026,41.80966613767671,0.7929669123921631,deceptive,True,"{'talk': 0.1765, 'warn': -0.0475, 'intimidate': -1.0, 'flee': 0.2581, 'attack': -1.0, 'help': 0.1644, 'report': 0.0017, 'trade': 0.2, 'observe': 0.2819, 'idle': 0.2983}"
1474,npc_1474,npc_interacts_npc,talk,0.2441,0.04140000000000002,10.336796124373915,0.906351797121946,coerced,False,"{'talk': 0.2441, 'warn': 0.0784, 'intimidate': -0.4613, 'flee': 0.098, 'attack': -0.4884, 'help': 0.2027, 'report': 0.1824, 'trade': 0.1525, 'observe': 0.1553, 'idle': 0.0104}"
1475,npc_1475,faction_event,observe,0.1595,0.03140000000000001,21.22459836728333,0.4984190202302379,loyal,True,"{'talk': -0.0698, 'warn': 0.0, 'intimidate': -0.0932, 'flee': 0.0162, 'help': -0.0872, 'report': 0.0235, 'trade': 0.1281, 'observe': 0.1595, 'idle': 0.0603}"
1476,npc_1476,player_moved,trade,0.3116,0.1187,40.030739132735974,0.8196171286340513,deceptive,False,"{'talk': 0.006, 'warn': -0.0017, 'intimidate': -0.4841, 'flee': 0.1929, 'attack': -0.4269, 'help': 0.017, 'report': 0.1069, 'trade': 0.3116, 'observe': 0.1801, 'idle': 0.1463}"
1477,npc_1477,player_cast_spell,report,0.4005,0.14540000000000003,93.85510527790186,0.06713506546754922,free,True,"{'talk': 0.2005, 'warn': 0.2141, 'intimidate': -0.0895, 'flee': 0.1793, 'attack': -0.0266, 'help': -0.0018, 'report': 0.4005, 'trade': 0.0348, 'observe': 0.2551, 'idle': 0.2069}"
1478,npc_1478,smell_emitted,talk,0.411,0.22609999999999997,64.90534260394975,0.8178975822866777,free,True,"{'talk': 0.411, 'warn': 0.0636, 'intimidate': -0.074, 'flee': 0.0125, 'attack': 0.0468, 'help': 0.1683, 'report': 0.1849, 'trade': 0.0827, 'observe': 0.0955, 'idle': 0.0339}"
1479,npc_1479,player_talks,talk,0.358,0.29200000000000004,89.77155131043911,0.2331735689369422,broken,True,"{'talk': 0.358, 'flee': 0.1167, 'observe': 0.2482, 'idle': 0.1707, 'opp_attention_component': 0.0, 'opp_distance_component': 0.0, 'opp_weapon_component': 0.0, 'opp_allies_component': 0.0, 'opp_raw_score': 0.0, 'opp_threshold': 0.65}"
1480,npc_1480,PLAYER_SPOKE,idle,0.2815,0.20129999999999998,69.29695431905523,0.7425024883880622,coerced,True,"{'talk': -0.0855, 'warn': 0.018, 'intimidate': -0.1599, 'flee': 0.0802, 'attack': -0.1574, 'help': -0.0448, 'report': -0.0115, 'trade': -0.0336, 'observe': -0.0408, 'idle': 0.2815}"
1481,npc_1481,movement,idle,0.1728,0.4772,41.6955968875241,0.4265869549372533,broken,True,"{'talk': 0.1346, 'flee': 0.0626, 'observe': 0.1041, 'idle': 0.1728, 'opp_attention_component': 0.0, 'opp_distance_component': 0.0, 'opp_weapon_component': 0.0, 'opp_allies_component': 0.0, 'opp_raw_score': 0.0, 'opp_threshold': 0.65}"
1482,npc_1482,player_insults,idle,0.472,0.17800000000000005,26.087122421036657,0.6990747496932431,broken,True,"{'talk': 0.0271, 'flee': 0.0992, 'observe': 0.2043, 'idle': 0.472, 'opp_attention_component': 0.0, 'opp_distance_component': 0.0, 'opp_weapon_component': 0.0, 'opp_allies_component': 0.0, 'opp_raw_score': 0.0, 'opp_threshold': 0.65}"
1483,npc_1483,idle,idle,0.244,0.0494,13.633085424191883,0.4010537094400629,deceptive,True,"{'talk': -0.0274, 'warn': 0.0551, 'intimidate': -0.4453, 'flee': 0.0422, 'attack': -0.4813, 'help': 0.0414, 'report': 0.0694, 'trade': 0.1946, 'observe': 0.1611, 'idle': 0.244}"
1484,npc_1484,help,idle,0.6217,0.13310000000000005,7.427071548978759,0.3779988907695887,loyal,True,"{'talk': 0.0584, 'warn': 0.0788, 'intimidate': -1.0, 'flee': 0.1053, 'help': -0.0118, 'report': 0.0764, 'trade': 0.141, 'observe': 0.4886, 'idle': 0.6217}"
1485,npc_1485,player_interacts,talk,0.3258,0.1987,8.320584027808087,0.5768008873159458,loyal,True,"{'talk': 0.3258, 'warn': 0.0253, 'intimidate': -0.2762, 'flee': 0.07, 'help': 0.0835, 'report': 0.121, 'trade': -0.0247, 'observe': 0.1271, 'idle': 0.1179}"
1486,npc_1486,intimidation,talk,0.4606,0.0413,64.88642402251106,0.8270102239044899,coerced,True,"{'talk': 0.4606, 'warn': 0.0489, 'intimidate': 0.0621, 'flee': 0.13, 'attack': 0.0139, 'help': 0.1601, 'report': 0.2084, 'trade': 0.0324, 'observe': 0.2717, 'idle': 0.4193}"
1487,npc_1487,player_threatens,talk,0.2629,0.023900000000000032,9.159076239904573,0.0005037788394215426,free,False,"{'talk': 0.2629, 'warn': 0.1054, 'intimidate': 0.1599, 'flee': -0.0724, 'attack': 0.1064, 'help': 0.239, 'report': 0.231, 'trade': -0.0222, 'observe': -0.0583, 'idle': 0.1005}"
1488,npc_1488,unknown,idle,0.4224,0.1295,22.964352893329774,0.0819083900150297,coerced,True,"{'talk': 0.1889, 'warn': 0.2735, 'intimidate': -1.0, 'flee': 0.1277, 'attack': -1.0, 'help': 0.0514, 'report': 0.2929, 'trade': 0.0852, 'observe': 0.2373, 'idle': 0.4224}"
1489,npc_1489,dialogue,talk,0.327,0.323,86.70681249236397,0.2544049235538881,broken,True,"{'talk': 0.327, 'flee': 0.0121, 'observe': 0.1755, 'idle': 0.1536, 'opp_attention_component': 0.0, 'opp_distance_component': 0.0, 'opp_weapon_component': 0.0, 'opp_allies_component': 0.0, 'opp_raw_score': 0.0, 'opp_threshold': 0.65}"
1490,npc_1490,proximity_close,talk,0.2832,0.019500000000000017,44.08084622898751,0.6799344036786811,coerced,True,"{'talk': 0.2832, 'warn': 0.1615, 'intimidate': -1.0, 'flee': 0.0736, 'attack': -1.0, 'help': 0.2247, 'report': 0.1007, 'trade': 0.1431, 'observe': 0.2473, 'idle': 0.2637}"
1491,npc_1491,world_tick,request_service,0.3717,0.012799999999999978,90.05095986777847,0.5301945158856409,free,True,"{'talk': 0.0903, 'warn': -0.0451, 'intimidate': -0.2887, 'flee': -0.0353, 'attack': -0.39, 'help': -0.0502, 'report': 0.0129, 'trade': -0.0744, 'observe': -0.0688, 'block_path': 0.0582, 'ambush': 0.0716, 'seek_ally': 0.062, 'offer_job': 0.3589, 'request_service': 0.3717, 'spread_rumor': 0.182, 'call_for_help': 0.1241, 'change_role': 0.2814, 'idle': -0.0685}"
1492,npc_1492,weather_changed,idle,0.1959,0.02779999999999999,21.143888649346366,0.40076775231149364,free,True,"{'talk': 0.0174, 'warn': 0.1681, 'intimidate': -0.1225, 'flee': 0.1331, 'attack': -0.1535, 'help': -0.0222, 'report': 0.1567, 'trade': -0.0141, 'observe': 0.1289, 'idle': 0.1959}"
1493,npc_1493,npc_interacts_npc,idle,0.4978,0.1114,10.928031874575616,0.9627979402002226,loyal,True,"{'talk': -0.0088, 'warn': 0.1864, 'intimidate': -1.0, 'flee': 0.1629, 'help': -0.032, 'report': 0.1255, 'trade': 0.1641, 'observe': 0.3864, 'idle': 0.4978}"
1494,npc_1494,intimidation,observe,0.3198,0.07349999999999998,82.67527936166151,0.2096446681940206,deceptive,True,"{'talk': 0.0976, 'warn': 0.1551, 'intimidate': -1.0, 'flee': 0.1734, 'attack': -1.0, 'help': -0.0357, 'report': 0.1368, 'trade': 0.0238, 'observe': 0.3198, 'idle': 0.2463}"
1495,npc_1495,faction_event,report,0.1637,0.01730000000000001,66.26977915497682,0.3318822629489504,coerced,True,"{'talk': -0.0636, 'warn': 0.1464, 'intimidate': -0.1251, 'flee': 0.1042, 'attack': -0.121, 'help': 0.0285, 'report': 0.1637, 'trade': 0.0742, 'observe': 0.0139, 'idle': 0.0082}"
1496,npc_1496,combat,idle,0.4488,0.20120000000000005,17.45049251904681,0.1036936527623159,broken,True,"{'talk': 0.0441, 'flee': 0.0524, 'observe': -0.0127, 'idle': 0.4488, 'opp_attention_component': 0.0, 'opp_distance_component': 0.0, 'opp_weapon_component': 0.0, 'opp_allies_component': 0.0, 'opp_raw_score': 0.0, 'opp_threshold': 0.65}"
1497,npc_1497,npc_proximity_close,idle,0.3332,0.07050000000000001,44.601423192227244,0.9194828830916212,loyal,True,"{'talk': 0.2627, 'warn': 0.0679, 'intimidate': -0.0762, 'flee': 0.0371, 'help': 0.2049, 'report': 0.1855, 'trade': 0.0495, 'observe': 0.1138, 'idle': 0.3332}"
1498,npc_1498,faction_event,trade,0.2781,0.0897,92.62043758862866,0.9911246053272538,deceptive,False,"{'talk': 0.1479, 'warn': 0.0744, 'intimidate': -0.4835, 'flee': 0.1884, 'attack': -0.4644, 'help': 0.125, 'report': 0.0495, 'trade': 0.2781, 'observe': 0.1773, 'idle': 0.0209}"
1499,npc_1499,PLAYER_SPOKE,idle,0.5151,0.011499999999999955,11.08799141138136,0.5279858506198433,deceptive,True,"{'talk': 0.0122, 'warn': -0.019, 'intimidate': -1.0, 'flee': 0.2557, 'attack': -1.0, 'help': -0.0043, 'report': 0.183, 'trade': 0.2813, 'observe': 0.5036, 'idle': 0.5151}"
1500,npc_1500,light_changed,flee,0.43,0.0247,96.60879518232744,0.41888557624286316,loyal,False,"{'flee': 0.43, 'observe': 0.4053, 'idle': 0.2796}"
1501,npc_1501,sound_emitted,report,0.3439,0.12819999999999998,80.84262749921675,0.9084397665564564,deceptive,True,"{'talk': 0.1755, 'warn': 0.2157, 'intimidate': -0.0153, 'flee': 0.1434, 'attack': -0.1244, 'help': 0.187, 'report': 0.3439, 'trade': -0.0716, 'observe': 0.0416, 'idle': 0.0385}"
1502,npc_1502,combat,flee,0.2517,0.004399999999999987,84.7435937717617,0.7582961380328707,deceptive,True,"{'talk': 0.0061, 'warn': 0.1041, 'intimidate': -1.0, 'flee': 0.2517, 'attack': -1.0, 'help': 0.0099, 'report': 0.1618, 'trade': 0.0885, 'observe': 0.1895, 'idle': 0.2473}"
1503,npc_1503,world_tick,idle,0.0,0.5866,52.28853369511091,0.5509753277947157,broken,True,"{'talk': 0.0257, 'flee': 0.0634, 'observe': 0.0154, 'idle': -0.0096, 'opp_attention_component': 0.0, 'opp_distance_component': 0.0, 'opp_weapon_component': 0.0, 'opp_allies_component': 0.0, 'opp_raw_score': 0.0, 'opp_threshold': 0.65}"
1504,npc_1504,player_insults,idle,0.0,0.011400000000000007,76.11798443657327,0.15631910408687333,loyal,True,"{'talk': -0.0506, 'warn': 0.0721, 'intimidate': 0.057, 'flee': -0.0649, 'help': -0.0409, 'report': 0.1015, 'trade': 0.1169, 'observe': -0.0055, 'idle': 0.1055}"
1505,npc_1505,theft,idle,0.7454,0.5584,20.960818041706197,0.8674607532664446,loyal,True,"{'talk': 0.004, 'warn': 0.187, 'intimidate': -1.0, 'flee': 0.0401, 'help': 0.0627, 'report': 0.1582, 'trade': 0.0646, 'observe': 0.0111, 'idle': 0.7454}"
1506,npc_1506,world_tick,ambush,0.2228,0.0032999999999999974,98.15573545475323,0.5058189704562824,deceptive,True,"{'talk': -0.0874, 'warn': -0.0058, 'intimidate': -0.0305, 'flee': 0.093, 'attack': -0.1337, 'help': -0.0546, 'report': 0.0338, 'trade': -0.0778, 'observe': 0.0101, 'block_path': 0.1073, 'ambush': 0.2228, 'seek_ally': 0.1075, 'offer_job': 0.015, 'request_service': 0.1247, 'spread_rumor': 0.0627, 'call_for_help': 0.2195, 'change_role': 0.0287, 'idle': -0.0205}"
1507,npc_1507,player_asks_why,explain,1.0,1.0,70.42328817269423,0.425282829802366,coerced,True,{'explain': 1.0}
1508,npc_1508,intimidation,warn,0.6518,0.15530000000000005,22.062635977166934,0.17021527551673987,deceptive,False,"{'talk': 0.1091, 'warn': 0.6518, 'intimidate': -1.0, 'flee': 0.3024, 'attack': -1.0, 'help': 0.0889, 'report': 0.4965, 'trade': -0.0205, 'observe': 0.4101, 'idle': 0.3342}"
1509,npc_1509,theft,observe,0.1544,0.017000000000000015,64.92390188476259,0.47667612113852786,free,True,"{'talk': 0.0845, 'warn': 0.0758, 'intimidate': -0.0145, 'flee': 0.0347, 'attack': -0.0264, 'help': 0.0047, 'report': 0.0915, 'trade': 0.1374, 'observe': 0.1544, 'idle': 0.1232}"
1510,npc_1510,player_insults,idle,0.307,0.1132,51.48992662966489,0.6711290659847432,coerced,True,"{'talk': -0.0576, 'warn': -0.0043, 'intimidate': -1.0, 'flee': 0.1652, 'attack': -1.0, 'help': 0.0378, 'report': 0.1938, 'trade': 0.1071, 'observe': 0.1489, 'idle': 0.307}"
1511,npc_1511,smell_emitted,idle,0.0,0.5427,65.92354614214224,0.6773902074617156,broken,True,"{'talk': 0.0534, 'flee': 0.0732, 'observe': -0.0289, 'idle': 0.1073, 'opp_attention_component': 0.0, 'opp_distance_component': 0.0, 'opp_weapon_component': 0.0, 'opp_allies_component': 0.0, 'opp_raw_score': 0.0, 'opp_threshold': 0.65}"
1512,npc_1512,player_insults,idle,0.4448,0.1462,57.59206303332166,0.7213406707742992,free,True,"{'talk': 0.2381, 'warn': 0.0806, 'intimidate': -1.0, 'flee': 0.2986, 'attack': -1.0, 'help': 0.2427, 'report': 0.2, 'trade': 0.1056, 'observe': 0.1456, 'idle': 0.4448}"
1513,npc_1513,proximity_leave,report,0.2668,0.1415,20.67060504632763,0.3260773822940899,coerced,True,"{'talk': -0.0902, 'warn': 0.1253, 'intimidate': -0.1303, 'flee': 0.0059, 'attack': -0.0568, 'help': 0.0323, 'report': 0.2668, 'trade': -0.036, 'observe': 0.0257, 'idle': 0.0713}"
1514,npc_1514,smell_emitted,idle,0.2983,0.3517,89.79739419804149,0.5683459665124095,broken,True,"{'talk': 0.2167, 'flee': 0.2144, 'observe': 0.2695, 'idle': 0.2983, 'opp_attention_component': 0.0, 'opp_distance_component': 0.0, 'opp_weapon_component': 0.0, 'opp_allies_component': 0.0, 'opp_raw_score': 0.0, 'opp_threshold': 0.65}"
1515,npc_1515,sound_emitted,idle,0.3348,0.07979999999999998,89.75706031494339,0.9420597490702097,coerced,True,"{'talk': 0.1362, 'warn': 0.255, 'intimidate': -1.0, 'flee': 0.1916, 'attack': -1.0, 'help': 0.0721, 'report': 0.1365, 'trade': 0.2023, 'observe': 0.1562, 'idle': 0.3348}"
1516,npc_1516,proximity_leave,idle,0.3131,0.33690000000000003,61.02583976771856,0.832230738607627,broken,True,"{'talk': -0.0378, 'flee': 0.218, 'observe': 0.1899, 'idle': 0.3131, 'opp_attention_component': 0.0, 'opp_distance_component': 0.0, 'opp_weapon_component': 0.0, 'opp_allies_component': 0.0, 'opp_raw_score': 0.0, 'opp_threshold': 0.65}"
1517,npc_1517,player_helpers,talk,0.5378,0.3389,14.149654880304263,0.7287818145928985,coerced,True,"{'talk': 0.5378, 'warn': 0.0111, 'intimidate': -0.0329, 'flee': 0.0762, 'attack': 0.0305, 'help': 0.0104, 'report': 0.0849, 'trade': 0.1077, 'observe': 0.0937, 'idle': 0.1989}"
1518,npc_1518,player_asks_why,explain,1.0,1.0,64.39857470653689,0.25051449306498597,free,False,{'explain': 1.0}
1519,npc_1519,help,idle,0.3848,0.10069999999999996,23.666682768045032,0.008161076056539152,loyal,False,"{'talk': 0.085, 'warn': 0.1341, 'intimidate': -1.0, 'flee': 0.2488, 'help': 0.0158, 'report': 0.1506, 'trade': 0.2841, 'observe': 0.2031, 'idle': 0.3848}"
1520,npc_1520,npc_spoke,idle,0.0,0.0039000000000000007,62.34127464324634,0.4275189678882414,coerced,True,"{'talk': 0.1189, 'warn': 0.0196, 'intimidate': -0.3505, 'flee': 0.1058, 'attack': -0.3286, 'help': 0.115, 'report': -0.0261, 'trade': 0.0456, 'observe': 0.0252, 'idle': 0.0914}"
1521,npc_1521,player_threatens,help,0.5043,0.06119999999999998,59.20630235917689,0.6180690640631504,free,False,"{'talk': 0.4431, 'warn': 0.3474, 'intimidate': 0.2578, 'flee': 0.0238, 'attack': 0.1267, 'help': 0.5043, 'report': 0.3092, 'trade': 0.0783, 'observe': 0.0514, 'idle': 0.1528}"
1522,npc_1522,smell_emitted,talk,0.3679,0.007400000000000018,19.219327212075466,0.816640695156085,deceptive,True,"{'talk': 0.3679, 'warn': 0.2636, 'intimidate': 0.061, 'flee': 0.14, 'attack': -0.0041, 'help': 0.2723, 'report': 0.3486, 'trade': 0.3605, 'observe': 0.2168, 'idle': 0.212}"
1523,npc_1523,player_helpers,idle,0.3311,0.3189,90.19130435823264,0.5061776473610363,broken,False,"{'talk': 0.2183, 'flee': 0.2184, 'observe': 0.3018, 'idle': 0.3311, 'opp_attention_component': 0.0, 'opp_distance_component': 0.0, 'opp_weapon_component': 0.0, 'opp_allies_component': 0.0, 'opp_raw_score': 0.0, 'opp_threshold': 0.65}"
1524,npc_1524,npc_spoke,idle,0.3605,0.11739999999999998,25.610179375384647,0.34494237644993786,deceptive,True,"{'talk': 0.1137, 'warn': -0.0199, 'intimidate': -1.0, 'flee': 0.2431, 'attack': -1.0, 'help': 0.1457, 'report': 0.0588, 'trade': 0.0606, 'observe': 0.2151, 'idle': 0.3605}"
1525,npc_1525,npc_spoke,observe,0.6828,0.10859999999999992,49.74631217098312,0.09282200524451611,free,True,"{'talk': 0.1834, 'warn': 0.1401, 'intimidate': -1.0, 'flee': 0.1387, 'attack': -1.0, 'help': 0.1311, 'report': 0.0735, 'trade': 0.1281, 'observe': 0.6828, 'idle': 0.5742}"
1526,npc_1526,player_interacts,idle,0.6179,0.3204,1.366427053041741,0.9139973714738782,deceptive,True,"{'talk': 0.0641, 'warn': 0.0456, 'intimidate': -1.0, 'flee': 0.0098, 'attack': -1.0, 'help': 0.1127, 'report': 0.0426, 'trade': -0.0416, 'observe': 0.2975, 'idle': 0.6179}"
1527,npc_1527,player_interacts,trade,0.207,0.05839999999999998,78.13508959593474,0.06570136751494005,loyal,True,"{'talk': 0.1486, 'warn': 0.095, 'intimidate': -0.3871, 'flee': -0.0293, 'help': 0.0916, 'report': -0.0163, 'trade': 0.207, 'observe': 0.0867, 'idle': 0.0257}"
1528,npc_1528,theft,warn,0.4982,0.18289999999999995,55.20594134382745,0.24340582987755754,free,True,"{'talk': 0.0698, 'warn': 0.4982, 'intimidate': -0.128, 'flee': 0.1344, 'attack': -0.1351, 'help': 0.0991, 'report': 0.3153, 'trade': 0.1524, 'observe': 0.0136, 'idle': 0.282}"
1529,npc_1529,player_interacts,observe,0.6675,0.4313,21.15729422882655,0.954815353608359,coerced,True,"{'talk': 0.0224, 'warn': 0.186, 'intimidate': -0.1413, 'flee': 0.0026, 'attack': -0.1318, 'help': -0.0236, 'report': 0.1656, 'trade': 0.0912, 'observe': 0.6675, 'idle': 0.2362}"
1530,npc_1530,dialogue,idle,0.5066,0.11230000000000007,19.250852722950373,0.032541560069453745,deceptive,True,"{'talk': 0.0929, 'warn': -0.0138, 'intimidate': -1.0, 'flee': 0.1886, 'attack': -1.0, 'help': 0.1501, 'report': 0.0293, 'trade': 0.1861, 'observe': 0.3943, 'idle': 0.5066}"
1531,npc_1531,help,report,0.21,0.0023999999999999855,40.03247337638211,0.8902614352752041,deceptive,True,"{'talk': 0.0796, 'warn': 0.1031, 'intimidate': -0.3544, 'flee': 0.0888, 'attack': -0.2716, 'help': 0.1391, 'report': 0.21, 'trade': -0.0075, 'observe': 0.1424, 'idle': 0.2076}"
1532,npc_1532,object_destroyed,report,0.3925,0.017100000000000004,71.13392741544237,0.07269165973418457,free,False,"{'talk': 0.3304, 'warn': 0.3754, 'intimidate': -0.2164, 'flee': -0.0569, 'attack': -0.2377, 'help': 0.2911, 'report': 0.3925, 'trade': 0.1543, 'observe': -0.04, 'idle': -0.0007}"
1533,npc_1533,world_tick,offer_job,0.4793,0.041700000000000015,37.90838418256309,0.7415184929835538,coerced,True,"{'talk': 0.0369, 'warn': 0.2063, 'intimidate': -1.0, 'flee': 0.0566, 'attack': -1.0, 'help': 0.1452, 'report': 0.244, 'trade': 0.1393, 'observe': 0.1784, 'block_path': 0.3353, 'ambush': 0.2931, 'seek_ally': 0.3944, 'offer_job': 0.4793, 'request_service': 0.4376, 'spread_rumor': 0.3902, 'call_for_help': 0.4294, 'change_role': 0.4052, 'idle': 0.2722}"
1534,npc_1534,player_interacts,talk,0.703,0.28729999999999994,27.26911353460203,0.3379625145167081,deceptive,True,"{'talk': 0.703, 'warn': 0.1719, 'intimidate': -0.4257, 'flee': 0.0052, 'attack': -0.2684, 'help': 0.3129, 'report': 0.1849, 'trade': 0.4157, 'observe': 0.0789, 'idle': 0.0271}"
1535,npc_1535,unknown,observe,0.2775,0.062100000000000016,79.98618080246817,0.12570766128946498,deceptive,True,"{'talk': 0.2075, 'warn': -0.0488, 'intimidate': -1.0, 'flee': 0.2154, 'attack': -1.0, 'help': 0.121, 'report': 0.1385, 'trade': -0.0325, 'observe': 0.2775, 'idle': 0.1799}"
1536,npc_1536,player_attack,talk,0.341,0.309,25.86377563281108,0.08503370289793255,broken,False,"{'talk': 0.341, 'flee': 0.2257, 'observe': 0.1454, 'idle': 0.2468, 'opp_attention_component': 0.0, 'opp_distance_component': 0.0, 'opp_weapon_component': 0.0, 'opp_allies_component': 0.0, 'opp_raw_score': 0.0, 'opp_threshold': 0.65}"
1537,npc_1537,proximity_leave,idle,0.0,0.011899999999999994,81.29520078256583,0.17272053517752073,loyal,True,"{'talk': 0.0976, 'warn': -0.0149, 'intimidate': -0.1335, 'flee': 0.0942, 'help': 0.1287, 'report': -0.0206, 'trade': -0.0384, 'observe': 0.1406, 'idle': 0.0543}"
1538,npc_1538,npc_spoke,idle,0.0,0.6235,83.53068536858522,0.4759791332674729,broken,True,"{'talk': -0.0959, 'flee': -0.0487, 'observe': -0.0933, 'idle': 0.0265, 'opp_attention_component': 0.0, 'opp_distance_component': 0.0, 'opp_weapon_component': 0.0, 'opp_allies_component': 0.0, 'opp_raw_score': 0.0, 'opp_threshold': 0.65}"
1539,npc_1539,object_changed,talk,0.5974,0.20190000000000002,69.71176695172609,0.31304450835405206,deceptive,True,"{'talk': 0.5974, 'warn': 0.0442, 'intimidate': -0.0579, 'flee': 0.1202, 'attack': -0.0856, 'help': 0.258, 'report': 0.1388, 'trade': 0.1262, 'observe': 0.3774, 'idle': 0.3955}"
1540,npc_1540,npc_proximity_close,idle,0.6623,0.012299999999999978,96.59557413007549,0.6229624918391543,broken,True,"{'talk': 0.1112, 'flee': 0.2625, 'observe': 0.3175, 'idle': 0.6623, 'opp_attention_component': 0.0, 'opp_distance_component': 0.0, 'opp_weapon_component': 0.0, 'opp_allies_component': 0.0, 'opp_raw_score': 0.0, 'opp_threshold': 0.65}"
1541,npc_1541,player_interacts,observe,0.2889,0.36110000000000003,62.55133204580391,0.8004154730232315,broken,True,"{'talk': 0.2164, 'flee': -0.0344, 'observe': 0.2889, 'idle': 0.1918, 'opp_attention_component': 0.0, 'opp_distance_component': 0.0, 'opp_weapon_component': 0.0, 'opp_allies_component': 0.0, 'opp_raw_score': 0.0, 'opp_threshold': 0.65}"
1542,npc_1542,player_attack,flee,0.387,0.039000000000000035,41.455600325212124,0.45634469353098817,free,False,"{'talk': 0.1826, 'warn': 0.0104, 'intimidate': -1.0, 'flee': 0.387, 'attack': -1.0, 'help': 0.1455, 'report': 0.111, 'trade': 0.348, 'observe': 0.2448, 'idle': 0.3031}"
1543,npc_1543,player_threatens,observe,0.3841,0.04059999999999997,48.764125054867066,0.4165218630377968,deceptive,True,"{'talk': 0.1063, 'warn': 0.2982, 'intimidate': -1.0, 'flee': 0.2433, 'attack': -1.0, 'help': 0.0918, 'report': 0.1971, 'trade': 0.1224, 'observe': 0.3841, 'idle': 0.3435}"
1544,npc_1544,player_interacts,observe,0.7059,0.5362,87.316280542547,0.8133330775023833,loyal,True,"{'talk': 0.1408, 'warn': 0.0464, 'intimidate': -1.0, 'flee': -0.0034, 'help': 0.029, 'report': 0.0999, 'trade': 0.0283, 'observe': 0.7059, 'idle': 0.1697}"
1545,npc_1545,player_threatens,report,0.5514,0.012399999999999967,88.73561033681008,0.1725818688745372,coerced,False,"{'talk': 0.438, 'warn': 0.539, 'intimidate': 0.3726, 'flee': 0.3659, 'attack': 0.3197, 'help': 0.4262, 'report': 0.5514, 'trade': -0.0068, 'observe': 0.2448, 'idle': 0.3488}"
1546,npc_1546,player_moved,observe,0.2986,0.04459999999999997,72.80128748679809,0.9105645322719548,loyal,True,"{'talk': 0.2164, 'warn': 0.1131, 'intimidate': -0.0915, 'flee': 0.0888, 'help': 0.0644, 'report': 0.2429, 'trade': 0.0898, 'observe': 0.2986, 'idle': 0.254}"
1547,npc_1547,player_helpers,idle,0.5234,0.26639999999999997,0.9626268088568812,0.9838549868850035,coerced,True,"{'talk': 0.1525, 'warn': 0.2036, 'intimidate': -1.0, 'flee': 0.257, 'attack': -1.0, 'help': 0.0547, 'report': 0.1054, 'trade': 0.208, 'observe': 0.1947, 'idle': 0.5234}"
1548,npc_1548,player_asks_why,explain,1.0,1.0,57.06390139751319,0.27296242493843315,coerced,True,{'explain': 1.0}
1549,npc_1549,theft,report,0.5895,0.201,39.496758816139454,0.39516722679473915,free,True,"{'talk': 0.1701, 'warn': 0.3885, 'intimidate': 0.0801, 'flee': 0.0357, 'attack': -0.0013, 'help': 0.0971, 'report': 0.5895, 'trade': -0.0202, 'observe': 0.2961, 'idle': 0.3166}"
1550,npc_1550,faction_event,report,0.3124,0.10850000000000001,97.49685837294997,0.22576808972915696,deceptive,True,"{'talk': 0.0338, 'warn': 0.1898, 'intimidate': 0.0599, 'flee': 0.0256, 'attack': -0.0297, 'help': 0.0771, 'report': 0.3124, 'trade': 0.2039, 'observe': 0.0259, 'idle': 0.0574}"
1551,npc_1551,combat,observe,0.4832,0.07450000000000001,43.26805361728403,0.27176294822234137,deceptive,True,"{'talk': 0.0074, 'warn': 0.2904, 'intimidate': -1.0, 'flee': 0.3014, 'attack': -1.0, 'help': 0.0348, 'report': 0.2781, 'trade': 0.1232, 'observe': 0.4832, 'idle': 0.4087}"
1552,npc_1552,time_passed,idle,0.3359,0.31410000000000005,60.047914036142515,0.4344755130302024,broken,True,"{'talk': 0.1397, 'flee': 0.1749, 'observe': 0.2781, 'idle': 0.3359, 'opp_attention_component': 0.0, 'opp_distance_component': 0.0, 'opp_weapon_component': 0.0, 'opp_allies_component': 0.0, 'opp_raw_score': 0.0, 'opp_threshold': 0.65}"
1553,npc_1553,world_tick,request_service,0.8569,0.029200000000000004,20.789764897530606,0.7174607475961379,free,False,"{'talk': 0.0587, 'warn': 0.0936, 'intimidate': -0.5584, 'flee': 0.0212, 'attack': -0.4361, 'help': 0.2068, 'report': 0.1248, 'trade': 0.1161, 'observe': 0.0305, 'block_path': 0.2263, 'ambush': 0.3781, 'seek_ally': 0.6161, 'offer_job': 0.7744, 'request_service': 0.8569, 'spread_rumor': 0.5943, 'call_for_help': 0.4936, 'change_role': 0.8277, 'idle': 0.1466}"
1554,npc_1554,time_passed,idle,0.392,0.258,68.27998096033151,0.8106977977949265,broken,True,"{'talk': 0.0127, 'flee': 0.1139, 'observe': 0.233, 'idle': 0.392, 'opp_attention_component': 0.0, 'opp_distance_component': 0.0, 'opp_weapon_component': 0.0, 'opp_allies_component': 0.0, 'opp_raw_score': 0.0, 'opp_threshold': 0.65}"
1555,npc_1555,player_moved,idle,0.4812,0.26780000000000004,62.6299473432336,0.11367180554210021,loyal,True,"{'talk': 0.0432, 'warn': 0.0333, 'intimidate': -1.0, 'flee': 0.0837, 'help': -0.0571, 'report': 0.2134, 'trade': 0.0578, 'observe': 0.1787, 'idle': 0.4812}"
1556,npc_1556,npc_spoke,idle,0.3895,0.10300000000000004,46.35674329155985,0.030117424750393806,coerced,True,"{'talk': 0.1127, 'warn': 0.2226, 'intimidate': -1.0, 'flee': 0.1403, 'attack': -1.0, 'help': 0.1187, 'report': 0.1675, 'trade': 0.1614, 'observe': 0.2865, 'idle': 0.3895}"
1557,npc_1557,smell_emitted,observe,0.4452,0.1069,46.87491052873827,0.8625084699518445,free,True,"{'talk': 0.2146, 'warn': 0.1302, 'intimidate': -1.0, 'flee': 0.3383, 'attack': -1.0, 'help': 0.1759, 'report': -0.0126, 'trade': 0.2529, 'observe': 0.4452, 'idle': 0.2875}"
1558,npc_1558,player_insults,idle,0.2363,0.04140000000000002,43.44015410315315,0.40478628604036915,free,True,"{'talk': -0.0407, 'warn': 0.1797, 'intimidate': 0.1949, 'flee': 0.1373, 'attack': 0.1647, 'help': 0.0139, 'report': 0.1304, 'trade': 0.0606, 'observe': -0.0148, 'idle': 0.2363}"
1559,npc_1559,npc_proximity_close,idle,0.3209,0.3291,72.41590292426781,0.23111095672649995,broken,True,"{'talk': 0.1449, 'flee': 0.0348, 'observe': 0.2422, 'idle': 0.3209, 'opp_attention_component': 0.0, 'opp_distance_component': 0.0, 'opp_weapon_component': 0.0, 'opp_allies_component': 0.0, 'opp_raw_score': 0.0, 'opp_threshold': 0.65}"
1560,npc_1560,light_changed,idle,0.2669,0.04670000000000002,59.65708241143631,0.5964744485097406,loyal,True,"{'talk': 0.1466, 'warn': 0.137, 'intimidate': -1.0, 'flee': 0.2202, 'help': 0.0409, 'report': 0.0272, 'trade': 0.1024, 'observe': 0.1793, 'idle': 0.2669}"
1561,npc_1561,npc_spoke,idle,0.3706,0.11169999999999997,1.570018129189743,0.467742830067982,deceptive,True,"{'talk': 0.1089, 'warn': 0.0014, 'intimidate': -1.0, 'flee': 0.0246, 'attack': -1.0, 'help': 0.1013, 'report': -0.0058, 'trade': 0.0007, 'observe': 0.2589, 'idle': 0.3706}"
1562,npc_1562,player_used_item,trade,0.2951,0.05509999999999998,21.38270780324154,0.3914369717619448,loyal,False,"{'talk': 0.24, 'warn': 0.2134, 'intimidate': -0.3674, 'flee': 0.1604, 'help': 0.2236, 'report': 0.071, 'trade': 0.2951, 'observe': 0.1516, 'idle': 0.083}"
1563,npc_1563,proximity_close,idle,0.5768,0.025499999999999967,77.35494432508479,0.6908504903145304,loyal,True,"{'talk': 0.0224, 'warn': 0.2584, 'intimidate': -1.0, 'flee': 0.19, 'help': -0.0127, 'report': 0.2527, 'trade': 0.0873, 'observe': 0.5513, 'idle': 0.5768}"
1564,npc_1564,npc_spoke,warn,0.4961,0.0030999999999999917,91.52915622123331,0.36574697970226855,free,False,"{'talk': 0.2975, 'warn': 0.4961, 'intimidate': -0.1474, 'flee': 0.1962, 'attack': -0.2162, 'help': 0.2627, 'report': 0.3282, 'trade': 0.493, 'observe': 0.2311, 'idle': 0.1704}"
1565,npc_1565,saved_life,talk,0.374,0.09299999999999997,74.42002949937648,0.32558190920031027,loyal,False,"{'talk': 0.374, 'warn': 0.2725, 'intimidate': -0.3548, 'flee': 0.0662, 'help': 0.281, 'report': 0.1267, 'trade': 0.1468, 'observe': -0.0122, 'idle': 0.0439}"
1566,npc_1566,player_attacks,idle,0.1642,0.0787,50.24568530648161,0.8152882103921695,loyal,True,"{'talk': 0.0855, 'warn': 0.0562, 'intimidate': -0.1832, 'flee': 0.0689, 'help': 0.0123, 'report': -0.0429, 'trade': 0.0037, 'observe': -0.0413, 'idle': 0.1642}"
1567,npc_1567,saved_life,warn,0.3327,0.1294,16.539956081820804,0.8748654069914994,loyal,True,"{'talk': -0.0537, 'warn': 0.3327, 'intimidate': 0.0588, 'flee': 0.0673, 'help': 0.0406, 'report': 0.2033, 'trade': 0.0424, 'observe': 0.0594, 'idle': 0.1636}"
1568,npc_1568,smell_emitted,flee,0.2191,0.43090000000000006,33.01174779816076,0.38176080902789955,broken,False,"{'talk': 0.0026, 'flee': 0.2191, 'observe': 0.2076, 'idle': 0.1716, 'opp_attention_component': 0.0, 'opp_distance_component': 0.0, 'opp_weapon_component': 0.0, 'opp_allies_component': 0.0, 'opp_raw_score': 0.0, 'opp_threshold': 0.65}"
1569,npc_1569,npc_proximity_leave,idle,0.4371,0.21290000000000003,4.427973169843069,0.8161478987379333,broken,True,"{'talk': 0.0618, 'flee': 0.0861, 'observe': 0.3504, 'idle': 0.4371, 'opp_attention_component': 0.0, 'opp_distance_component': 0.0, 'opp_weapon_component': 0.0, 'opp_allies_component': 0.0, 'opp_raw_score': 0.0, 'opp_threshold': 0.65}"
1570,npc_1570,player_asks_why,explain,1.0,1.0,21.667501608138416,0.7146487810844383,free,False,{'explain': 1.0}
1571,npc_1571,player_helpers,help,0.4117,0.02200000000000002,6.857991355925385,0.8561506231553684,loyal,False,"{'talk': 0.2769, 'warn': 0.1228, 'intimidate': -1.0, 'flee': 0.2682, 'help': 0.4117, 'report': 0.1233, 'trade': -0.0538, 'observe': 0.2751, 'idle': 0.3897}"
1572,npc_1572,object_moved,talk,0.34,0.07730000000000004,3.618204502081257,0.09488888585450461,loyal,True,"{'talk': 0.34, 'warn': 0.1192, 'intimidate': 0.0612, 'flee': 0.1197, 'help': 0.0218, 'report': 0.1122, 'trade': -0.0049, 'observe': 0.2418, 'idle': 0.2627}"
1573,npc_1573,npc_moved,idle,0.0,0.010899999999999993,59.74456433258189,0.8355774726549164,loyal,True,"{'talk': 0.1336, 'warn': 0.1003, 'intimidate': -0.417, 'flee': 0.0504, 'help': 0.1227, 'report': 0.0492, 'trade': 0.0807, 'observe': 0.1221, 'idle': 0.0937}"
1574,npc_1574,saved_life,talk,0.2732,0.0633,4.209125461084828,0.8083686475842182,free,True,"{'talk': 0.2732, 'warn': 0.0432, 'intimidate': -0.1374, 'flee': 0.052, 'attack': -0.1649, 'help': 0.2099, 'report': 0.0735, 'trade': 0.0705, 'observe': 0.1902, 'idle': 0.1954}"
1575,npc_1575,smell_emitted,warn,0.5365,0.03739999999999999,6.829327859361422,0.18131308931943335,coerced,False,"{'talk': 0.2751, 'warn': 0.5365, 'intimidate': -1.0, 'flee': 0.4049, 'attack': -1.0, 'help': 0.3286, 'report': 0.4419, 'trade': 0.4991, 'observe': 0.3382, 'idle': 0.4955}"
1576,npc_1576,betrayal,observe,0.4808,0.10649999999999998,83.1462388062627,0.12143880625982151,coerced,True,"{'talk': 0.3067, 'warn': 0.012, 'intimidate': -1.0, 'flee': 0.2127, 'attack': -1.0, 'help': 0.2822, 'report': 0.1019, 'trade': 0.2911, 'observe': 0.4808, 'idle': 0.3743}"
1577,npc_1577,object_destroyed,trade,0.3227,0.0039000000000000146,34.08436372878618,0.5048952527427216,free,False,"{'talk': 0.0396, 'warn': 0.073, 'intimidate': -1.0, 'flee': 0.2428, 'attack': -1.0, 'help': -0.046, 'report': 0.04, 'trade': 0.3227, 'observe': 0.3056, 'idle': 0.3188}"
1578,npc_1578,player_interacts,talk,0.418,0.08079999999999998,84.25484241333034,0.12244914773813043,free,False,"{'talk': 0.418, 'warn': 0.2385, 'intimidate': -0.535, 'flee': 0.0906, 'attack': -0.4666, 'help': 0.1254, 'report': 0.1846, 'trade': 0.3372, 'observe': -0.0206, 'idle': 0.0738}"
1579,npc_1579,PLAYER_SPOKE,talk,0.3048,0.3452,84.07802301353647,0.2636120861805189,broken,False,"{'talk': 0.3048, 'flee': 0.1705, 'observe': 0.2452, 'idle': 0.2097, 'opp_attention_component': 0.0, 'opp_distance_component': 0.0, 'opp_weapon_component': 0.0, 'opp_allies_component': 0.0, 'opp_raw_score': 0.0, 'opp_threshold': 0.65}"
1580,npc_1580,combat,warn,0.3238,0.07729999999999998,55.75018541547549,0.9145525606951895,free,True,"{'talk': -0.0569, 'warn': 0.3238, 'intimidate': 0.0908, 'flee': 0.1133, 'attack': 0.236, 'help': -0.0476, 'report': 0.2465, 'trade': 0.0786, 'observe': 0.0403, 'idle': 0.1437}"
1581,npc_1581,player_interacts,idle,0.537,0.11299999999999999,90.77010559370999,0.6744829249463655,broken,True,"{'talk': 0.421, 'flee': 0.0069, 'observe': 0.5002, 'idle': 0.537, 'opp_attention_component': 0.0, 'opp_distance_component': 0.0, 'opp_weapon_component': 0.0, 'opp_allies_component': 0.0, 'opp_raw_score': 0.0, 'opp_threshold': 0.65}"
1582,npc_1582,PLAYER_SPOKE,observe,0.2042,0.028499999999999998,46.941322080216175,0.890137005737071,free,True,"{'talk': 0.1757, 'warn': 0.0408, 'intimidate': -0.048, 'flee': -0.0528, 'attack': -0.0679, 'help': -0.0647, 'report': -0.0392, 'trade': -0.0467, 'observe': 0.2042, 'idle': 0.1604}"
1583,npc_1583,player_cast_spell,idle,0.6039,0.3664,59.67641139186426,0.4000206282446478,deceptive,True,"{'talk': 0.1395, 'warn': 0.0094, 'intimidate': -1.0, 'flee': 0.0938, 'attack': -1.0, 'help': 0.0709, 'report': 0.1069, 'trade': 0.0572, 'observe': 0.2375, 'idle': 0.6039}"
1584,npc_1584,proximity_close,talk,0.166,0.013600000000000001,95.18455127785866,0.14751765372074688,coerced,True,"{'talk': 0.166, 'warn': 0.0517, 'intimidate': -0.0751, 'flee': 0.0294, 'attack': -0.148, 'help': 0.1524, 'report': 0.1136, 'trade': 0.0165, 'observe': -0.068, 'idle': -0.042}"
1585,npc_1585,proximity_leave,trade,0.3161,0.1421,36.19655367418374,0.15019876516055086,coerced,True,"{'talk': 0.0155, 'warn': 0.0748, 'intimidate': -0.2317, 'flee': 0.1436, 'attack': -0.3705, 'help': -0.0354, 'report': 0.0879, 'trade': 0.3161, 'observe': 0.059, 'idle': 0.174}"
1586,npc_1586,object_destroyed,observe,0.3611,0.0131,12.687537614704214,0.6045315570026442,loyal,True,"{'talk': 0.0873, 'warn': 0.1054, 'intimidate': -1.0, 'flee': 0.0677, 'help': -0.0409, 'report': 0.0411, 'trade': 0.0331, 'observe': 0.3611, 'idle': 0.348}"
1587,npc_1587,proximity_leave,observe,0.4789,0.023799999999999988,68.09139239998929,0.4817134409527545,coerced,True,"{'talk': 0.0666, 'warn': 0.0061, 'intimidate': -1.0, 'flee': 0.4551, 'attack': -1.0, 'help': 0.0131, 'report': 0.121, 'trade': -0.0128, 'observe': 0.4789, 'idle': 0.4436}"
1588,npc_1588,npc_proximity_close,idle,0.1924,0.4576,80.40184652884777,0.3107322690086428,broken,True,"{'talk': -0.0141, 'flee': 0.0558, 'observe': -0.0367, 'idle': 0.1924, 'opp_attention_component': 0.0, 'opp_distance_component': 0.0, 'opp_weapon_component': 0.0, 'opp_allies_component': 0.0, 'opp_raw_score': 0.0, 'opp_threshold': 0.65}"
1589,npc_1589,player_talks,talk,0.286,0.13389999999999996,50.226863863079586,0.7489854377299204,coerced,True,"{'talk': 0.286, 'warn': 0.1521, 'intimidate': -0.2868, 'flee': -0.0368, 'attack': -0.1994, 'help': 0.0219, 'report': 0.0677, 'trade': 0.0762, 'observe': 0.119, 'idle': 0.0561}"
1590,npc_1590,player_insults,report,0.2222,0.043300000000000005,25.176533562250015,0.527267360588073,deceptive,True,"{'talk': 0.1225, 'warn': 0.1558, 'intimidate': 0.0232, 'flee': 0.1789, 'attack': 0.0369, 'help': 0.0963, 'report': 0.2222, 'trade': 0.0792, 'observe': 0.0918, 'idle': 0.0869}"
1591,npc_1591,PLAYER_SPOKE,talk,0.3323,0.1417,44.67461040543797,0.6257687693285795,free,True,"{'talk': 0.3323, 'warn': 0.0378, 'intimidate': 0.0055, 'flee': -0.0435, 'attack': -0.0957, 'help': 0.0283, 'report': 0.0549, 'trade': 0.1906, 'observe': 0.0943, 'idle': 0.0862}"
1592,npc_1592,combat,talk,0.1659,0.007699999999999985,71.18723459428392,0.9546951522181039,free,False,"{'talk': 0.1659, 'warn': 0.1483, 'intimidate': 0.136, 'flee': 0.0243, 'attack': 0.112, 'help': 0.0285, 'report': 0.067, 'trade': 0.1582, 'observe': 0.0731, 'idle': 0.0028}"
1593,npc_1593,object_destroyed,observe,0.5229,0.1271,6.912753429382423,0.09668468542973752,broken,True,"{'talk': 0.486, 'flee': 0.3539, 'observe': 0.5229, 'idle': 0.4084, 'opp_attention_component': 0.0, 'opp_distance_component': 0.0, 'opp_weapon_component': 0.0, 'opp_allies_component': 0.0, 'opp_raw_score': 0.0, 'opp_threshold': 0.65}"
1594,npc_1594,light_changed,observe,0.3689,0.06159999999999999,79.18234440176242,0.599755463001507,loyal,True,"{'talk': -0.0486, 'warn': 0.058, 'intimidate': -0.1454, 'flee': 0.038, 'help': 0.0075, 'report': -0.0163, 'trade': 0.047, 'observe': 0.3689, 'idle': 0.3073}"
1595,npc_1595,proximity_close,idle,0.0,0.015200000000000005,49.91410717889997,0.9776306369774915,coerced,True,"{'talk': 0.0814, 'warn': 0.0275, 'intimidate': 0.0022, 'flee': 0.0233, 'attack': -0.1158, 'help': 0.0284, 'report': 0.1292, 'trade': -0.0545, 'observe': -0.0071, 'idle': 0.114}"
1596,npc_1596,time_passed,idle,0.344,0.02809999999999996,1.3780074490887806,0.9805604466214535,loyal,True,"{'talk': 0.2445, 'warn': -0.0459, 'intimidate': -1.0, 'flee': 0.1387, 'help': -0.0034, 'report': 0.1426, 'trade': 0.0585, 'observe': 0.3159, 'idle': 0.344}"
1597,npc_1597,player_insults,report,0.4651,0.09570000000000001,40.22167027929553,0.37762516708936567,coerced,True,"{'talk': 0.3694, 'warn': 0.2547, 'intimidate': 0.0581, 'flee': -0.0528, 'attack': 0.2134, 'help': 0.1414, 'report': 0.4651, 'trade': 0.1706, 'observe': 0.1461, 'idle': 0.0064}"
1598,npc_1598,dialogue,observe,0.3028,0.08280000000000001,13.366329987840109,0.5986967474668508,free,True,"{'talk': 0.0772, 'warn': 0.0754, 'intimidate': 0.0039, 'flee': 0.0361, 'attack': 0.0176, 'help': 0.0902, 'report': 0.1985, 'trade': 0.0195, 'observe': 0.3028, 'idle': 0.22}"
1599,npc_1599,player_used_item,observe,0.2552,0.09199999999999997,9.450072930532528,0.2646238968192336,loyal,True,"{'talk': 0.0349, 'warn': 0.0305, 'intimidate': -1.0, 'flee': 0.1581, 'help': -0.0123, 'report': 0.0011, 'trade': 0.1228, 'observe': 0.2552, 'idle': 0.1632}"
1600,npc_1600,help,talk,0.2067,0.4433,74.93614795434397,0.47383971331374475,broken,True,"{'talk': 0.2067, 'flee': 0.0001, 'observe': 0.1275, 'idle': 0.0688, 'opp_attention_component': 0.0, 'opp_distance_component': 0.0, 'opp_weapon_component': 0.0, 'opp_allies_component': 0.0, 'opp_raw_score': 0.0, 'opp_threshold': 0.65}"
1601,npc_1601,player_interacts,talk,0.5863,0.11260000000000003,62.26648483182783,0.9213960774570799,deceptive,True,"{'talk': 0.5863, 'warn': 0.098, 'intimidate': -0.0141, 'flee': -0.1026, 'attack': -0.0578, 'help': 0.0755, 'report': -0.0674, 'trade': -0.0012, 'observe': 0.4737, 'idle': 0.1208}"
1602,npc_1602,betrayal,warn,0.4248,0.10120000000000001,42.51453285806075,0.08929884050433534,loyal,False,"{'talk': 0.2028, 'warn': 0.4248, 'intimidate': -0.2441, 'flee': 0.0932, 'help': 0.3158, 'report': 0.3236, 'trade': 0.2431, 'observe': 0.1011, 'idle': 0.0963}"
1603,npc_1603,npc_moved,trade,0.2688,0.07779999999999998,60.69321111812148,0.406042308471959,free,False,"{'talk': 0.0453, 'warn': 0.1443, 'intimidate': -0.3752, 'flee': 0.1697, 'attack': -0.559, 'help': -0.0411, 'report': 0.0272, 'trade': 0.2688, 'observe': 0.0223, 'idle': 0.191}"
1604,npc_1604,unknown,report,0.488,0.055999999999999994,75.81406837298404,0.012766272478035856,loyal,True,"{'talk': 0.3903, 'warn': 0.432, 'intimidate': -0.0184, 'flee': 0.0556, 'help': 0.3744, 'report': 0.488, 'trade': 0.085, 'observe': 0.1121, 'idle': 0.197}"
1605,npc_1605,npc_state_changed,observe,0.2152,0.05940000000000001,53.03155754616897,0.6130968774751294,deceptive,True,"{'talk': 0.0987, 'warn': 0.1558, 'intimidate': -0.0817, 'flee': -0.0036, 'attack': 0.005, 'help': 0.0311, 'report': 0.1112, 'trade': 0.0112, 'observe': 0.2152, 'idle': 0.13}"
1606,npc_1606,npc_moved,idle,0.3442,0.3058,36.38334237703472,0.4388317091831251,broken,True,"{'talk': 0.2355, 'flee': 0.0284, 'observe': 0.3306, 'idle': 0.3442, 'opp_attention_component': 0.0, 'opp_distance_component': 0.0, 'opp_weapon_component': 0.0, 'opp_allies_component': 0.0, 'opp_raw_score': 0.0, 'opp_threshold': 0.65}"
1607,npc_1607,intimidation,warn,0.2261,0.025599999999999984,11.854498919570078,0.6185764826526859,deceptive,True,"{'talk': 0.1571, 'warn': 0.2261, 'intimidate': 0.0518, 'flee': 0.0509, 'attack': 0.1956, 'help': 0.1589, 'report': 0.1556, 'trade': 0.2005, 'observe': -0.073, 'idle': 0.0973}"
1608,npc_1608,idle,observe,0.2959,0.0723,34.30223962184061,0.3467689044844692,deceptive,True,"{'talk': 0.1338, 'warn': 0.1877, 'intimidate': -0.1142, 'flee': 0.0212, 'attack': 0.0629, 'help': 0.0305, 'report': 0.0479, 'trade': 0.0642, 'observe': 0.2959, 'idle': 0.2236}"
1609,npc_1609,smell_emitted,idle,0.0,0.5033000000000001,65.78529136203012,0.3506501733849049,broken,True,"{'talk': 0.1111, 'flee': 0.1047, 'observe': 0.1467, 'idle': 0.0713, 'opp_attention_component': 0.0, 'opp_distance_component': 0.0, 'opp_weapon_component': 0.0, 'opp_allies_component': 0.0, 'opp_raw_score': 0.0, 'opp_threshold': 0.65}"
1610,npc_1610,player_attack,idle,0.2652,0.0010999999999999899,27.507623176029895,0.3197162795646077,coerced,True,"{'talk': 0.0848, 'warn': 0.1832, 'intimidate': -1.0, 'flee': 0.185, 'attack': -1.0, 'help': 0.0687, 'report': 0.0923, 'trade': -0.0453, 'observe': 0.2641, 'idle': 0.2652}"
1611,npc_1611,player_helpers,report,0.4297,0.029000000000000026,25.86982573029857,0.8047295273448645,loyal,False,"{'talk': 0.1043, 'warn': 0.4007, 'intimidate': -0.3138, 'flee': 0.2678, 'help': 0.11, 'report': 0.4297, 'trade': 0.1606, 'observe': 0.1874, 'idle': 0.1809}"
1612,npc_1612,npc_state_changed,observe,0.3229,0.3271,40.70817351403505,0.524861663899566,broken,False,"{'talk': 0.265, 'flee': 0.1934, 'observe': 0.3229, 'idle': 0.3184, 'opp_attention_component': 0.0, 'opp_distance_component': 0.0, 'opp_weapon_component': 0.0, 'opp_allies_component': 0.0, 'opp_raw_score': 0.0, 'opp_threshold': 0.65}"
1613,npc_1613,object_changed,idle,0.4158,0.03860000000000002,80.2165595725883,0.5165252851729167,deceptive,True,"{'talk': 0.2259, 'warn': 0.2051, 'intimidate': -1.0, 'flee': 0.1151, 'attack': -1.0, 'help': 0.2146, 'report': 0.3772, 'trade': 0.1108, 'observe': 0.1437, 'idle': 0.4158}"
1614,npc_1614,unknown,observe,0.3777,0.27230000000000004,90.34289530343742,0.6193311398814397,broken,True,"{'talk': 0.2875, 'flee': 0.054, 'observe': 0.3777, 'idle': 0.3602, 'opp_attention_component': 0.0, 'opp_distance_component': 0.0, 'opp_weapon_component': 0.0, 'opp_allies_component': 0.0, 'opp_raw_score': 0.0, 'opp_threshold': 0.65}"
1615,npc_1615,faction_event,idle,0.3809,0.2691,11.017501117334927,0.3917401604282088,broken,True,"{'talk': -0.0062, 'flee': 0.0639, 'observe': 0.1804, 'idle': 0.3809, 'opp_attention_component': 0.0, 'opp_distance_component': 0.0, 'opp_weapon_component': 0.0, 'opp_allies_component': 0.0, 'opp_raw_score': 0.0, 'opp_threshold': 0.65}"
1616,npc_1616,theft,idle,0.0,0.00180000000000001,37.12047805606695,0.5900421083746364,free,True,"{'talk': 0.09, 'warn': 0.0802, 'intimidate': -0.1926, 'flee': 0.1088, 'attack': -0.2101, 'help': 0.0787, 'report': 0.1106, 'trade': -0.0435, 'observe': -0.0172, 'idle': 0.031}"
1617,npc_1617,faction_event,idle,0.0,0.0041999999999999815,63.65089256028723,0.9423328796010473,loyal,True,"{'talk': 0.0364, 'warn': 0.0583, 'intimidate': -0.1935, 'flee': 0.139, 'help': 0.0391, 'report': 0.0635, 'trade': -0.0216, 'observe': 0.1054, 'idle': 0.1432}"
1618,npc_1618,object_changed,idle,0.3338,0.19649999999999998,95.99534621251502,0.20710141144116734,deceptive,True,"{'talk': -0.0478, 'warn': -0.0626, 'intimidate': -0.1768, 'flee': -0.0428, 'attack': -0.1386, 'help': -0.0312, 'report': 0.0088, 'trade': 0.1373, 'observe': 0.062, 'idle': 0.3338}"
1619,npc_1619,npc_spoke,idle,0.294,0.0017999999999999683,81.86698662289665,0.9656179283191911,loyal,True,"{'talk': 0.0579, 'warn': 0.0035, 'intimidate': -1.0, 'flee': 0.083, 'help': 0.1698, 'report': -0.0015, 'trade': 0.0606, 'observe': 0.2922, 'idle': 0.294}"
1620,npc_1620,weather_changed,idle,0.5282,0.06259999999999999,69.00999224066241,0.26232013568424484,coerced,False,"{'talk': 0.2271, 'warn': 0.0395, 'intimidate': -1.0, 'flee': 0.4199, 'attack': -1.0, 'help': 0.2907, 'report': 0.1295, 'trade': 0.2591, 'observe': 0.4656, 'idle': 0.5282}"
1621,npc_1621,betrayal,idle,0.1738,0.0782,74.61126418722787,0.2610924466986002,free,True,"{'talk': -0.0394, 'warn': 0.0619, 'intimidate': -0.1313, 'flee': -0.0779, 'attack': -0.0754, 'help': 0.0517, 'report': 0.035, 'trade': 0.0956, 'observe': 0.0369, 'idle': 0.1738}"
1622,npc_1622,combat,talk,0.1859,0.05740000000000001,42.33255357989205,0.7432171654820668,free,True,"{'talk': 0.1859, 'warn': -0.0359, 'intimidate': 0.0859, 'flee': -0.0603, 'attack': 0.0547, 'help': 0.1285, 'report': 0.0958, 'trade': 0.0386, 'observe': 0.1051, 'idle': -0.0173}"
1623,npc_1623,smell_emitted,report,0.2016,0.04899999999999999,2.9351610244563786,0.8032458823414116,free,True,"{'talk': -0.0382, 'warn': 0.1424, 'intimidate': -0.0522, 'flee': 0.0625, 'attack': -0.0462, 'help': 0.0024, 'report': 0.2016, 'trade': 0.0569, 'observe': 0.1526, 'idle': -0.0092}"
1624,npc_1624,npc_proximity_leave,idle,0.3858,0.0252,7.838608074412667,0.0389820393775665,deceptive,True,"{'talk': 0.3433, 'warn': -0.0738, 'intimidate': -1.0, 'flee': 0.0256, 'attack': -1.0, 'help': 0.0545, 'report': 0.0276, 'trade': 0.087, 'observe': 0.3606, 'idle': 0.3858}"
1625,npc_1625,player_cast_spell,talk,0.2133,0.038699999999999984,35.89155856033043,0.4470708957685259,loyal,True,"{'talk': 0.2133, 'warn': 0.1301, 'intimidate': -0.1442, 'flee': -0.0282, 'help': 0.1746, 'report': 0.0845, 'trade': 0.0569, 'observe': 0.0047, 'idle': 0.0401}"
1626,npc_1626,smell_emitted,talk,0.1919,0.04299999999999998,87.03397820747138,0.13150413026572416,free,True,"{'talk': 0.1919, 'warn': 0.1489, 'intimidate': -0.3089, 'flee': -0.013, 'attack': -0.2305, 'help': 0.0793, 'report': 0.057, 'trade': 0.1248, 'observe': 0.0693, 'idle': 0.0515}"
1627,npc_1627,npc_proximity_close,idle,0.0,0.0923,5.363760841533716,0.7279308268928509,loyal,True,"{'talk': 0.0066, 'warn': 0.0073, 'intimidate': -0.0987, 'flee': -0.0892, 'help': -0.0074, 'report': 0.038, 'trade': 0.141, 'observe': 0.0487, 'idle': -0.0156}"
1628,npc_1628,npc_spoke,talk,0.2771,0.3729,73.70942162755799,0.25530766165336094,broken,False,"{'talk': 0.2771, 'flee': 0.1686, 'observe': 0.1105, 'idle': 0.2134, 'opp_attention_component': 0.0, 'opp_distance_component': 0.0, 'opp_weapon_component': 0.0, 'opp_allies_component': 0.0, 'opp_raw_score': 0.0, 'opp_threshold': 0.65}"
1629,npc_1629,PLAYER_ATTACKED,idle,0.2463,0.40370000000000006,85.8802885279082,0.6640471678416684,broken,True,"{'talk': 0.1594, 'flee': 0.16, 'observe': 0.066, 'idle': 0.2463, 'opp_attention_component': 0.0, 'opp_distance_component': 0.0, 'opp_weapon_component': 0.0, 'opp_allies_component': 0.0, 'opp_raw_score': 0.0, 'opp_threshold': 0.65}"
1630,npc_1630,intimidation,help,0.2913,0.032200000000000006,73.66607977956133,0.5961351131643143,free,True,"{'talk': 0.116, 'warn': 0.163, 'intimidate': 0.1937, 'flee': 0.094, 'attack': 0.1454, 'help': 0.2913, 'report': 0.2591, 'trade': 0.0478, 'observe': 0.0388, 'idle': 0.1528}"
1631,npc_1631,faction_event,warn,0.3192,0.06969999999999998,43.63768877563741,0.34091913542220076,deceptive,False,"{'talk': 0.1035, 'warn': 0.3192, 'intimidate': -0.2101, 'flee': 0.0007, 'attack': -0.3225, 'help': 0.0977, 'report': 0.2495, 'trade': 0.1294, 'observe': 0.0763, 'idle': 0.0877}"
1632,npc_1632,theft,warn,0.9667,0.12890000000000001,91.1266578553678,0.6795399821003933,coerced,False,"{'talk': 0.1819, 'warn': 0.9667, 'intimidate': -0.3429, 'flee': 0.05, 'attack': -0.2721, 'help': 0.1499, 'report': 0.8378, 'trade': -0.0223, 'observe': 0.135, 'idle': 0.0231}"
1633,npc_1633,intimidation,talk,0.4525,0.2573,79.03057358398293,0.3362118742445869,deceptive,True,"{'talk': 0.4525, 'warn': 0.1266, 'intimidate': -1.0, 'flee': 0.0831, 'attack': -1.0, 'help': 0.0481, 'report': 0.0796, 'trade': -0.0259, 'observe': 0.1952, 'idle': 0.1818}"
1634,npc_1634,npc_interacts_npc,trade,0.1863,0.1045,35.612137435844225,0.7438180787900773,loyal,True,"{'talk': -0.025, 'warn': 0.0818, 'intimidate': -0.0114, 'flee': -0.0423, 'help': 0.0292, 'report': 0.0026, 'trade': 0.1863, 'observe': 0.0096, 'idle': 0.0721}"
1635,npc_1635,combat,idle,0.4413,0.05770000000000003,58.3070950444889,0.8871669176684756,loyal,True,"{'talk': -0.0734, 'warn': 0.1238, 'intimidate': -0.0485, 'flee': 0.234, 'help': 0.0282, 'report': 0.0071, 'trade': 0.0901, 'observe': 0.3836, 'idle': 0.4413}"
1636,npc_1636,player_threatens,idle,0.2847,0.13140000000000002,79.00552806442359,0.09283462992330538,coerced,True,"{'talk': 0.1017, 'warn': -0.0139, 'intimidate': -1.0, 'flee': 0.1533, 'attack': -1.0, 'help': 0.0631, 'report': 0.124, 'trade': 0.1136, 'observe': 0.1438, 'idle': 0.2847}"
1637,npc_1637,intimidation,idle,0.1674,0.00949999999999998,90.96470549884359,0.5433431980052312,loyal,True,"{'talk': 0.1485, 'warn': -0.0312, 'intimidate': 0.0383, 'flee': -0.0125, 'help': 0.0907, 'report': 0.0355, 'trade': -0.0589, 'observe': 0.1579, 'idle': 0.1674}"
1638,npc_1638,object_destroyed,report,0.2471,0.00799999999999998,88.06780639538432,0.5436776074214698,free,True,"{'talk': 0.2391, 'warn': 0.1348, 'intimidate': -0.0849, 'flee': 0.1505, 'attack': -0.063, 'help': 0.1691, 'report': 0.2471, 'trade': -0.0494, 'observe': 0.2036, 'idle': 0.204}"
1639,npc_1639,npc_proximity_leave,idle,0.2381,0.026800000000000018,76.49838042740059,0.43409394775677523,loyal,True,"{'talk': 0.0012, 'warn': 0.2113, 'intimidate': -1.0, 'flee': 0.0647, 'help': 0.0892, 'report': 0.1361, 'trade': 0.1034, 'observe': 0.188, 'idle': 0.2381}"
1640,npc_1640,player_used_item,idle,0.0,0.014700000000000005,93.22640221556469,0.2172266541626905,loyal,True,"{'talk': 0.0108, 'warn': -0.033, 'intimidate': -0.2454, 'flee': 0.1108, 'help': -0.0433, 'report': 0.055, 'trade': 0.109, 'observe': 0.0298, 'idle': 0.1255}"
1641,npc_1641,player_used_item,idle,0.4596,0.221,84.68905654215762,0.2682689708893925,deceptive,True,"{'talk': 0.2386, 'warn': 0.0414, 'intimidate': -1.0, 'flee': 0.2194, 'attack': -1.0, 'help': 0.1491, 'report': -0.0226, 'trade': 0.0916, 'observe': 0.2089, 'idle': 0.4596}"
1642,npc_1642,intimidation,observe,0.2885,0.009199999999999986,13.640239288128663,0.18573881613698529,deceptive,True,"{'talk': 0.0192, 'warn': 0.0148, 'intimidate': -1.0, 'flee': 0.2793, 'attack': -1.0, 'help': -0.0235, 'report': 0.2517, 'trade': 0.1399, 'observe': 0.2885, 'idle': 0.2778}"
1643,npc_1643,idle,idle,0.3661,0.28390000000000004,96.36612409858549,0.9282423128597092,broken,True,"{'talk': 0.1159, 'flee': 0.0738, 'observe': 0.0896, 'idle': 0.3661, 'opp_attention_component': 0.0, 'opp_distance_component': 0.0, 'opp_weapon_component': 0.0, 'opp_allies_component': 0.0, 'opp_raw_score': 0.0, 'opp_threshold': 0.65}"
1644,npc_1644,faction_event,observe,0.1535,0.49650000000000005,84.97295657900025,0.7486109024210088,broken,True,"{'talk': -0.0033, 'flee': -0.0252, 'observe': 0.1535, 'idle': -0.0068, 'opp_attention_component': 0.0, 'opp_distance_component': 0.0, 'opp_weapon_component': 0.0, 'opp_allies_component': 0.0, 'opp_raw_score': 0.0, 'opp_threshold': 0.65}"
1645,npc_1645,player_attack,warn,0.2212,0.08680000000000002,17.757159503035957,0.9806854552402912,deceptive,True,"{'talk': -0.0236, 'warn': 0.2212, 'intimidate': -0.1211, 'flee': 0.1127, 'attack': -0.2237, 'help': 0.0534, 'report': 0.1344, 'trade': -0.0753, 'observe': -0.0013, 'idle': 0.0155}"
1646,npc_1646,betrayal,idle,0.0,0.5063,40.884791593302914,0.31659884660783455,broken,False,"{'talk': 0.0609, 'flee': 0.1437, 'observe': 0.0027, 'idle': 0.1066, 'opp_attention_component': 0.0, 'opp_distance_component': 0.0, 'opp_weapon_component': 0.0, 'opp_allies_component': 0.0, 'opp_raw_score': 0.0, 'opp_threshold': 0.65}"
1647,npc_1647,help,report,0.6531,0.04139999999999999,67.16181977916051,0.2791492054526262,loyal,False,"{'talk': 0.4665, 'warn': 0.6117, 'intimidate': -0.0975, 'flee': 0.3029, 'help': 0.3705, 'report': 0.6531, 'trade': 0.4902, 'observe': 0.2811, 'idle': 0.2319}"
1648,npc_1648,player_moved,warn,0.1504,0.055900000000000005,34.95717306370143,0.8334586316220737,deceptive,True,"{'talk': -0.0446, 'warn': 0.1504, 'intimidate': -0.0742, 'flee': -0.0068, 'attack': -0.214, 'help': 0.0945, 'report': 0.038, 'trade': -0.0191, 'observe': 0.0402, 'idle': 0.0228}"
1649,npc_1649,player_talks,idle,0.0,0.5355,82.16310679446202,0.0062390836142834916,broken,False,"{'talk': 0.0891, 'flee': 0.1145, 'observe': -0.009, 'idle': -0.0456, 'opp_attention_component': 0.0, 'opp_distance_component': 0.0, 'opp_weapon_component': 0.0, 'opp_allies_component': 0.0, 'opp_raw_score': 0.0, 'opp_threshold': 0.65}"
1650,npc_1650,dialogue,observe,0.4806,0.01720000000000005,82.31060837201886,0.23920676832218934,free,True,"{'talk': 0.0323, 'warn': -0.0138, 'intimidate': -1.0, 'flee': 0.1816, 'attack': -1.0, 'help': 0.1184, 'report': 0.0397, 'trade': 0.021, 'observe': 0.4806, 'idle': 0.4634}"
1651,npc_1651,player_asks_why,explain,1.0,1.0,90.4328177972303,0.022170658547579714,broken,True,{'explain': 1.0}
1652,npc_1652,player_attack,help,0.1882,0.1061,0.771629816072894,0.7483263227750265,deceptive,True,"{'talk': 0.0821, 'warn': 0.0546, 'intimidate': -0.4167, 'flee': 0.0632, 'attack': -0.3757, 'help': 0.1882, 'report': -0.0905, 'trade': 0.0453, 'observe': -0.0289, 'idle': 0.0561}"
1653,npc_1653,player_asks_why,explain,1.0,1.0,20.260943330968107,0.7994381323139429,coerced,True,{'explain': 1.0}
1654,npc_1654,object_changed,idle,0.2378,0.0378,14.528022602711744,0.03206721058417594,deceptive,True,"{'talk': -0.0022, 'warn': 0.1606, 'intimidate': -1.0, 'flee': 0.1213, 'attack': -1.0, 'help': 0.0218, 'report': 0.2, 'trade': 0.0463, 'observe': 0.1731, 'idle': 0.2378}"
1655,npc_1655,player_asks_why,explain,1.0,1.0,32.29938127852593,0.7790578701798834,loyal,True,{'explain': 1.0}
1656,npc_1656,PLAYER_ATTACKED,talk,0.4502,0.19980000000000003,0.28981534960784705,0.11951798502818067,broken,True,"{'talk': 0.4502, 'flee': 0.0721, 'observe': 0.0107, 'idle': 0.0656, 'opp_attention_component': 0.0, 'opp_distance_component': 0.0, 'opp_weapon_component': 0.0, 'opp_allies_component': 0.0, 'opp_raw_score': 0.0, 'opp_threshold': 0.65}"
1657,npc_1657,help,report,0.398,0.03340000000000004,16.961698645203814,0.22397477077400973,loyal,True,"{'talk': 0.2003, 'warn': 0.3646, 'intimidate': -0.1477, 'flee': 0.1614, 'help': 0.165, 'report': 0.398, 'trade': -0.0081, 'observe': 0.0637, 'idle': 0.165}"
1658,npc_1658,player_helpers,idle,0.498,0.009599999999999997,96.78723863469227,0.76347365007881,free,True,"{'flee': 0.0193, 'observe': 0.4884, 'idle': 0.498}"
1659,npc_1659,help,idle,0.1785,0.035500000000000004,49.95676504666348,0.25770000161739215,deceptive,True,"{'talk': 0.0938, 'warn': 0.0266, 'intimidate': -0.2016, 'flee': -0.059, 'attack': -0.0776, 'help': 0.0943, 'report': 0.1203, 'trade': -0.0462, 'observe': 0.143, 'idle': 0.1785}"
1660,npc_1660,PLAYER_SPOKE,warn,0.1767,0.0518,86.50043261697232,0.1799266030590867,loyal,True,"{'talk': 0.0941, 'warn': 0.1767, 'intimidate': -0.052, 'flee': 0.0802, 'help': -0.0141, 'report': 0.0528, 'trade': 0.1249, 'observe': 0.0508, 'idle': 0.1143}"
1661,npc_1661,movement,observe,0.2014,0.0,12.12810543262437,0.01996736779439323,loyal,True,"{'talk': -0.0111, 'warn': 0.0749, 'intimidate': -0.0989, 'flee': 0.0122, 'help': -0.047, 'report': 0.1122, 'trade': 0.1414, 'observe': 0.2014, 'idle': 0.2014}"
1662,npc_1662,idle,report,0.3021,0.04119999999999996,49.95941422156594,0.02412320930306433,loyal,True,"{'talk': 0.1778, 'warn': 0.2609, 'intimidate': -0.0035, 'flee': 0.1042, 'help': 0.1822, 'report': 0.3021, 'trade': 0.2182, 'observe': 0.0535, 'idle': 0.1495}"
1663,npc_1663,player_helpers,idle,0.343,0.05670000000000003,33.58515532821599,0.5998979949113759,deceptive,False,"{'talk': 0.0745, 'warn': 0.0226, 'intimidate': -0.5388, 'flee': 0.2035, 'attack': -0.5289, 'help': 0.0612, 'report': 0.0559, 'trade': 0.0952, 'observe': 0.2863, 'idle': 0.343}"
1664,npc_1664,world_tick,call_for_help,0.1677,0.010199999999999987,97.09343776453456,0.9274560416440137,deceptive,True,"{'talk': 0.0922, 'warn': -0.0453, 'intimidate': -0.1822, 'flee': 0.0292, 'attack': -0.0616, 'help': 0.0484, 'report': 0.0098, 'trade': -0.044, 'observe': 0.0307, 'block_path': 0.0827, 'ambush': 0.0302, 'seek_ally': -0.0049, 'offer_job': 0.0005, 'request_service': 0.0635, 'spread_rumor': 0.1575, 'call_for_help': 0.1677, 'change_role': 0.155, 'idle': -0.0759}"
1665,npc_1665,player_talks,idle,0.2569,0.1126,12.064766549316586,0.7269383333372885,deceptive,True,"{'talk': 0.1441, 'warn': 0.1443, 'intimidate': -1.0, 'flee': 0.1416, 'attack': -1.0, 'help': 0.1344, 'report': 0.1402, 'trade': 0.0191, 'observe': 0.1344, 'idle': 0.2569}"
1666,npc_1666,PLAYER_ATTACKED,warn,0.5652,0.10660000000000003,60.44104663930005,0.17744375281533553,free,False,"{'talk': 0.437, 'warn': 0.5652, 'intimidate': -0.1525, 'flee': 0.1675, 'attack': -0.287, 'help': 0.4586, 'report': 0.4006, 'trade': 0.3274, 'observe': 0.156, 'idle': 0.1924}"
1667,npc_1667,weather_changed,trade,0.1777,0.023900000000000005,18.914908327772363,0.21288752278025147,loyal,True,"{'talk': 0.0239, 'warn': -0.0531, 'intimidate': -0.1955, 'flee': 0.0095, 'help': -0.0166, 'report': -0.0578, 'trade': 0.1777, 'observe': 0.0476, 'idle': 0.1538}"
1668,npc_1668,time_passed,observe,0.4248,0.04880000000000001,5.326328527742207,0.5488605868526137,deceptive,False,"{'talk': 0.3707, 'warn': 0.1524, 'intimidate': -1.0, 'flee': 0.376, 'attack': -1.0, 'help': 0.2359, 'report': 0.0639, 'trade': 0.1327, 'observe': 0.4248, 'idle': 0.2698}"
1669,npc_1669,player_interacts,observe,0.6372,0.3621,8.27040630615964,0.33564710546780707,coerced,True,"{'talk': 0.232, 'warn': 0.074, 'intimidate': -1.0, 'flee': 0.0162, 'attack': -1.0, 'help': -0.0548, 'report': 0.0246, 'trade': 0.1018, 'observe': 0.6372, 'idle': 0.2751}"
1670,npc_1670,movement,observe,0.4297,0.2203,30.065559002637865,0.3012681246674277,broken,True,"{'talk': 0.1006, 'flee': 0.2347, 'observe': 0.4297, 'idle': 0.3385, 'opp_attention_component': 0.0, 'opp_distance_component': 0.0, 'opp_weapon_component': 0.0, 'opp_allies_component': 0.0, 'opp_raw_score': 0.0, 'opp_threshold': 0.65}"
1671,npc_1671,player_insults,idle,0.0,0.5657,73.30728827954654,0.8546431315925707,broken,True,"{'talk': -0.0423, 'flee': -0.0064, 'observe': 0.0843, 'idle': 0.0446, 'opp_attention_component': 0.0, 'opp_distance_component': 0.0, 'opp_weapon_component': 0.0, 'opp_allies_component': 0.0, 'opp_raw_score': 0.0, 'opp_threshold': 0.65}"
1672,npc_1672,player_helpers,warn,0.5095,0.09179999999999994,22.78292460293376,0.2725860645325665,free,False,"{'talk': 0.3645, 'warn': 0.5095, 'intimidate': -0.0657, 'flee': 0.3047, 'attack': -0.1468, 'help': 0.4177, 'report': 0.4105, 'trade': 0.1462, 'observe': 0.2709, 'idle': 0.3932}"
1673,npc_1673,npc_proximity_leave,report,0.5155,0.03069999999999995,85.08006671411654,0.8772913414267793,loyal,False,"{'talk': 0.4848, 'warn': 0.4634, 'intimidate': -0.1242, 'flee': 0.371, 'help': 0.4664, 'report': 0.5155, 'trade': 0.2772, 'observe': 0.2104, 'idle': 0.2437}"
1674,npc_1674,player_cast_spell,observe,0.5991,0.10929999999999995,3.7583722584628387,0.3956215981633262,deceptive,True,"{'talk': -0.0527, 'warn': 0.1088, 'intimidate': -1.0, 'flee': 0.1169, 'attack': -1.0, 'help': 0.0, 'report': 0.0317, 'trade': 0.0713, 'observe': 0.5991, 'idle': 0.4898}"
1675,npc_1675,theft,warn,0.6472,0.02629999999999999,34.168260327762944,0.7091951943618547,coerced,True,"{'talk': 0.1425, 'warn': 0.6472, 'intimidate': -0.322, 'flee': 0.0389, 'attack': -0.2244, 'help': 0.0784, 'report': 0.6209, 'trade': 0.0808, 'observe': 0.1841, 'idle': 0.1471}"
1676,npc_1676,player_cast_spell,talk,0.1598,0.014800000000000008,5.063636166692209,0.9263378126224908,free,False,"{'talk': 0.1598, 'warn': 0.0551, 'intimidate': -0.4211, 'flee': 0.1428, 'attack': -0.3877, 'help': 0.1037, 'report': 0.0797, 'trade': 0.145, 'observe': 0.0176, 'idle': 0.0768}"
1677,npc_1677,theft,observe,0.2993,0.04520000000000002,39.93600239409134,0.6073727632867914,free,True,"{'talk': 0.1487, 'warn': 0.2348, 'intimidate': -0.2265, 'flee': 0.1773, 'attack': -0.2654, 'help': -0.0048, 'report': 0.2541, 'trade': 0.198, 'observe': 0.2993, 'idle': 0.2165}"
1678,npc_1678,player_moved,talk,0.3227,0.14909999999999998,55.19252502662899,0.6669827354938561,loyal,True,"{'talk': 0.3227, 'warn': -0.0229, 'intimidate': -0.1189, 'flee': 0.0184, 'help': 0.1397, 'report': -0.0122, 'trade': 0.0497, 'observe': 0.0974, 'idle': 0.1736}"
1679,npc_1679,player_used_item,idle,0.4406,0.17559999999999998,27.03347094638434,0.006839847200212246,loyal,True,"{'talk': 0.1705, 'warn': 0.0794, 'intimidate': -0.128, 'flee': 0.15, 'help': 0.0466, 'report': 0.0633, 'trade': -0.0264, 'observe': 0.265, 'idle': 0.4406}"
1680,npc_1680,player_insults,observe,0.293,0.35700000000000004,10.807263441551173,0.051641126120685166,broken,True,"{'talk': 0.0772, 'flee': 0.081, 'observe': 0.293, 'idle': 0.2364, 'opp_attention_component': 0.0, 'opp_distance_component': 0.0, 'opp_weapon_component': 0.0, 'opp_allies_component': 0.0, 'opp_raw_score': 0.0, 'opp_threshold': 0.65}"
1681,npc_1681,PLAYER_ATTACKED,idle,0.5679,0.22309999999999997,12.4624254161812,0.6680247659008857,free,True,"{'talk': 0.087, 'warn': 0.2646, 'intimidate': -1.0, 'flee': 0.1943, 'attack': -1.0, 'help': 0.0739, 'report': 0.1259, 'trade': 0.2182, 'observe': 0.3448, 'idle': 0.5679}"
1682,npc_1682,faction_event,idle,0.3323,0.01749999999999996,51.73823782402679,0.3593039244610231,loyal,True,"{'talk': 0.1569, 'warn': 0.098, 'intimidate': -1.0, 'flee': 0.0345, 'help': 0.0007, 'report': -0.0038, 'trade': 0.0918, 'observe': 0.3148, 'idle': 0.3323}"
1683,npc_1683,npc_moved,observe,0.1622,0.4878,62.97319027982364,0.9949910502093848,broken,True,"{'talk': -0.0457, 'flee': 0.0705, 'observe': 0.1622, 'idle': 0.1399, 'opp_attention_component': 0.0, 'opp_distance_component': 0.0, 'opp_weapon_component': 0.0, 'opp_allies_component': 0.0, 'opp_raw_score': 0.0, 'opp_threshold': 0.65}"
1684,npc_1684,weather_changed,idle,0.174,0.07319999999999999,70.83282872672308,0.9713410924306561,deceptive,True,"{'talk': 0.0866, 'warn': -0.0862, 'intimidate': -0.1035, 'flee': -0.0762, 'attack': -0.1379, 'help': -0.0302, 'report': 0.0456, 'trade': 0.1008, 'observe': -0.0058, 'idle': 0.174}"
1685,npc_1685,player_insults,report,0.2441,0.012900000000000023,85.44735392409754,0.8038963359171708,deceptive,True,"{'talk': -0.0057, 'warn': 0.207, 'intimidate': 0.145, 'flee': 0.0534, 'attack': 0.2152, 'help': 0.0394, 'report': 0.2441, 'trade': 0.0377, 'observe': 0.1476, 'idle': 0.2312}"
1686,npc_1686,unknown,idle,0.5911,0.05879999999999996,75.24557391100977,0.2339335499773182,coerced,True,"{'talk': 0.0937, 'warn': 0.1246, 'intimidate': -1.0, 'flee': 0.1073, 'attack': -1.0, 'help': 0.0796, 'report': 0.2748, 'trade': 0.203, 'observe': 0.5323, 'idle': 0.5911}"
1687,npc_1687,smell_emitted,warn,0.2038,0.046500000000000014,42.647932854274536,0.7375937396184662,coerced,True,"{'talk': 0.0249, 'warn': 0.2038, 'intimidate': -0.1784, 'flee': 0.0485, 'attack': -0.0298, 'help': 0.1093, 'report': 0.1573, 'trade': 0.0821, 'observe': 0.0749, 'idle': 0.0985}"
1688,npc_1688,player_threatens,talk,0.2163,0.43370000000000003,8.087495454252258,0.7071088959841375,broken,False,"{'talk': 0.2163, 'flee': 0.058, 'observe': 0.0889, 'idle': -0.0093, 'opp_attention_component': 0.0, 'opp_distance_component': 0.0, 'opp_weapon_component': 0.0, 'opp_allies_component': 0.0, 'opp_raw_score': 0.0, 'opp_threshold': 0.65}"
1689,npc_1689,player_cast_spell,observe,0.2034,0.04139999999999999,50.45687736283884,0.7686969494126195,free,True,"{'talk': 0.0635, 'warn': 0.0009, 'intimidate': -0.042, 'flee': -0.0016, 'attack': 0.0036, 'help': 0.0623, 'report': -0.082, 'trade': 0.0397, 'observe': 0.2034, 'idle': 0.162}"
1690,npc_1690,proximity_close,idle,0.2741,0.016900000000000026,10.082162317741272,0.7079820337486936,loyal,False,"{'talk': 0.143, 'warn': 0.2496, 'intimidate': -1.0, 'flee': 0.1391, 'help': 0.0206, 'report': 0.2572, 'trade': -0.0452, 'observe': 0.1376, 'idle': 0.2741}"
1691,npc_1691,faction_event,report,0.5949,0.08389999999999997,23.039251549040507,0.22937840522753283,loyal,False,"{'talk': 0.0657, 'warn': 0.511, 'intimidate': -0.2719, 'flee': 0.3007, 'help': 0.1873, 'report': 0.5949, 'trade': 0.3028, 'observe': 0.1544, 'idle': 0.1821}"
1692,npc_1692,player_threatens,idle,0.3107,0.035699999999999954,78.68459657567801,0.03953837598150145,coerced,True,"{'talk': 0.275, 'warn': 0.0506, 'intimidate': 0.0791, 'flee': 0.0245, 'attack': -0.0011, 'help': 0.1322, 'report': 0.1103, 'trade': 0.0785, 'observe': 0.1905, 'idle': 0.3107}"
1693,npc_1693,smell_emitted,warn,0.3872,0.007599999999999996,44.31202913949159,0.8773259381877478,free,False,"{'talk': 0.3737, 'warn': 0.3872, 'intimidate': -0.3276, 'flee': 0.1002, 'attack': -0.2754, 'help': 0.1885, 'report': 0.3796, 'trade': 0.266, 'observe': 0.1539, 'idle': 0.0482}"
1694,npc_1694,player_insults,report,0.6265,0.13389999999999996,99.05323310794289,0.5350390337695822,coerced,False,"{'talk': 0.3854, 'warn': 0.4926, 'intimidate': 0.3949, 'flee': 0.2752, 'attack': 0.2964, 'help': 0.3433, 'report': 0.6265, 'trade': 0.1012, 'observe': 0.271, 'idle': 0.3746}"
1695,npc_1695,betrayal,trade,0.3232,0.07649999999999998,29.784029384807976,0.6775102394628116,coerced,False,"{'talk': 0.2077, 'warn': 0.1282, 'intimidate': -0.5779, 'flee': 0.2044, 'attack': -0.488, 'help': 0.1593, 'report': 0.0423, 'trade': 0.3232, 'observe': 0.2467, 'idle': 0.2246}"
1696,npc_1696,faction_event,idle,0.0,0.019100000000000006,44.56150952095499,0.7594882850664173,loyal,True,"{'talk': -0.074, 'warn': 0.0786, 'intimidate': -0.1485, 'flee': -0.0153, 'help': 0.0246, 'report': -0.0329, 'trade': -0.0521, 'observe': -0.0713, 'idle': 0.0595}"
1697,npc_1697,PLAYER_SPOKE,trade,0.2593,0.05799999999999997,10.447350921770704,0.044984473323744445,deceptive,False,"{'talk': 0.0018, 'warn': 0.0581, 'intimidate': -0.3363, 'flee': 0.0398, 'attack': -0.3607, 'help': 0.1167, 'report': 0.0479, 'trade': 0.2593, 'observe': 0.0446, 'idle': 0.2013}"
1698,npc_1698,player_talks,talk,0.3526,0.07070000000000004,68.46325299215302,0.9600966673891299,deceptive,True,"{'talk': 0.3526, 'warn': 0.0924, 'intimidate': -1.0, 'flee': 0.0103, 'attack': -1.0, 'help': 0.0746, 'report': 0.06, 'trade': 0.0015, 'observe': 0.2328, 'idle': 0.2819}"
1699,npc_1699,movement,idle,0.4907,0.36060000000000003,49.11065282189795,0.37106533247804796,loyal,True,"{'talk': 0.0588, 'warn': 0.1036, 'intimidate': -0.2965, 'flee': 0.0528, 'help': 0.0525, 'report': 0.1151, 'trade': 0.0401, 'observe': 0.1301, 'idle': 0.4907}"
1700,npc_1700,player_helpers,report,0.201,0.0031000000000000194,3.8834857008686163,0.3190851311503543,deceptive,False,"{'talk': 0.0802, 'warn': 0.1979, 'intimidate': -0.2408, 'flee': 0.102, 'attack': -0.3192, 'help': 0.0121, 'report': 0.201, 'trade': 0.0786, 'observe': 0.0204, 'idle': 0.1081}"
1701,npc_1701,help,observe,0.3003,0.0237,24.797506352051002,0.8763727730844914,loyal,True,"{'talk': 0.1642, 'warn': -0.0751, 'intimidate': -1.0, 'flee': 0.1044, 'help': 0.1402, 'report': -0.0024, 'trade': 0.0475, 'observe': 0.3003, 'idle': 0.2766}"
1702,npc_1702,combat,idle,0.5841,0.08829999999999993,58.352920549139576,0.3162001241122374,deceptive,True,"{'talk': -0.0697, 'warn': 0.1212, 'intimidate': -1.0, 'flee': 0.2723, 'attack': -1.0, 'help': 0.0796, 'report': 0.2257, 'trade': 0.213, 'observe': 0.4958, 'idle': 0.5841}"
1703,npc_1703,player_attacks,observe,0.3071,0.054400000000000004,5.516981845187418,0.648880886645931,coerced,True,"{'talk': 0.2454, 'warn': 0.1926, 'intimidate': -0.2065, 'flee': 0.0644, 'attack': -0.2798, 'help': 0.0609, 'report': 0.2163, 'trade': 0.111, 'observe': 0.3071, 'idle': 0.2527}"
1704,npc_1704,dialogue,warn,0.5312,0.02749999999999997,97.49545676516969,0.03128360018333187,coerced,False,"{'talk': 0.288, 'warn': 0.5312, 'intimidate': -0.0941, 'flee': 0.3306, 'attack': -0.1948, 'help': 0.3164, 'report': 0.5037, 'trade': 0.4466, 'observe': 0.3369, 'idle': 0.2495}"
1705,npc_1705,player_interacts,idle,0.2316,0.4184,53.74148614171933,0.09477835850872685,broken,True,"{'talk': 0.1093, 'flee': 0.0461, 'observe': 0.1782, 'idle': 0.2316, 'opp_attention_component': 0.0, 'opp_distance_component': 0.0, 'opp_weapon_component': 0.0, 'opp_allies_component': 0.0, 'opp_raw_score': 0.0, 'opp_threshold': 0.65}"
1706,npc_1706,PLAYER_SPOKE,idle,0.0,0.025899999999999992,47.00189611476975,0.11747030542850989,free,True,"{'talk': 0.0998, 'warn': 0.094, 'intimidate': -0.0942, 'flee': 0.0688, 'attack': -0.1325, 'help': -0.0729, 'report': 0.144, 'trade': 0.024, 'observe': 0.0952, 'idle': 0.1181}"
1707,npc_1707,proximity_close,talk,0.5227,0.20360000000000006,56.62946849456249,0.8921421189335512,free,True,"{'talk': 0.5227, 'warn': -0.0234, 'intimidate': -0.118, 'flee': 0.0483, 'attack': -0.0695, 'help': 0.132, 'report': 0.1271, 'trade': 0.0993, 'observe': 0.3191, 'idle': 0.2756}"
1708,npc_1708,idle,warn,0.2954,0.033299999999999996,28.362980087932964,0.12121197659732474,coerced,False,"{'talk': 0.0478, 'warn': 0.2954, 'intimidate': -0.3062, 'flee': 0.0231, 'attack': -0.3569, 'help': 0.0713, 'report': 0.2621, 'trade': 0.0788, 'observe': 0.1189, 'idle': -0.0313}"
1709,npc_1709,object_destroyed,talk,0.332,0.318,46.371642028692165,0.4746295441453866,broken,True,"{'talk': 0.332, 'flee': -0.0332, 'observe': 0.0964, 'idle': 0.0313, 'opp_attention_component': 0.0, 'opp_distance_component': 0.0, 'opp_weapon_component': 0.0, 'opp_allies_component': 0.0, 'opp_raw_score': 0.0, 'opp_threshold': 0.65}"
1710,npc_1710,npc_spoke,report,0.3952,0.11099999999999999,87.53392148718507,0.07303949312581881,free,False,"{'talk': 0.0225, 'warn': 0.2842, 'intimidate': -0.1604, 'flee': 0.0221, 'attack': -0.2853, 'help': 0.0588, 'report': 0.3952, 'trade': 0.0789, 'observe': -0.0531, 'idle': 0.0638}"
1711,npc_1711,intimidation,idle,0.4237,0.014400000000000024,17.65362104429854,0.16395017986542704,deceptive,True,"{'talk': 0.4093, 'warn': 0.0155, 'intimidate': -1.0, 'flee': 0.122, 'attack': -1.0, 'help': 0.0768, 'report': 0.107, 'trade': 0.0405, 'observe': 0.3642, 'idle': 0.4237}"
1712,npc_1712,player_attack,observe,0.5826,0.1961,57.0875419046154,0.14166906783794675,free,True,"{'talk': 0.0523, 'warn': -0.0386, 'intimidate': -1.0, 'flee': 0.1003, 'attack': -1.0, 'help': -0.0271, 'report': 0.1254, 'trade': 0.1523, 'observe': 0.5826, 'idle': 0.3865}"
1713,npc_1713,npc_spoke,observe,0.1604,0.016199999999999992,53.385755499054774,0.8170275751657713,free,True,"{'talk': 0.1442, 'warn': 0.0985, 'intimidate': 0.0276, 'flee': 0.0338, 'attack': 0.0402, 'help': 0.0568, 'report': -0.0211, 'trade': 0.0731, 'observe': 0.1604, 'idle': 0.1307}"
1714,npc_1714,npc_state_changed,warn,0.5069,0.1724,3.0259827793115757,0.3161522525964017,loyal,False,"{'talk': 0.228, 'warn': 0.5069, 'intimidate': -0.2745, 'flee': 0.1035, 'help': 0.2199, 'report': 0.3345, 'trade': 0.1727, 'observe': 0.0805, 'idle': 0.1685}"
1715,npc_1715,idle,trade,0.1752,0.006099999999999994,48.24236650251746,0.5654937505015607,loyal,True,"{'talk': -0.073, 'warn': 0.1242, 'intimidate': -0.2212, 'flee': 0.1109, 'help': -0.034, 'report': 0.1664, 'trade': 0.1752, 'observe': 0.1691, 'idle': 0.0727}"
1716,npc_1716,movement,idle,0.394,0.07750000000000001,45.74744654011311,0.4968390871780889,loyal,True,"{'talk': 0.1101, 'warn': 0.09, 'intimidate': -0.1338, 'flee': 0.0164, 'help': 0.0408, 'report': 0.0321, 'trade': -0.0023, 'observe': 0.3165, 'idle': 0.394}"
1717,npc_1717,player_moved,report,0.2713,0.07249999999999998,73.11389684536717,0.75566608037159,loyal,True,"{'talk': 0.1607, 'warn': 0.0836, 'intimidate': -0.1006, 'flee': 0.1608, 'help': 0.0289, 'report': 0.2713, 'trade': -0.0065, 'observe': 0.0817, 'idle': 0.1988}"
1718,npc_1718,player_threatens,talk,0.2409,0.005400000000000016,77.3851477032689,0.6490848125907177,loyal,True,"{'talk': 0.2409, 'warn': 0.128, 'intimidate': 0.1357, 'flee': 0.1396, 'help': 0.0062, 'report': 0.2355, 'trade': 0.1461, 'observe': 0.0373, 'idle': 0.0806}"
1719,npc_1719,npc_state_changed,idle,0.0,0.5223,9.080537249414744,0.26459532655707607,broken,True,"{'talk': -0.0469, 'flee': 0.0852, 'observe': 0.08, 'idle': 0.1277, 'opp_attention_component': 0.0, 'opp_distance_component': 0.0, 'opp_weapon_component': 0.0, 'opp_allies_component': 0.0, 'opp_raw_score': 0.0, 'opp_threshold': 0.65}"
1720,npc_1720,PLAYER_SPOKE,report,0.3454,0.246,70.96305554664272,0.6587474927382182,free,True,"{'talk': 0.0205, 'warn': 0.0994, 'intimidate': -0.148, 'flee': -0.0735, 'attack': -0.1443, 'help': 0.0211, 'report': 0.3454, 'trade': 0.0652, 'observe': -0.0153, 'idle': -0.0499}"
1721,npc_1721,object_moved,idle,0.0,0.05389999999999999,71.04920896172466,0.04043492882076605,deceptive,True,"{'talk': 0.0127, 'warn': -0.0647, 'intimidate': -0.1251, 'flee': 0.0273, 'attack': -0.1197, 'help': 0.0232, 'report': 0.042, 'trade': -0.0107, 'observe': 0.147, 'idle': 0.0931}"
1722,npc_1722,world_tick,talk,0.2054,0.4446,71.845852287934,0.649849402099502,broken,True,"{'talk': 0.2054, 'flee': 0.0586, 'observe': 0.1509, 'idle': 0.0978, 'opp_attention_component': 0.0, 'opp_distance_component': 0.0, 'opp_weapon_component': 0.0, 'opp_allies_component': 0.0, 'opp_raw_score': 0.0, 'opp_threshold': 0.65}"
1723,npc_1723,object_moved,idle,0.4151,0.2214,21.702296220253146,0.9947795709985887,coerced,True,"{'talk': 0.1322, 'warn': 0.1323, 'intimidate': -0.0798, 'flee': 0.1937, 'attack': -0.0816, 'help': 0.1424, 'report': 0.1732, 'trade': 0.0376, 'observe': 0.1659, 'idle': 0.4151}"
1724,npc_1724,help,idle,0.4838,0.4112,6.771223438873641,0.25138103182434524,loyal,True,"{'talk': 0.0726, 'warn': -0.0325, 'intimidate': -1.0, 'flee': -0.0062, 'help': -0.004, 'report': -0.0242, 'trade': -0.0093, 'observe': -0.0229, 'idle': 0.4838}"
1725,npc_1725,player_moved,report,0.7312,0.13459999999999994,35.60963286572334,0.19454541106144585,coerced,False,"{'talk': 0.0198, 'warn': 0.5966, 'intimidate': -1.0, 'flee': 0.3984, 'attack': -1.0, 'help': -0.0253, 'report': 0.7312, 'trade': 0.411, 'observe': 0.3713, 'idle': 0.2891}"
1726,npc_1726,object_destroyed,idle,0.58,0.48839999999999995,94.13414901914817,0.05167129556628658,coerced,True,"{'flee': 0.0844, 'observe': 0.0916, 'idle': 0.58}"
1727,npc_1727,npc_spoke,report,0.3318,0.01749999999999996,2.751919299941541,0.8714110192404843,free,True,"{'talk': 0.224, 'warn': 0.3143, 'intimidate': -0.2168, 'flee': 0.041, 'attack': -0.189, 'help': 0.0629, 'report': 0.3318, 'trade': 0.1109, 'observe': 0.1122, 'idle': 0.2493}"
1728,npc_1728,npc_proximity_close,help,0.5638,0.06679999999999997,51.609437705264384,0.4602440249977888,loyal,False,"{'talk': 0.497, 'warn': 0.0294, 'intimidate': -0.4711, 'flee': 0.3321, 'help': 0.5638, 'report': -0.0175, 'trade': 0.0804, 'observe': 0.1809, 'idle': 0.3461}"
1729,npc_1729,player_threatens,idle,0.3641,0.15569999999999998,12.17640336365765,0.44370184476105023,deceptive,True,"{'talk': 0.0021, 'warn': 0.2084, 'intimidate': 0.031, 'flee': -0.0254, 'attack': 0.2073, 'help': 0.0743, 'report': 0.128, 'trade': 0.1651, 'observe': 0.0145, 'idle': 0.3641}"
1730,npc_1730,npc_proximity_leave,observe,0.397,0.0025000000000000022,82.88450532312079,0.3908265412770322,deceptive,True,"{'talk': 0.1381, 'warn': 0.0357, 'intimidate': -0.0753, 'flee': 0.0782, 'attack': -0.161, 'help': -0.0068, 'report': 0.1777, 'trade': 0.0873, 'observe': 0.397, 'idle': 0.3945}"
1731,npc_1731,betrayal,idle,0.3829,0.252,32.39527040221135,0.25925033469993575,free,True,"{'talk': -0.0129, 'warn': 0.0713, 'intimidate': -1.0, 'flee': 0.1222, 'attack': -1.0, 'help': 0.1309, 'report': 0.0089, 'trade': 0.0728, 'observe': -0.0271, 'idle': 0.3829}"
1732,npc_1732,player_used_item,idle,0.0,0.5679000000000001,55.59127695441746,0.6949758709927291,broken,True,"{'talk': 0.0233, 'flee': -0.0717, 'observe': 0.0821, 'idle': -0.0457, 'opp_attention_component': 0.0, 'opp_distance_component': 0.0, 'opp_weapon_component': 0.0, 'opp_allies_component': 0.0, 'opp_raw_score': 0.0, 'opp_threshold': 0.65}"
1733,npc_1733,proximity_close,flee,0.3741,0.02849999999999997,62.48142438840125,0.611150159632918,deceptive,True,"{'talk': 0.006, 'warn': 0.1414, 'intimidate': -1.0, 'flee': 0.3741, 'attack': -1.0, 'help': 0.1259, 'report': 0.0795, 'trade': 0.251, 'observe': 0.2711, 'idle': 0.3456}"
1734,npc_1734,player_helpers,talk,0.539,0.3158,98.6566133324046,0.4403958693351071,deceptive,True,"{'talk': 0.539, 'warn': 0.2014, 'intimidate': -0.0341, 'flee': 0.0026, 'attack': -0.0358, 'help': 0.1325, 'report': 0.2232, 'trade': 0.1172, 'observe': 0.1396, 'idle': 0.1348}"
1735,npc_1735,player_talks,warn,0.5124,0.11769999999999997,66.82303173022555,0.9528291837002545,deceptive,False,"{'talk': 0.3694, 'warn': 0.5124, 'intimidate': -1.0, 'flee': 0.3115, 'attack': -1.0, 'help': 0.253, 'report': 0.3947, 'trade': -0.0187, 'observe': 0.2187, 'idle': 0.2463}"
1736,npc_1736,npc_spoke,idle,0.3292,0.32080000000000003,34.892640849703284,0.1418615036132881,broken,True,"{'talk': 0.1536, 'flee': 0.1876, 'observe': 0.0501, 'idle': 0.3292, 'opp_attention_component': 0.0, 'opp_distance_component': 0.0, 'opp_weapon_component': 0.0, 'opp_allies_component': 0.0, 'opp_raw_score': 0.0, 'opp_threshold': 0.65}"
1737,npc_1737,saved_life,idle,0.2678,0.02419999999999997,3.0826152877394986,0.8211536549792829,deceptive,True,"{'talk': -0.0667, 'warn': 0.0928, 'intimidate': -1.0, 'flee': 0.1349, 'attack': -1.0, 'help': 0.0521, 'report': 0.0796, 'trade': 0.0633, 'observe': 0.2436, 'idle': 0.2678}"
1738,npc_1738,npc_proximity_close,flee,0.1757,0.47430000000000005,80.12681383155994,0.2723557571965557,broken,True,"{'talk': 0.1197, 'flee': 0.1757, 'observe': 0.12, 'idle': 0.1703, 'opp_attention_component': 0.0, 'opp_distance_component': 0.0, 'opp_weapon_component': 0.0, 'opp_allies_component': 0.0, 'opp_raw_score': 0.0, 'opp_threshold': 0.65}"
1739,npc_1739,help,warn,0.3533,0.0403,72.82087850341924,0.2383615784625258,deceptive,True,"{'talk': 0.2228, 'warn': 0.3533, 'intimidate': -1.0, 'flee': 0.1925, 'attack': -1.0, 'help': 0.1838, 'report': 0.285, 'trade': 0.1613, 'observe': 0.1421, 'idle': 0.313}"
1740,npc_1740,faction_event,talk,0.3775,0.2725,76.03129337669453,0.2740537834937864,broken,True,"{'talk': 0.3775, 'flee': 0.1107, 'observe': 0.2725, 'idle': 0.2587, 'opp_attention_component': 0.0, 'opp_distance_component': 0.0, 'opp_weapon_component': 0.0, 'opp_allies_component': 0.0, 'opp_raw_score': 0.0, 'opp_threshold': 0.65}"
1741,npc_1741,object_moved,trade,0.2454,0.014899999999999997,71.3757106801888,0.8010046893667643,coerced,False,"{'talk': 0.2305, 'warn': -0.0104, 'intimidate': -0.5605, 'flee': 0.0116, 'attack': -0.5728, 'help': 0.1493, 'report': -0.0897, 'trade': 0.2454, 'observe': 0.0646, 'idle': -0.0337}"
1742,npc_1742,player_threatens,talk,0.2629,0.3871,92.29955358845456,0.7950686624868034,broken,False,"{'talk': 0.2629, 'flee': 0.0616, 'observe': 0.0533, 'idle': 0.0333, 'opp_attention_component': 0.0, 'opp_distance_component': 0.0, 'opp_weapon_component': 0.0, 'opp_allies_component': 0.0, 'opp_raw_score': 0.0, 'opp_threshold': 0.65}"
1743,npc_1743,combat,idle,0.8252,0.7631,37.05831128371595,0.7869103760960527,deceptive,True,"{'talk': -0.0112, 'warn': 0.0232, 'intimidate': -1.0, 'flee': -0.0332, 'attack': -1.0, 'help': -0.0262, 'report': 0.0621, 'trade': 0.0328, 'observe': 0.0568, 'idle': 0.8252}"
1744,npc_1744,player_interacts,talk,0.6997,0.2697,84.98682054933954,0.32953227222311343,coerced,False,"{'talk': 0.6997, 'warn': 0.079, 'intimidate': -0.528, 'flee': -0.1936, 'attack': -0.4217, 'help': 0.391, 'report': 0.1708, 'trade': 0.2237, 'observe': 0.43, 'idle': 0.2527}"
1745,npc_1745,world_tick,idle,0.2254,0.043999999999999984,14.174319182791761,0.6998315792829584,free,True,"{'talk': -0.0037, 'warn': 0.0517, 'intimidate': -1.0, 'flee': 0.0144, 'attack': -1.0, 'help': 0.0386, 'report': -0.008, 'trade': 0.0107, 'observe': 0.0231, 'block_path': 0.1814, 'ambush': 0.1683, 'seek_ally': 0.0812, 'offer_job': 0.0074, 'request_service': -0.0244, 'spread_rumor': 0.1697, 'call_for_help': 0.0185, 'change_role': 0.1353, 'idle': 0.2254}"
1746,npc_1746,smell_emitted,idle,0.5967,0.07899999999999996,30.52899346864638,0.5841562527226135,free,True,"{'talk': 0.2605, 'warn': -0.007, 'intimidate': -1.0, 'flee': 0.2184, 'attack': -1.0, 'help': 0.0529, 'report': 0.0433, 'trade': 0.1621, 'observe': 0.5177, 'idle': 0.5967}"
1747,npc_1747,intimidation,idle,0.2783,0.053299999999999986,26.284511885481997,0.5017674753947338,loyal,True,"{'talk': 0.0535, 'warn': 0.225, 'intimidate': 0.0774, 'flee': 0.0086, 'help': 0.0648, 'report': 0.1253, 'trade': 0.0057, 'observe': 0.096, 'idle': 0.2783}"
1748,npc_1748,npc_spoke,idle,0.4734,0.2935,21.112092820839013,0.5718701472855723,loyal,True,"{'talk': -0.0631, 'warn': 0.1548, 'intimidate': -1.0, 'flee': 0.1333, 'help': 0.0429, 'report': 0.0124, 'trade': 0.1799, 'observe': 0.1741, 'idle': 0.4734}"
1749,npc_1749,betrayal,help,0.2579,0.034400000000000014,66.42945129449369,0.9234236563806717,deceptive,False,"{'talk': 0.207, 'warn': 0.1724, 'intimidate': -0.3111, 'flee': -0.0133, 'attack': -0.4272, 'help': 0.2579, 'report': 0.103, 'trade': 0.2235, 'observe': 0.0122, 'idle': -0.0583}"
1750,npc_1750,object_moved,idle,0.3548,0.11910000000000001,59.19111683661207,0.9358589614680427,deceptive,True,"{'talk': 0.0096, 'warn': 0.2357, 'intimidate': -0.0733, 'flee': 0.0604, 'attack': -0.0287, 'help': 0.0897, 'report': 0.0754, 'trade': 0.0699, 'observe': 0.2226, 'idle': 0.3548}"
1751,npc_1751,player_threatens,trade,0.4841,0.1725,81.31902149101965,0.7866263240337971,coerced,False,"{'talk': -0.0495, 'warn': 0.2311, 'intimidate': 0.2989, 'flee': 0.0174, 'attack': 0.2236, 'help': -0.0364, 'report': 0.3116, 'trade': 0.4841, 'observe': 0.1493, 'idle': 0.063}"
1752,npc_1752,player_attack,observe,0.4871,0.011199999999999988,17.1521870987563,0.2706619383176596,coerced,False,"{'talk': 0.0245, 'warn': 0.2894, 'intimidate': -1.0, 'flee': 0.4759, 'attack': -1.0, 'help': 0.1319, 'report': 0.3934, 'trade': 0.3709, 'observe': 0.4871, 'idle': 0.3476}"
1753,npc_1753,npc_proximity_close,warn,0.2096,0.044300000000000006,12.822673710459942,0.9544095268585924,free,True,"{'talk': 0.1577, 'warn': 0.2096, 'intimidate': -0.1188, 'flee': -0.0224, 'attack': -0.1486, 'help': 0.1513, 'report': 0.1653, 'trade': 0.1147, 'observe': 0.0294, 'idle': 0.0624}"
1754,npc_1754,object_moved,talk,0.3668,0.06820000000000004,48.7859169244914,0.7456297993678519,coerced,True,"{'talk': 0.3668, 'warn': 0.0978, 'intimidate': -1.0, 'flee': 0.0292, 'attack': -1.0, 'help': 0.1792, 'report': 0.071, 'trade': 0.0158, 'observe': 0.2986, 'idle': 0.1707}"
1755,npc_1755,faction_event,talk,0.2826,0.3674,90.72986961881496,0.6692746248637305,broken,True,"{'talk': 0.2826, 'flee': 0.1253, 'observe': 0.1524, 'idle': 0.2604, 'opp_attention_component': 0.0, 'opp_distance_component': 0.0, 'opp_weapon_component': 0.0, 'opp_allies_component': 0.0, 'opp_raw_score': 0.0, 'opp_threshold': 0.65}"
1756,npc_1756,player_threatens,idle,0.0,0.5365,35.69678476141039,0.3099846434400697,broken,True,"{'talk': 0.0895, 'flee': -0.0409, 'observe': 0.0724, 'idle': 0.1135, 'opp_attention_component': 0.0, 'opp_distance_component': 0.0, 'opp_weapon_component': 0.0, 'opp_allies_component': 0.0, 'opp_raw_score': 0.0, 'opp_threshold': 0.65}"
1757,npc_1757,player_attacks,observe,0.4597,0.19030000000000002,83.22687680932574,0.9337374690299356,broken,True,"{'talk': 0.1627, 'flee': 0.0534, 'observe': 0.4597, 'idle': 0.3614, 'opp_attention_component': 0.0, 'opp_distance_component': 0.0, 'opp_weapon_component': 0.0, 'opp_allies_component': 0.0, 'opp_raw_score': 0.0, 'opp_threshold': 0.65}"
1758,npc_1758,help,report,0.3928,0.08849999999999997,18.894381981505738,0.06987076872100251,loyal,False,"{'talk': -0.0364, 'warn': 0.264, 'intimidate': -1.0, 'flee': 0.3043, 'help': 0.0055, 'report': 0.3928, 'trade': 0.0879, 'observe': 0.2621, 'idle': 0.2121}"
1759,npc_1759,world_tick,request_service,0.5061,0.011699999999999988,80.20411892291882,0.42142241403767833,coerced,False,"{'talk': -0.0675, 'warn': 0.0745, 'intimidate': -1.0, 'flee': 0.0857, 'attack': -1.0, 'help': -0.0867, 'report': 0.0411, 'trade': 0.0779, 'observe': -0.0129, 'block_path': 0.3371, 'ambush': 0.2049, 'seek_ally': 0.452, 'offer_job': 0.3247, 'request_service': 0.5061, 'spread_rumor': 0.381, 'call_for_help': 0.4045, 'change_role': 0.4944, 'idle': -0.0016}"
1760,npc_1760,player_cast_spell,talk,0.3859,0.02180000000000004,39.22959809530203,0.1603680830355636,deceptive,False,"{'talk': 0.3859, 'warn': 0.3627, 'intimidate': -1.0, 'flee': 0.1934, 'attack': -1.0, 'help': 0.3641, 'report': 0.3023, 'trade': 0.2116, 'observe': 0.1453, 'idle': 0.1441}"
1761,npc_1761,object_changed,idle,0.2071,0.084,15.721056209367191,0.507270931470835,deceptive,True,"{'talk': 0.1175, 'warn': -0.0115, 'intimidate': -0.2533, 'flee': -0.0523, 'attack': -0.1106, 'help': -0.0223, 'report': 0.0212, 'trade': 0.1231, 'observe': 0.0316, 'idle': 0.2071}"
1762,npc_1762,object_destroyed,idle,0.179,0.031399999999999983,63.413628172479264,0.8604667963395161,deceptive,True,"{'talk': 0.1115, 'warn': 0.0805, 'intimidate': 0.0371, 'flee': -0.0887, 'attack': -0.1257, 'help': -0.0235, 'report': 0.1476, 'trade': -0.0117, 'observe': 0.048, 'idle': 0.179}"
1763,npc_1763,npc_spoke,idle,0.3802,0.0811,21.659812495275823,0.3785410698779452,deceptive,True,"{'talk': 0.0036, 'warn': 0.0383, 'intimidate': -1.0, 'flee': -0.0603, 'attack': -1.0, 'help': 0.0947, 'report': -0.01, 'trade': -0.0779, 'observe': 0.2991, 'idle': 0.3802}"
1764,npc_1764,time_passed,observe,0.2212,0.01780000000000001,36.64508991556262,0.49969753172906706,deceptive,True,"{'talk': 0.112, 'warn': 0.1198, 'intimidate': -0.1721, 'flee': -0.0157, 'attack': -0.1324, 'help': 0.1433, 'report': -0.023, 'trade': 0.082, 'observe': 0.2212, 'idle': 0.2034}"
1765,npc_1765,npc_moved,talk,0.2982,0.12200000000000003,56.93688976988758,0.2562870952295334,free,True,"{'talk': 0.2982, 'warn': 0.0116, 'intimidate': -0.2354, 'flee': 0.0894, 'attack': -0.1964, 'help': 0.1762, 'report': 0.1494, 'trade': 0.0159, 'observe': 0.1285, 'idle': 0.145}"
1766,npc_1766,PLAYER_ATTACKED,observe,0.4701,0.04300000000000004,41.3212709464683,0.935713756305305,free,True,"{'talk': -0.0477, 'warn': 0.0764, 'intimidate': -1.0, 'flee': 0.1779, 'attack': -1.0, 'help': 0.0532, 'report': 0.0739, 'trade': 0.0002, 'observe': 0.4701, 'idle': 0.4271}"
1767,npc_1767,object_destroyed,report,0.4812,0.11670000000000003,75.72093393549687,0.19019238357328483,loyal,True,"{'talk': 0.1966, 'warn': 0.3645, 'intimidate': -1.0, 'flee': 0.2794, 'help': 0.0248, 'report': 0.4812, 'trade': 0.0942, 'observe': 0.2487, 'idle': 0.2315}"
1768,npc_1768,npc_proximity_leave,idle,0.0,0.0201,59.16477874665639,0.921147797597721,coerced,True,"{'talk': -0.019, 'warn': -0.0062, 'intimidate': -0.1944, 'flee': 0.0217, 'attack': -0.1867, 'help': -0.0528, 'report': 0.0525, 'trade': 0.0102, 'observe': -0.0668, 'idle': 0.0726}"
1769,npc_1769,theft,observe,0.4837,0.07180000000000003,30.86076802598908,0.6842838661341442,loyal,True,"{'talk': 0.3244, 'warn': 0.4119, 'intimidate': -1.0, 'flee': 0.2864, 'help': 0.1305, 'report': 0.3205, 'trade': 0.3244, 'observe': 0.4837, 'idle': 0.4056}"
1770,npc_1770,proximity_close,talk,0.2854,9.999999999998899e-05,57.08640923852036,0.565565435221651,coerced,True,"{'talk': 0.2854, 'warn': 0.2502, 'intimidate': -1.0, 'flee': 0.1223, 'attack': -1.0, 'help': 0.1339, 'report': 0.2323, 'trade': 0.0181, 'observe': 0.2853, 'idle': 0.2602}"
1771,npc_1771,light_changed,idle,0.3436,0.3064,27.04819252157572,0.679937148399378,broken,True,"{'talk': -0.0785, 'flee': 0.2166, 'observe': 0.0964, 'idle': 0.3436, 'opp_attention_component': 0.0, 'opp_distance_component': 0.0, 'opp_weapon_component': 0.0, 'opp_allies_component': 0.0, 'opp_raw_score': 0.0, 'opp_threshold': 0.65}"
1772,npc_1772,proximity_leave,idle,0.3819,0.06280000000000002,81.37555014259925,0.5199534423306356,deceptive,True,"{'talk': 0.3191, 'warn': 0.1237, 'intimidate': -1.0, 'flee': 0.1422, 'attack': -1.0, 'help': 0.222, 'report': 0.1488, 'trade': 0.0645, 'observe': 0.2539, 'idle': 0.3819}"
1773,npc_1773,player_asks_why,explain,1.0,1.0,70.72763765156968,0.6672209970630383,loyal,True,{'explain': 1.0}
1774,npc_1774,help,report,0.6537,0.07699999999999996,83.25788512079839,0.4938348278587148,coerced,False,"{'talk': 0.0645, 'warn': 0.5767, 'intimidate': -1.0, 'flee': 0.483, 'attack': -1.0, 'help': 0.0933, 'report': 0.6537, 'trade': -0.0601, 'observe': 0.4565, 'idle': 0.4908}"
1775,npc_1775,PLAYER_ATTACKED,talk,0.1975,0.05200000000000002,57.99402005926234,0.9281806513283207,deceptive,True,"{'talk': 0.1975, 'warn': 0.0348, 'intimidate': 0.0474, 'flee': -0.0531, 'attack': 0.0266, 'help': 0.0058, 'report': 0.0956, 'trade': 0.1078, 'observe': 0.1455, 'idle': 0.1082}"
1776,npc_1776,player_helpers,warn,0.2789,0.15369999999999998,18.293246345538748,0.8481696989281498,deceptive,True,"{'talk': 0.1074, 'warn': 0.2789, 'intimidate': -0.0049, 'flee': 0.0447, 'attack': 0.0288, 'help': 0.0984, 'report': 0.1252, 'trade': 0.1207, 'observe': 0.0673, 'idle': 0.0115}"
1777,npc_1777,player_interacts,observe,0.7023,0.05230000000000001,84.28952243885742,0.17416387005903577,broken,True,"{'talk': 0.382, 'flee': -0.2264, 'observe': 0.7023, 'idle': 0.2987, 'opp_attention_component': 0.0, 'opp_distance_component': 0.0, 'opp_weapon_component': 0.0, 'opp_allies_component': 0.0, 'opp_raw_score': 0.0, 'opp_threshold': 0.65}"
1778,npc_1778,player_insults,talk,0.4904,0.23260000000000003,97.63686927136489,0.5524495650246446,deceptive,True,"{'talk': 0.4904, 'warn': 0.1416, 'intimidate': 0.1746, 'flee': 0.1101, 'attack': 0.1192, 'help': 0.2025, 'report': 0.2578, 'trade': 0.223, 'observe': 0.0909, 'idle': 0.0218}"
1779,npc_1779,saved_life,idle,0.0,0.0276,11.403209104181233,0.3804395397459389,free,True,"{'talk': 0.0595, 'warn': 0.0221, 'intimidate': -0.086, 'flee': 0.0557, 'attack': -0.1849, 'help': -0.0256, 'report': -0.0058, 'trade': 0.0392, 'observe': 0.0871, 'idle': 0.0236}"
1780,npc_1780,player_attacks,talk,0.5916,0.05840000000000001,88.40557945074573,0.4366529618749204,broken,True,"{'talk': 0.5916, 'flee': 0.192, 'observe': 0.3691, 'idle': 0.3081, 'opp_attention_component': 0.0, 'opp_distance_component': 0.0, 'opp_weapon_component': 0.0, 'opp_allies_component': 0.0, 'opp_raw_score': 0.0, 'opp_threshold': 0.65}"
1781,npc_1781,player_cast_spell,idle,0.3337,0.03810000000000002,79.46654917995369,0.13569939101550688,coerced,True,"{'talk': 0.2667, 'warn': 0.2232, 'intimidate': -1.0, 'flee': 0.2945, 'attack': -1.0, 'help': 0.1501, 'report': 0.2202, 'trade': 0.1889, 'observe': 0.2956, 'idle': 0.3337}"
1782,npc_1782,npc_interacts_npc,idle,0.0,0.022199999999999998,68.57694671073537,0.6407164771641048,free,True,"{'talk': 0.1154, 'warn': 0.0256, 'intimidate': -0.1048, 'flee': 0.0153, 'attack': -0.1498, 'help': 0.1077, 'report': 0.0646, 'trade': 0.061, 'observe': 0.0319, 'idle': 0.1376}"
1783,npc_1783,dialogue,observe,0.2486,0.031,54.774852314005344,0.06228474700961162,loyal,True,"{'talk': 0.1694, 'warn': 0.0765, 'intimidate': -0.1312, 'flee': 0.0923, 'help': 0.0378, 'report': 0.1221, 'trade': 0.1983, 'observe': 0.2486, 'idle': 0.2176}"
1784,npc_1784,PLAYER_ATTACKED,idle,0.4528,0.11519999999999997,93.37639250601597,0.8957980350239463,coerced,True,"{'flee': 0.2788, 'observe': 0.3376, 'idle': 0.4528}"
1785,npc_1785,player_asks_why,explain,1.0,1.0,75.14064845267693,0.02768838723881273,deceptive,False,{'explain': 1.0}
1786,npc_1786,proximity_close,idle,0.6407,0.4898,71.90152264290711,0.2715165208337392,deceptive,True,"{'talk': 0.1135, 'warn': -0.0115, 'intimidate': -1.0, 'flee': 0.0853, 'attack': -1.0, 'help': -0.0267, 'report': -0.031, 'trade': -0.0398, 'observe': 0.1509, 'idle': 0.6407}"
1787,npc_1787,intimidation,report,0.664,0.08030000000000004,8.02499647441034,0.5212155962025399,free,False,"{'talk': 0.1333, 'warn': 0.5837, 'intimidate': 0.3506, 'flee': 0.2404, 'attack': 0.3264, 'help': 0.197, 'report': 0.664, 'trade': 0.302, 'observe': 0.1294, 'idle': 0.2533}"
1788,npc_1788,npc_spoke,idle,0.5382,0.2844,56.44943445854326,0.03901053643408625,free,True,"{'talk': 0.1785, 'warn': 0.058, 'intimidate': -1.0, 'flee': 0.2538, 'attack': -1.0, 'help': 0.21, 'report': 0.1077, 'trade': 0.0586, 'observe': 0.1522, 'idle': 0.5382}"
1789,npc_1789,weather_changed,report,0.3159,0.032799999999999996,30.53336847731185,0.46044882131456244,coerced,True,"{'talk': 0.2831, 'warn': 0.0825, 'intimidate': -0.124, 'flee': 0.0513, 'attack': -0.2187, 'help': 0.2432, 'report': 0.3159, 'trade': 0.1315, 'observe': -0.0436, 'idle': 0.0037}"
1790,npc_1790,player_attacks,idle,0.2377,0.4123,95.73167649760637,0.1901743875068449,broken,True,"{'talk': 0.0926, 'flee': 0.0723, 'observe': 0.1023, 'idle': 0.2377, 'opp_attention_component': 0.0, 'opp_distance_component': 0.0, 'opp_weapon_component': 0.0, 'opp_allies_component': 0.0, 'opp_raw_score': 0.0, 'opp_threshold': 0.65}"
1791,npc_1791,sound_emitted,idle,0.3143,0.10910000000000003,79.99100799002392,0.5337154663055961,deceptive,True,"{'talk': 0.1903, 'warn': 0.0089, 'intimidate': -1.0, 'flee': 0.0174, 'attack': -1.0, 'help': 0.142, 'report': 0.0932, 'trade': 0.0336, 'observe': 0.2052, 'idle': 0.3143}"
1792,npc_1792,faction_event,talk,0.3817,0.26830000000000004,47.33211565682915,0.22574768834140824,broken,False,"{'talk': 0.3817, 'flee': 0.1222, 'observe': 0.2633, 'idle': 0.1761, 'opp_attention_component': 0.0, 'opp_distance_component': 0.0, 'opp_weapon_component': 0.0, 'opp_allies_component': 0.0, 'opp_raw_score': 0.0, 'opp_threshold': 0.65}"
1793,npc_1793,world_tick,idle,0.0,0.008199999999999999,25.54259663987072,0.9722922360425191,deceptive,True,"{'talk': -0.0224, 'warn': -0.0488, 'intimidate': 0.0241, 'flee': 0.0451, 'attack': 0.0173, 'help': 0.0241, 'report': 0.1206, 'trade': 0.0533, 'observe': 0.0984, 'block_path': 0.026, 'ambush': 0.062, 'seek_ally': 0.035, 'offer_job': 0.0992, 'request_service': 0.0001, 'spread_rumor': 0.1288, 'call_for_help': 0.0821, 'change_role': 0.0316, 'idle': -0.032}"
1794,npc_1794,player_talks,idle,0.1831,0.038000000000000006,94.32955332583393,0.9340153272993726,free,True,"{'talk': 0.1451, 'warn': 0.1259, 'intimidate': -0.3382, 'flee': 0.0585, 'attack': -0.1966, 'help': 0.1098, 'report': 0.0125, 'trade': 0.1357, 'observe': 0.1108, 'idle': 0.1831}"
1795,npc_1795,player_attacks,warn,0.2939,0.044399999999999995,37.85654100599663,0.07459434987172486,free,True,"{'talk': -0.0549, 'warn': 0.2939, 'intimidate': -0.2662, 'flee': 0.0774, 'attack': -0.129, 'help': 0.0306, 'report': 0.2495, 'trade': 0.0482, 'observe': 0.0745, 'idle': 0.0359}"
1796,npc_1796,time_passed,help,0.1923,0.05199999999999999,32.32086465836142,0.5283121681373747,loyal,False,"{'talk': 0.0032, 'warn': 0.0212, 'intimidate': -0.621, 'flee': 0.0069, 'help': 0.1923, 'report': 0.1174, 'trade': 0.1403, 'observe': 0.0189, 'idle': 0.1033}"
1797,npc_1797,player_asks_why,explain,1.0,1.0,89.7684821744325,0.812767027978977,broken,True,{'explain': 1.0}
1798,npc_1798,player_moved,flee,0.3195,0.02150000000000002,98.77860309032354,0.6319043518287144,deceptive,True,"{'flee': 0.3195, 'observe': 0.298, 'idle': 0.2661}"
1799,npc_1799,PLAYER_SPOKE,report,0.4056,0.08030000000000004,91.28616414299943,0.03697408278105763,deceptive,False,"{'talk': 0.2436, 'warn': 0.3253, 'intimidate': -0.3088, 'flee': -0.0722, 'attack': -0.3939, 'help': 0.1739, 'report': 0.4056, 'trade': 0.0989, 'observe': -0.0274, 'idle': 0.0295}"
1800,npc_1800,faction_event,warn,0.1861,0.07419999999999999,76.1539869403118,0.16505748449207713,loyal,True,"{'talk': -0.046, 'warn': 0.1861, 'intimidate': -0.0988, 'flee': -0.0292, 'help': 0.1119, 'report': 0.0778, 'trade': 0.0846, 'observe': -0.0806, 'idle': 0.0205}"
1801,npc_1801,player_asks_why,explain,1.0,1.0,61.84772058951072,0.814413976942377,deceptive,True,{'explain': 1.0}
1802,npc_1802,proximity_close,talk,0.2603,0.38970000000000005,91.73563079769761,0.5788152394310687,broken,True,"{'talk': 0.2603, 'flee': -0.0214, 'observe': 0.073, 'idle': 0.0972, 'opp_attention_component': 0.0, 'opp_distance_component': 0.0, 'opp_weapon_component': 0.0, 'opp_allies_component': 0.0, 'opp_raw_score': 0.0, 'opp_threshold': 0.65}"
1803,npc_1803,player_insults,idle,0.1683,0.039599999999999996,49.89124944646689,0.600818430195096,coerced,True,"{'talk': 0.1068, 'warn': 0.1287, 'intimidate': 0.0972, 'flee': -0.0607, 'attack': 0.121, 'help': 0.0912, 'report': 0.1224, 'trade': 0.0503, 'observe': -0.071, 'idle': 0.1683}"
1804,npc_1804,combat,idle,0.0,0.008400000000000005,56.980052631851144,0.8084884020213087,coerced,True,"{'talk': 0.0154, 'warn': 0.0962, 'intimidate': 0.1062, 'flee': 0.1165, 'attack': 0.0529, 'help': 0.0952, 'report': 0.0263, 'trade': -0.0245, 'observe': 0.0942, 'idle': 0.1081}"
1805,npc_1805,PLAYER_SPOKE,observe,0.3296,0.05830000000000002,1.7091117104547915,0.7971984980360651,free,True,"{'talk': 0.1585, 'warn': 0.1717, 'intimidate': -1.0, 'flee': 0.1209, 'attack': -1.0, 'help': 0.1005, 'report': 0.1815, 'trade': 0.0161, 'observe': 0.3296, 'idle': 0.2713}"
1806,npc_1806,intimidation,observe,0.3465,0.30350000000000005,34.90398748417761,0.32165032182097186,broken,True,"{'talk': 0.2959, 'flee': 0.1267, 'observe': 0.3465, 'idle': 0.2939, 'opp_attention_component': 0.0, 'opp_distance_component': 0.0, 'opp_weapon_component': 0.0, 'opp_allies_component': 0.0, 'opp_raw_score': 0.0, 'opp_threshold': 0.65}"
1807,npc_1807,unknown,warn,0.5311,0.0786,48.58407070896287,0.7494845375336912,coerced,True,"{'talk': 0.3658, 'warn': 0.5311, 'intimidate': -1.0, 'flee': 0.2374, 'attack': -1.0, 'help': 0.1856, 'report': 0.4525, 'trade': 0.3887, 'observe': 0.4312, 'idle': 0.2888}"
1808,npc_1808,player_threatens,observe,0.5495,0.07219999999999999,77.28582782290684,0.5889884885513313,coerced,True,"{'talk': 0.1167, 'warn': 0.0772, 'intimidate': -1.0, 'flee': 0.1913, 'attack': -1.0, 'help': -0.0297, 'report': 0.0036, 'trade': -0.0055, 'observe': 0.5495, 'idle': 0.4773}"
1809,npc_1809,player_insults,report,0.2068,0.0022000000000000075,51.70069883720508,0.058849964739908556,free,True,"{'talk': -0.0446, 'warn': 0.184, 'intimidate': 0.107, 'flee': 0.0221, 'attack': 0.1216, 'help': -0.0301, 'report': 0.2068, 'trade': 0.1012, 'observe': 0.2046, 'idle': 0.0622}"
1810,npc_1810,dialogue,talk,0.2144,0.4356,94.15884957333787,0.24765776346407387,broken,True,"{'talk': 0.2144, 'flee': 0.0379, 'observe': 0.022, 'idle': 0.085, 'opp_attention_component': 0.0, 'opp_distance_component': 0.0, 'opp_weapon_component': 0.0, 'opp_allies_component': 0.0, 'opp_raw_score': 0.0, 'opp_threshold': 0.65}"
1811,npc_1811,proximity_leave,report,0.1782,0.061799999999999994,6.894782578356606,0.18885544276851085,coerced,True,"{'talk': 0.0421, 'warn': 0.0088, 'intimidate': -0.0721, 'flee': 0.0601, 'attack': -0.0819, 'help': 0.1074, 'report': 0.1782, 'trade': 0.0447, 'observe': 0.1164, 'idle': 0.1089}"
1812,npc_1812,npc_state_changed,observe,0.2615,0.07970000000000002,4.82697039275094,0.7379850879563056,free,True,"{'talk': 0.0944, 'warn': 0.1123, 'intimidate': -0.1051, 'flee': 0.1802, 'attack': -0.2265, 'help': 0.0544, 'report': 0.0695, 'trade': 0.1818, 'observe': 0.2615, 'idle': 0.1667}"
1813,npc_1813,weather_changed,idle,0.3507,0.02579999999999999,22.25181197466386,0.7311612379427683,free,False,"{'talk': 0.2985, 'warn': 0.2117, 'intimidate': -1.0, 'flee': 0.2604, 'attack': -1.0, 'help': 0.3111, 'report': 0.3249, 'trade': 0.1071, 'observe': 0.2293, 'idle': 0.3507}"
1814,npc_1814,proximity_leave,flee,0.3992,0.0791,31.115191695899135,0.8856252287192089,loyal,False,"{'talk': 0.104, 'warn': 0.1591, 'intimidate': -1.0, 'flee': 0.3992, 'help': 0.1786, 'report': 0.2707, 'trade': 0.0366, 'observe': 0.3077, 'idle': 0.3201}"
1815,npc_1815,object_destroyed,idle,0.5865,0.07140000000000002,82.25852552750429,0.13529413336620244,coerced,False,"{'talk': -0.0395, 'warn': 0.3095, 'intimidate': -1.0, 'flee': 0.5151, 'attack': -1.0, 'help': -0.0411, 'report': 0.4068, 'trade': 0.1865, 'observe': 0.3949, 'idle': 0.5865}"
1816,npc_1816,weather_changed,idle,0.3358,0.01539999999999997,80.02806961211706,0.28144082961455996,free,True,"{'talk': 0.0766, 'warn': 0.1862, 'intimidate': -1.0, 'flee': 0.2008, 'attack': -1.0, 'help': -0.0596, 'report': 0.0836, 'trade': 0.2509, 'observe': 0.3204, 'idle': 0.3358}"
1817,npc_1817,movement,idle,0.3212,0.012299999999999978,45.36116886827959,0.053680095350610135,deceptive,True,"{'talk': 0.1193, 'warn': 0.0707, 'intimidate': -1.0, 'flee': 0.0364, 'attack': -1.0, 'help': -0.0402, 'report': -0.0493, 'trade': 0.0894, 'observe': 0.3089, 'idle': 0.3212}"
1818,npc_1818,player_helpers,idle,0.2988,0.0867,18.073667985955577,0.559339326639369,loyal,True,"{'talk': 0.099, 'warn': 0.0692, 'intimidate': -1.0, 'flee': 0.0299, 'help': 0.0445, 'report': 0.1402, 'trade': 0.0297, 'observe': 0.2121, 'idle': 0.2988}"
1819,npc_1819,player_insults,observe,0.3517,0.015800000000000036,99.97730574995717,0.767455259870214,loyal,False,"{'talk': -0.0076, 'warn': 0.2612, 'intimidate': -1.0, 'flee': 0.3359, 'help': 0.1226, 'report': 0.3231, 'trade': 0.2915, 'observe': 0.3517, 'idle': 0.2494}"
1820,npc_1820,player_used_item,help,0.338,0.08340000000000003,78.74630024219043,0.4880678102308236,free,False,"{'talk': 0.2321, 'warn': 0.1746, 'intimidate': -1.0, 'flee': 0.1563, 'attack': -1.0, 'help': 0.338, 'report': 0.2546, 'trade': 0.2345, 'observe': 0.2295, 'idle': 0.1654}"
1821,npc_1821,object_moved,report,0.3209,0.09510000000000002,69.76787897039866,0.6660313537472322,free,True,"{'talk': -0.0698, 'warn': 0.2258, 'intimidate': -0.223, 'flee': -0.0176, 'attack': -0.1259, 'help': 0.0028, 'report': 0.3209, 'trade': -0.0086, 'observe': 0.0379, 'idle': 0.0531}"
1822,npc_1822,dialogue,report,0.2214,0.008000000000000007,74.57559189781756,0.48143146428177985,deceptive,True,"{'talk': 0.0725, 'warn': 0.0689, 'intimidate': -1.0, 'flee': 0.1924, 'attack': -1.0, 'help': 0.1317, 'report': 0.2214, 'trade': -0.01, 'observe': 0.2134, 'idle': 0.2049}"
1823,npc_1823,intimidation,help,0.3051,0.014899999999999969,95.94719212879006,0.884511995250445,loyal,False,"{'talk': 0.1345, 'warn': 0.2902, 'intimidate': 0.1694, 'flee': 0.0863, 'help': 0.3051, 'report': 0.2443, 'trade': 0.1532, 'observe': 0.0383, 'idle': 0.0629}"
1824,npc_1824,PLAYER_SPOKE,talk,0.169,0.481,93.422212262652,0.6392266602378412,broken,True,"{'talk': 0.169, 'flee': -0.002, 'observe': -0.0122, 'idle': 0.1405, 'opp_attention_component': 0.0, 'opp_distance_component': 0.0, 'opp_weapon_component': 0.0, 'opp_allies_component': 0.0, 'opp_raw_score': 0.0, 'opp_threshold': 0.65}"
1825,npc_1825,player_talks,idle,0.4102,0.2596,14.859069416815618,0.5934589067746643,coerced,True,"{'talk': 0.0481, 'warn': 0.0329, 'intimidate': -0.0672, 'flee': -0.0594, 'attack': 0.0435, 'help': -0.0337, 'report': 0.1506, 'trade': -0.0114, 'observe': -0.0231, 'idle': 0.4102}"
1826,npc_1826,combat,warn,0.7022,0.1059,62.747303103295636,0.08527463355402287,coerced,False,"{'talk': 0.2162, 'warn': 0.7022, 'intimidate': 0.3284, 'flee': 0.2911, 'attack': 0.5963, 'help': 0.1554, 'report': 0.409, 'trade': 0.1861, 'observe': 0.1941, 'idle': 0.0679}"
1827,npc_1827,object_destroyed,warn,0.4973,0.049500000000000044,94.12914374508067,0.5864100599044139,free,False,"{'talk': 0.2638, 'warn': 0.4973, 'intimidate': -0.2345, 'flee': -0.0726, 'attack': -0.3094, 'help': 0.1476, 'report': 0.4478, 'trade': 0.3004, 'observe': -0.0227, 'idle': 0.088}"
1828,npc_1828,npc_proximity_leave,trade,0.2647,0.04419999999999999,0.4430997521141067,0.012070852616638095,deceptive,True,"{'talk': 0.1664, 'warn': 0.1414, 'intimidate': -0.2045, 'flee': 0.2205, 'attack': -0.2254, 'help': 0.1205, 'report': 0.0917, 'trade': 0.2647, 'observe': 0.2064, 'idle': 0.2011}"
1829,npc_1829,npc_interacts_npc,idle,0.3515,0.15849999999999997,83.80959330077685,0.7444925841640476,free,True,"{'talk': 0.1783, 'warn': 0.0447, 'intimidate': 0.0304, 'flee': 0.0672, 'attack': -0.0228, 'help': 0.01, 'report': 0.1592, 'trade': 0.1561, 'observe': 0.193, 'idle': 0.3515}"
1830,npc_1830,sound_emitted,report,0.5277,0.025899999999999923,83.90527696397739,0.6905018817841694,coerced,False,"{'talk': 0.1481, 'warn': 0.5018, 'intimidate': -1.0, 'flee': 0.157, 'attack': -1.0, 'help': 0.1843, 'report': 0.5277, 'trade': 0.0134, 'observe': 0.2522, 'idle': 0.3112}"
1831,npc_1831,proximity_leave,idle,0.2658,0.09399999999999997,87.4621212959848,0.9301176753906846,free,True,"{'talk': 0.1181, 'warn': -0.0659, 'intimidate': -1.0, 'flee': 0.1358, 'attack': -1.0, 'help': 0.0736, 'report': -0.0737, 'trade': 0.0099, 'observe': 0.1718, 'idle': 0.2658}"
1832,npc_1832,player_interacts,idle,0.0,0.043200000000000016,24.626329659197776,0.5815124922649679,free,True,"{'talk': 0.14, 'warn': 0.0448, 'intimidate': -0.1162, 'flee': 0.033, 'attack': -0.2755, 'help': 0.0945, 'report': 0.0547, 'trade': 0.05, 'observe': 0.0968, 'idle': 0.0747}"
1833,npc_1833,dialogue,idle,0.3389,0.2304,66.62946696748293,0.7104938123444728,coerced,True,"{'talk': 0.0824, 'warn': 0.1042, 'intimidate': -0.107, 'flee': 0.0184, 'attack': -0.0999, 'help': -0.0335, 'report': 0.068, 'trade': 0.0594, 'observe': 0.1085, 'idle': 0.3389}"
1834,npc_1834,player_attacks,observe,0.5102,0.11509999999999998,12.580166534340997,0.1517627334895636,loyal,True,"{'talk': 0.1417, 'warn': 0.0679, 'intimidate': -1.0, 'flee': 0.1747, 'help': -0.0584, 'report': 0.0095, 'trade': 0.0187, 'observe': 0.5102, 'idle': 0.3951}"
1835,npc_1835,idle,observe,0.2653,0.02059999999999998,32.800613433721615,0.4966517345134609,free,True,"{'talk': 0.2364, 'warn': 0.1612, 'intimidate': -0.0367, 'flee': 0.1189, 'attack': -0.1545, 'help': 0.1393, 'report': 0.2447, 'trade': 0.1044, 'observe': 0.2653, 'idle': 0.1703}"
1836,npc_1836,player_asks_why,explain,1.0,1.0,26.889358243669992,0.02369794167109074,coerced,True,{'explain': 1.0}
1837,npc_1837,help,flee,0.2863,0.1177,91.85569624776545,0.6253339375550777,free,False,"{'flee': 0.2863, 'observe': 0.1686, 'idle': 0.1308}"
1838,npc_1838,PLAYER_SPOKE,observe,0.3665,0.00029999999999996696,57.91734440639412,0.45967459701516444,free,True,"{'talk': 0.0235, 'warn': 0.0734, 'intimidate': -0.233, 'flee': 0.0473, 'attack': -0.2603, 'help': 0.0337, 'report': 0.0317, 'trade': 0.0705, 'observe': 0.3665, 'idle': 0.3662}"
1839,npc_1839,npc_proximity_close,warn,0.1634,0.013799999999999979,71.19562194843895,0.9435029109320897,loyal,True,"{'talk': 0.0078, 'warn': 0.1634, 'intimidate': -0.1629, 'flee': 0.0927, 'help': 0.0209, 'report': 0.1496, 'trade': 0.0694, 'observe': -0.0425, 'idle': 0.0443}"
1840,npc_1840,object_changed,observe,0.2216,0.0169,36.15972356537539,0.10064045771438779,free,True,"{'talk': -0.0213, 'warn': 0.0336, 'intimidate': -1.0, 'flee': 0.0685, 'attack': -1.0, 'help': 0.0908, 'report': 0.1106, 'trade': -0.0531, 'observe': 0.2216, 'idle': 0.2047}"
1841,npc_1841,player_attacks,observe,0.416,0.23400000000000004,60.103664728990736,0.5969923288050114,broken,True,"{'talk': -0.0009, 'flee': 0.0184, 'observe': 0.416, 'idle': 0.3093, 'opp_attention_component': 0.0, 'opp_distance_component': 0.0, 'opp_weapon_component': 0.0, 'opp_allies_component': 0.0, 'opp_raw_score': 0.0, 'opp_threshold': 0.65}"
1842,npc_1842,object_moved,talk,0.5325,0.06439999999999996,33.051585564274475,0.5897969365179846,deceptive,True,"{'talk': 0.5325, 'warn': 0.2002, 'intimidate': -1.0, 'flee': 0.2754, 'attack': -1.0, 'help': 0.265, 'report': 0.395, 'trade': 0.1814, 'observe': 0.4681, 'idle': 0.3929}"
1843,npc_1843,unknown,flee,0.3473,0.07600000000000001,60.83964317102858,0.04088530708533067,loyal,False,"{'talk': 0.1217, 'warn': 0.216, 'intimidate': -1.0, 'flee': 0.3473, 'help': 0.1746, 'report': 0.2575, 'trade': 0.0204, 'observe': 0.2713, 'idle': 0.2159}"
1844,npc_1844,npc_moved,talk,0.5405,0.10950000000000004,75.32374752495816,0.9694167676004231,broken,False,"{'talk': 0.5405, 'flee': 0.178, 'observe': 0.1521, 'idle': 0.2103, 'opp_attention_component': 0.0, 'opp_distance_component': 0.0, 'opp_weapon_component': 0.0, 'opp_allies_component': 0.0, 'opp_raw_score': 0.0, 'opp_threshold': 0.65}"
1845,npc_1845,player_cast_spell,warn,0.3878,0.06669999999999998,54.15640744373281,0.17514341591642713,free,False,"{'talk': 0.1441, 'warn': 0.3878, 'intimidate': -0.276, 'flee': 0.0453, 'attack': -0.384, 'help': 0.1134, 'report': 0.3211, 'trade': 0.0083, 'observe': 0.1223, 'idle': 0.1653}"
1846,npc_1846,player_cast_spell,idle,0.2274,0.020900000000000002,44.84807299185366,0.03635141796393626,coerced,True,"{'talk': 0.072, 'warn': -0.0434, 'intimidate': -0.0357, 'flee': 0.0642, 'attack': -0.0116, 'help': 0.0634, 'report': 0.0706, 'trade': 0.1347, 'observe': 0.2065, 'idle': 0.2274}"
1847,npc_1847,weather_changed,talk,0.3165,0.1582,78.10996543540598,0.2124524456573651,deceptive,True,"{'talk': 0.3165, 'warn': -0.0207, 'intimidate': -0.009, 'flee': 0.1012, 'attack': -0.1361, 'help': 0.0593, 'report': 0.1583, 'trade': 0.1213, 'observe': 0.0276, 'idle': 0.1206}"
1848,npc_1848,time_passed,observe,0.2457,0.10289999999999999,63.363903480384174,0.7056439668575187,deceptive,True,"{'talk': 0.1174, 'warn': 0.0782, 'intimidate': -0.1487, 'flee': 0.0207, 'attack': -0.0576, 'help': 0.1428, 'report': 0.0552, 'trade': 0.0158, 'observe': 0.2457, 'idle': 0.1061}"
1849,npc_1849,saved_life,observe,0.3236,0.029700000000000004,5.648038790464549,0.8422160480344264,loyal,True,"{'talk': 0.2939, 'warn': 0.0549, 'intimidate': -1.0, 'flee': -0.0572, 'help': -0.0506, 'report': 0.0188, 'trade': 0.013, 'observe': 0.3236, 'idle': 0.2129}"
1850,npc_1850,npc_state_changed,flee,0.2979,0.0408,50.348144489709846,0.6795755538043425,deceptive,False,"{'talk': 0.0852, 'warn': 0.2571, 'intimidate': -1.0, 'flee': 0.2979, 'attack': -1.0, 'help': 0.1318, 'report': 0.2324, 'trade': -0.0425, 'observe': 0.1639, 'idle': 0.1671}"
1851,npc_1851,player_attack,observe,0.2452,0.40480000000000005,6.4144351999036004,0.8415276215538915,broken,True,"{'talk': 0.1169, 'flee': 0.0356, 'observe': 0.2452, 'idle': 0.0893, 'opp_attention_component': 0.0, 'opp_distance_component': 0.0, 'opp_weapon_component': 0.0, 'opp_allies_component': 0.0, 'opp_raw_score': 0.0, 'opp_threshold': 0.65}"
1852,npc_1852,sound_emitted,idle,0.2235,0.09640000000000001,65.46951520713696,0.04853064348694791,loyal,True,"{'talk': -0.0226, 'warn': 0.1073, 'intimidate': 0.0215, 'flee': 0.0348, 'help': -0.077, 'report': -0.0061, 'trade': 0.1271, 'observe': 0.0864, 'idle': 0.2235}"
1853,npc_1853,npc_interacts_npc,observe,0.5939,0.040200000000000014,49.444543565203894,0.6610187546440052,loyal,False,"{'talk': 0.3754, 'warn': 0.1159, 'intimidate': -1.0, 'flee': 0.5537, 'help': 0.4173, 'report': 0.1626, 'trade': 0.4735, 'observe': 0.5939, 'idle': 0.4588}"
1854,npc_1854,world_tick,idle,0.0,0.5911000000000001,95.30709492290472,0.2991952281188526,broken,True,"{'talk': 0.0344, 'flee': 0.0589, 'observe': 0.0008, 'idle': -0.042, 'opp_attention_component': 0.0, 'opp_distance_component': 0.0, 'opp_weapon_component': 0.0, 'opp_allies_component': 0.0, 'opp_raw_score': 0.0, 'opp_threshold': 0.65}"
1855,npc_1855,smell_emitted,idle,0.292,0.09199999999999997,86.35754203843426,0.8532299289887102,coerced,True,"{'talk': 0.0862, 'warn': -0.0656, 'intimidate': -1.0, 'flee': 0.1696, 'attack': -1.0, 'help': 0.0573, 'report': 0.0362, 'trade': 0.2, 'observe': 0.1179, 'idle': 0.292}"
1856,npc_1856,object_destroyed,idle,0.163,0.0627,38.96837143070886,0.5112489008104389,loyal,True,"{'talk': 0.1003, 'warn': -0.0264, 'intimidate': 0.0263, 'flee': -0.0306, 'help': 0.071, 'report': -0.048, 'trade': 0.0334, 'observe': -0.0803, 'idle': 0.163}"
1857,npc_1857,PLAYER_SPOKE,idle,0.579,0.0040000000000000036,46.958381355007276,0.6950641958819391,free,True,"{'talk': 0.3669, 'warn': 0.0284, 'intimidate': -1.0, 'flee': -0.0246, 'attack': -1.0, 'help': 0.0092, 'report': -0.0338, 'trade': -0.0238, 'observe': 0.575, 'idle': 0.579}"
1858,npc_1858,faction_event,observe,0.2856,0.00830000000000003,18.542979917315805,0.8675414303864878,loyal,True,"{'talk': 0.2595, 'warn': 0.1243, 'intimidate': -1.0, 'flee': 0.1673, 'help': 0.1408, 'report': 0.0655, 'trade': 0.0266, 'observe': 0.2856, 'idle': 0.2773}"
1859,npc_1859,player_moved,observe,0.2337,0.11149999999999999,22.465799024693723,0.5050863262315286,coerced,True,"{'talk': 0.0625, 'warn': 0.0338, 'intimidate': -0.2055, 'flee': 0.1222, 'attack': -0.1217, 'help': 0.0242, 'report': -0.0901, 'trade': 0.1182, 'observe': 0.2337, 'idle': 0.1193}"
1860,npc_1860,idle,idle,0.2536,0.0025000000000000022,65.42444537526497,0.7391447782051279,loyal,True,"{'talk': 0.1237, 'warn': 0.1759, 'intimidate': -0.1571, 'flee': 0.1427, 'help': 0.2057, 'report': 0.2511, 'trade': 0.2295, 'observe': 0.156, 'idle': 0.2536}"
1861,npc_1861,object_changed,idle,0.2888,0.0887,17.483897664323813,0.36150060999672806,loyal,True,"{'talk': 0.1425, 'warn': 0.1408, 'intimidate': -0.2899, 'flee': 0.0167, 'help': -0.019, 'report': -0.0347, 'trade': -0.0117, 'observe': 0.2001, 'idle': 0.2888}"
1862,npc_1862,faction_event,warn,0.5592,0.05950000000000005,51.41495151034575,0.7009987301420433,loyal,False,"{'talk': 0.2586, 'warn': 0.5592, 'intimidate': -0.1427, 'flee': 0.0416, 'help': 0.3588, 'report': 0.4997, 'trade': 0.1118, 'observe': 0.0761, 'idle': 0.2303}"
1863,npc_1863,theft,warn,0.4115,0.17329999999999998,94.27850328014588,0.09792132219813143,deceptive,True,"{'talk': 0.0731, 'warn': 0.4115, 'intimidate': -0.2552, 'flee': 0.04, 'attack': -0.2055, 'help': 0.0791, 'report': 0.2382, 'trade': -0.0318, 'observe': -0.0047, 'idle': 0.0256}"
1864,npc_1864,idle,observe,0.4944,0.06459999999999999,15.226354571313639,0.7638076531703378,free,True,"{'talk': 0.1969, 'warn': 0.0348, 'intimidate': -1.0, 'flee': 0.1259, 'attack': -1.0, 'help': 0.013, 'report': 0.0253, 'trade': 0.195, 'observe': 0.4944, 'idle': 0.4298}"
1865,npc_1865,unknown,help,0.2896,0.013400000000000023,10.390387059895357,0.19925162576967737,loyal,False,"{'talk': 0.1779, 'warn': 0.1384, 'intimidate': -1.0, 'flee': 0.2545, 'help': 0.2896, 'report': 0.1636, 'trade': 0.1282, 'observe': 0.2762, 'idle': 0.2133}"
1866,npc_1866,movement,idle,0.3842,0.0791,87.36403802775101,0.9091776242565587,free,True,"{'talk': 0.0965, 'warn': 0.0619, 'intimidate': -0.1212, 'flee': 0.1172, 'attack': 0.0268, 'help': -0.0245, 'report': 0.1088, 'trade': -0.0062, 'observe': 0.3051, 'idle': 0.3842}"
1867,npc_1867,npc_moved,idle,0.3567,0.133,68.70168184046055,0.37486247736199363,free,True,"{'talk': 0.1266, 'warn': 0.0808, 'intimidate': -0.2767, 'flee': 0.0591, 'attack': -0.2394, 'help': 0.0727, 'report': -0.0245, 'trade': 0.0812, 'observe': 0.2237, 'idle': 0.3567}"
1868,npc_1868,combat,idle,0.441,0.056999999999999995,57.4911004009518,0.8103783210068025,loyal,True,"{'talk': 0.0854, 'warn': -0.0583, 'intimidate': -1.0, 'flee': 0.1499, 'help': -0.0228, 'report': 0.0563, 'trade': 0.107, 'observe': 0.384, 'idle': 0.441}"
1869,npc_1869,proximity_close,idle,0.3597,0.2439,35.421513869383716,0.3924760188724342,coerced,True,"{'talk': 0.0715, 'warn': 0.0887, 'intimidate': -0.0562, 'flee': 0.1158, 'attack': -0.0936, 'help': -0.0178, 'report': 0.0989, 'trade': 0.0109, 'observe': -0.0029, 'idle': 0.3597}"
1870,npc_1870,time_passed,warn,0.3487,0.1633,5.417695080537232,0.16876569662522334,coerced,True,"{'talk': 0.114, 'warn': 0.3487, 'intimidate': -0.1916, 'flee': 0.1113, 'attack': -0.2724, 'help': 0.1854, 'report': 0.1617, 'trade': 0.0805, 'observe': -0.0436, 'idle': 0.1605}"
1871,npc_1871,PLAYER_SPOKE,warn,0.4492,0.0756,59.61241840126513,0.7313422677080503,loyal,False,"{'talk': 0.2681, 'warn': 0.4492, 'intimidate': -1.0, 'flee': 0.3524, 'help': 0.3733, 'report': 0.3369, 'trade': 0.2094, 'observe': 0.3621, 'idle': 0.3736}"
1872,npc_1872,light_changed,idle,0.0,0.013200000000000003,97.45973054858008,0.6710705869731124,free,True,"{'talk': 0.0565, 'warn': 0.002, 'intimidate': -0.2528, 'flee': -0.0469, 'attack': -0.2768, 'help': -0.0737, 'report': 0.043, 'trade': 0.0625, 'observe': 0.1188, 'idle': 0.132}"
1873,npc_1873,theft,flee,0.2252,0.4248,69.08724697791374,0.47166552487667035,broken,False,"{'talk': 0.1272, 'flee': 0.2252, 'observe': 0.1436, 'idle': 0.2226, 'opp_attention_component': 0.0, 'opp_distance_component': 0.0, 'opp_weapon_component': 0.0, 'opp_allies_component': 0.0, 'opp_raw_score': 0.0, 'opp_threshold': 0.65}"
1874,npc_1874,proximity_close,idle,0.3704,0.02779999999999999,59.88755105313701,0.44248332928941037,deceptive,False,"{'talk': 0.1002, 'warn': 0.0713, 'intimidate': -0.4649, 'flee': 0.2602, 'attack': -0.4437, 'help': 0.0191, 'report': 0.2082, 'trade': 0.3426, 'observe': 0.3239, 'idle': 0.3704}"
1875,npc_1875,PLAYER_SPOKE,idle,0.2248,0.007800000000000001,79.05170435717582,0.28203924003800107,loyal,True,"{'talk': 0.1341, 'warn': 0.0484, 'intimidate': -1.0, 'flee': 0.0481, 'help': 0.0623, 'report': 0.0175, 'trade': 0.0328, 'observe': 0.217, 'idle': 0.2248}"
1876,npc_1876,player_cast_spell,talk,0.3052,0.07190000000000002,93.53212867030481,0.4273537039480997,loyal,False,"{'talk': 0.3052, 'warn': 0.1936, 'intimidate': -0.3364, 'flee': 0.1119, 'help': 0.2259, 'report': 0.1201, 'trade': 0.2333, 'observe': 0.133, 'idle': -0.0606}"
1877,npc_1877,object_destroyed,warn,0.7429,0.0363,95.6318457604337,0.5994155881307642,deceptive,False,"{'talk': 0.0154, 'warn': 0.7429, 'intimidate': -1.0, 'flee': 0.2224, 'attack': -1.0, 'help': 0.0197, 'report': 0.7066, 'trade': 0.3643, 'observe': 0.2489, 'idle': 0.2755}"
1878,npc_1878,sound_emitted,idle,0.3261,0.2027,48.883522924607625,0.32904313707600974,coerced,True,"{'talk': 0.0299, 'warn': 0.0682, 'intimidate': -1.0, 'flee': -0.0101, 'attack': -1.0, 'help': -0.0079, 'report': 0.1234, 'trade': -0.0414, 'observe': 0.082, 'idle': 0.3261}"
1879,npc_1879,player_attack,idle,0.5219,0.050600000000000034,57.496413945611415,0.3849460415101966,free,True,"{'talk': 0.1903, 'warn': 0.0261, 'intimidate': -1.0, 'flee': 0.0603, 'attack': -1.0, 'help': 0.0344, 'report': 0.0623, 'trade': -0.0213, 'observe': 0.4713, 'idle': 0.5219}"
1880,npc_1880,sound_emitted,idle,0.3476,0.2629,49.69128293274048,0.6391272044026389,free,True,"{'talk': -0.0316, 'warn': -0.0268, 'intimidate': -0.0549, 'flee': 0.0847, 'attack': -0.1027, 'help': 0.062, 'report': -0.0063, 'trade': 0.0273, 'observe': 0.0258, 'idle': 0.3476}"
1881,npc_1881,idle,warn,0.4808,0.030000000000000027,38.72055435201129,0.41018013840352774,free,False,"{'talk': 0.1492, 'warn': 0.4808, 'intimidate': -0.3008, 'flee': 0.1009, 'attack': -0.2377, 'help': 0.2202, 'report': 0.4508, 'trade': 0.2154, 'observe': 0.0815, 'idle': 0.1571}"
1882,npc_1882,player_helpers,idle,0.372,0.2286,83.19152151545573,0.77019880404209,coerced,True,"{'talk': 0.0389, 'warn': 0.1045, 'intimidate': -0.1406, 'flee': 0.1362, 'attack': -0.02, 'help': 0.1434, 'report': 0.0797, 'trade': 0.0913, 'observe': 0.0309, 'idle': 0.372}"
1883,npc_1883,player_attack,talk,0.2067,0.4433,52.982820043119375,0.6773872375442727,broken,True,"{'talk': 0.2067, 'flee': 0.0815, 'observe': 0.1438, 'idle': 0.0557, 'opp_attention_component': 0.0, 'opp_distance_component': 0.0, 'opp_weapon_component': 0.0, 'opp_allies_component': 0.0, 'opp_raw_score': 0.0, 'opp_threshold': 0.65}"
1884,npc_1884,object_changed,flee,0.3542,0.06130000000000002,2.179856220669929,0.6222535731986849,loyal,False,"{'talk': 0.0281, 'warn': -0.0198, 'intimidate': -1.0, 'flee': 0.3542, 'help': 0.0877, 'report': -0.0896, 'trade': 0.0568, 'observe': 0.2904, 'idle': 0.2929}"
1885,npc_1885,movement,idle,0.4029,0.05219999999999997,5.091614817518664,0.04035022440949809,loyal,True,"{'talk': 0.1116, 'warn': 0.1562, 'intimidate': -1.0, 'flee': 0.1609, 'help': -0.0058, 'report': 0.3507, 'trade': 0.1774, 'observe': 0.1931, 'idle': 0.4029}"
1886,npc_1886,player_talks,talk,0.2076,0.0006000000000000172,71.11816740440084,0.14920190644360676,free,True,"{'talk': 0.2076, 'warn': -0.0176, 'intimidate': -0.0324, 'flee': -0.0435, 'attack': -0.1758, 'help': 0.1218, 'report': 0.0288, 'trade': 0.0928, 'observe': -0.029, 'idle': 0.207}"
1887,npc_1887,dialogue,observe,0.5611,0.10830000000000006,91.02586065220699,0.9739188521129578,coerced,True,"{'flee': 0.0835, 'observe': 0.5611, 'idle': 0.4528}"
1888,npc_1888,player_asks_why,explain,1.0,1.0,92.83866228491007,0.9630127469057178,deceptive,False,{'explain': 1.0}
1889,npc_1889,npc_spoke,talk,0.4117,0.2383,57.565320277871216,0.10258589267044183,broken,False,"{'talk': 0.4117, 'flee': 0.0804, 'observe': 0.0153, 'idle': 0.093, 'opp_attention_component': 0.0, 'opp_distance_component': 0.0, 'opp_weapon_component': 0.0, 'opp_allies_component': 0.0, 'opp_raw_score': 0.0, 'opp_threshold': 0.65}"
1890,npc_1890,world_tick,idle,0.0,0.5805,39.76392756066724,0.8838271680355306,broken,True,"{'talk': -0.0029, 'flee': 0.0695, 'observe': -0.0151, 'idle': 0.0123, 'opp_attention_component': 0.0, 'opp_distance_component': 0.0, 'opp_weapon_component': 0.0, 'opp_allies_component': 0.0, 'opp_raw_score': 0.0, 'opp_threshold': 0.65}"
1891,npc_1891,dialogue,idle,0.536,0.3094,38.395011281146765,0.15757520482750775,coerced,True,"{'talk': 0.1001, 'warn': 0.2018, 'intimidate': -1.0, 'flee': 0.2266, 'attack': -1.0, 'help': 0.0859, 'report': 0.1357, 'trade': 0.2212, 'observe': 0.053, 'idle': 0.536}"
1892,npc_1892,player_cast_spell,idle,0.5365,0.2652,87.08477168582205,0.13506606336481064,free,True,"{'talk': 0.0967, 'warn': 0.2098, 'intimidate': -1.0, 'flee': 0.2713, 'attack': -1.0, 'help': 0.1419, 'report': 0.1195, 'trade': 0.0337, 'observe': 0.2468, 'idle': 0.5365}"
1893,npc_1893,saved_life,trade,0.4085,0.0842,27.754096851687613,0.94504757200418,deceptive,False,"{'talk': 0.3243, 'warn': 0.0141, 'intimidate': -0.5525, 'flee': -0.0237, 'attack': -0.505, 'help': 0.2999, 'report': -0.0668, 'trade': 0.4085, 'observe': 0.008, 'idle': 0.0721}"
1894,npc_1894,object_moved,idle,0.0,0.5479,85.7257668360488,0.5600910066429489,broken,True,"{'talk': -0.09, 'flee': 0.0668, 'observe': 0.0049, 'idle': 0.1021, 'opp_attention_component': 0.0, 'opp_distance_component': 0.0, 'opp_weapon_component': 0.0, 'opp_allies_component': 0.0, 'opp_raw_score': 0.0, 'opp_threshold': 0.65}"
1895,npc_1895,npc_interacts_npc,observe,0.3107,0.01739999999999997,3.6117900625833643,0.7978434359054007,coerced,True,"{'talk': 0.2933, 'warn': -0.005, 'intimidate': -1.0, 'flee': 0.1202, 'attack': -1.0, 'help': 0.1553, 'report': 0.2511, 'trade': 0.1346, 'observe': 0.3107, 'idle': 0.2712}"
1896,npc_1896,player_attack,idle,0.3547,0.03670000000000001,31.364153646592484,0.18708629410509903,free,True,"{'talk': 0.1605, 'warn': 0.174, 'intimidate': -1.0, 'flee': 0.2306, 'attack': -1.0, 'help': 0.0641, 'report': 0.2819, 'trade': 0.0009, 'observe': 0.318, 'idle': 0.3547}"
1897,npc_1897,smell_emitted,report,0.546,0.017800000000000038,45.43424457506485,0.2511781216206751,loyal,False,"{'talk': 0.2008, 'warn': 0.5282, 'intimidate': -0.1758, 'flee': 0.0762, 'help': 0.1788, 'report': 0.546, 'trade': 0.0944, 'observe': 0.1001, 'idle': 0.1187}"
1898,npc_1898,world_tick,call_for_help,0.235,0.0121,14.869699581346218,0.7700213293387465,coerced,True,"{'talk': 0.1121, 'warn': 0.0232, 'intimidate': -0.1082, 'flee': 0.0583, 'attack': -0.0214, 'help': 0.0594, 'report': 0.0512, 'trade': -0.0426, 'observe': 0.0228, 'block_path': 0.1273, 'ambush': 0.2229, 'seek_ally': 0.2218, 'offer_job': 0.1401, 'request_service': 0.1846, 'spread_rumor': 0.2157, 'call_for_help': 0.235, 'change_role': 0.2043, 'idle': -0.0685}"
1899,npc_1899,player_attacks,idle,0.5464,0.10360000000000003,61.542354940153686,0.8400710862543915,broken,True,"{'talk': 0.5013, 'flee': 0.2719, 'observe': 0.4349, 'idle': 0.5464, 'opp_attention_component': 0.0, 'opp_distance_component': 0.0, 'opp_weapon_component': 0.0, 'opp_allies_component': 0.0, 'opp_raw_score': 0.0, 'opp_threshold': 0.65}"
1900,npc_1900,object_destroyed,report,0.2971,0.03839999999999999,0.8285974918515904,0.3236305230482299,loyal,False,"{'talk': 0.2077, 'warn': 0.2587, 'intimidate': -0.2545, 'flee': 0.2561, 'help': 0.0634, 'report': 0.2971, 'trade': -0.0151, 'observe': 0.1756, 'idle': 0.095}"
1901,npc_1901,intimidation,idle,0.6004,0.04959999999999998,69.4878158880119,0.9809283982878314,broken,True,"{'talk': 0.0724, 'flee': 0.0586, 'observe': 0.0507, 'idle': 0.6004, 'opp_attention_component': 0.0, 'opp_distance_component': 0.0, 'opp_weapon_component': 0.0, 'opp_allies_component': 0.0, 'opp_raw_score': 0.0, 'opp_threshold': 0.65}"
1902,npc_1902,player_cast_spell,observe,0.4007,0.05620000000000003,7.508634150596915,0.9057176368695832,deceptive,True,"{'talk': 0.268, 'warn': 0.0077, 'intimidate': -1.0, 'flee': 0.1974, 'attack': -1.0, 'help': 0.1321, 'report': 0.1719, 'trade': 0.1435, 'observe': 0.4007, 'idle': 0.3445}"
1903,npc_1903,intimidation,talk,0.2061,0.4439,50.92482628195321,0.5847879342843115,broken,False,"{'talk': 0.2061, 'flee': 0.0817, 'observe': 0.0301, 'idle': 0.0798, 'opp_attention_component': 0.0, 'opp_distance_component': 0.0, 'opp_weapon_component': 0.0, 'opp_allies_component': 0.0, 'opp_raw_score': 0.0, 'opp_threshold': 0.65}"
1904,npc_1904,dialogue,talk,0.2606,0.0736,75.90125010875593,0.8606209897921769,free,True,"{'talk': 0.2606, 'warn': 0.1537, 'intimidate': -0.1261, 'flee': -0.0251, 'attack': -0.0746, 'help': 0.1567, 'report': 0.1451, 'trade': 0.187, 'observe': 0.0731, 'idle': 0.1243}"
1905,npc_1905,idle,talk,0.411,0.23900000000000005,3.9464701178395734,0.7064424897139591,broken,True,"{'talk': 0.411, 'flee': 0.0821, 'observe': 0.0218, 'idle': -0.0046, 'opp_attention_component': 0.0, 'opp_distance_component': 0.0, 'opp_weapon_component': 0.0, 'opp_allies_component': 0.0, 'opp_raw_score': 0.0, 'opp_threshold': 0.65}"
1906,npc_1906,weather_changed,idle,0.0,0.5866,89.2600403857009,0.8147432494147279,broken,True,"{'talk': 0.0004, 'flee': 0.0634, 'observe': 0.0593, 'idle': -0.0137, 'opp_attention_component': 0.0, 'opp_distance_component': 0.0, 'opp_weapon_component': 0.0, 'opp_allies_component': 0.0, 'opp_raw_score': 0.0, 'opp_threshold': 0.65}"
1907,npc_1907,npc_state_changed,idle,0.2367,0.058599999999999985,36.89930608220045,0.8403992588874559,deceptive,True,"{'talk': 0.0735, 'warn': 0.0241, 'intimidate': -0.2741, 'flee': 0.0848, 'attack': -0.2847, 'help': 0.0206, 'report': 0.0298, 'trade': 0.0155, 'observe': 0.1781, 'idle': 0.2367}"
1908,npc_1908,unknown,report,0.1813,0.01529999999999998,95.18724937624036,0.23999268125234596,free,True,"{'talk': -0.0147, 'warn': 0.0763, 'intimidate': -0.0014, 'flee': -0.0512, 'attack': 0.0029, 'help': 0.0938, 'report': 0.1813, 'trade': 0.166, 'observe': 0.0333, 'idle': 0.0379}"
1909,npc_1909,PLAYER_SPOKE,talk,0.2882,0.1051,16.099920053098458,0.8501989382833456,loyal,False,"{'talk': 0.2882, 'warn': 0.1726, 'intimidate': -0.3222, 'flee': 0.0634, 'help': 0.1831, 'report': 0.1784, 'trade': 0.0565, 'observe': 0.0626, 'idle': 0.078}"
1910,npc_1910,betrayal,observe,0.1558,0.49420000000000003,45.4831318730189,0.27757295292230255,broken,True,"{'talk': 0.0207, 'flee': 0.1059, 'observe': 0.1558, 'idle': 0.1513, 'opp_attention_component': 0.0, 'opp_distance_component': 0.0, 'opp_weapon_component': 0.0, 'opp_allies_component': 0.0, 'opp_raw_score': 0.0, 'opp_threshold': 0.65}"
1911,npc_1911,movement,help,0.4563,0.08729999999999999,42.20287698487274,0.4706942847525354,coerced,False,"{'talk': 0.369, 'warn': 0.1061, 'intimidate': -0.6001, 'flee': 0.1811, 'attack': -0.4975, 'help': 0.4563, 'report': 0.1371, 'trade': 0.2536, 'observe': 0.2473, 'idle': 0.071}"
1912,npc_1912,faction_event,idle,0.2936,0.10260000000000002,54.62571862858939,0.620872607476526,coerced,True,"{'talk': 0.1856, 'warn': 0.0406, 'intimidate': -0.0667, 'flee': -0.0524, 'attack': -0.0685, 'help': 0.0362, 'report': 0.191, 'trade': 0.1219, 'observe': 0.1096, 'idle': 0.2936}"
1913,npc_1913,betrayal,talk,0.3163,0.11130000000000004,45.101205833228384,0.36211197410450335,free,True,"{'talk': 0.3163, 'warn': -0.0597, 'intimidate': 0.0225, 'flee': -0.0662, 'attack': 0.0189, 'help': -0.0582, 'report': 0.1058, 'trade': -0.0843, 'observe': 0.205, 'idle': 0.1589}"
1914,npc_1914,player_helpers,warn,0.2982,0.003100000000000047,23.02929206373975,0.534230280586975,loyal,True,"{'talk': 0.2951, 'warn': 0.2982, 'intimidate': -0.0924, 'flee': 0.0852, 'help': 0.1168, 'report': 0.2878, 'trade': 0.158, 'observe': 0.0944, 'idle': 0.1062}"
1915,npc_1915,smell_emitted,idle,0.0,0.0002999999999999947,31.10734034111644,0.3833187637942156,coerced,True,"{'talk': 0.1253, 'warn': 0.0132, 'intimidate': -0.1195, 'flee': -0.0242, 'attack': -0.1756, 'help': 0.1256, 'report': 0.018, 'trade': 0.054, 'observe': 0.0329, 'idle': 0.1248}"
1916,npc_1916,unknown,report,0.1904,0.013300000000000006,59.2052667962425,0.44510554257664603,free,True,"{'talk': 0.0495, 'warn': 0.1646, 'intimidate': -0.2363, 'flee': 0.0549, 'attack': -0.2868, 'help': 0.0897, 'report': 0.1904, 'trade': 0.1771, 'observe': 0.1283, 'idle': 0.1665}"
1917,npc_1917,player_helpers,observe,0.2578,0.39220000000000005,11.476603681104026,0.17291654072445894,broken,False,"{'talk': 0.2447, 'flee': 0.1844, 'observe': 0.2578, 'idle': 0.0847, 'opp_attention_component': 0.0, 'opp_distance_component': 0.0, 'opp_weapon_component': 0.0, 'opp_allies_component': 0.0, 'opp_raw_score': 0.0, 'opp_threshold': 0.65}"
1918,npc_1918,faction_event,idle,0.4881,0.18279999999999996,94.36551527848998,0.5701923153243557,loyal,True,"{'flee': 0.1306, 'observe': 0.3053, 'idle': 0.4881}"
1919,npc_1919,object_moved,talk,0.4155,0.23450000000000004,59.615059985003406,0.3218115083012184,broken,False,"{'talk': 0.4155, 'flee': 0.2351, 'observe': 0.3766, 'idle': 0.2222, 'opp_attention_component': 0.0, 'opp_distance_component': 0.0, 'opp_weapon_component': 0.0, 'opp_allies_component': 0.0, 'opp_raw_score': 0.0, 'opp_threshold': 0.65}"
1920,npc_1920,movement,idle,0.6672,0.017199999999999993,51.48443780439613,0.15662658705531074,broken,True,"{'talk': 0.1467, 'flee': 0.1233, 'observe': 0.132, 'idle': 0.6672, 'opp_attention_component': 0.0, 'opp_distance_component': 0.0, 'opp_weapon_component': 0.0, 'opp_allies_component': 0.0, 'opp_raw_score': 0.0, 'opp_threshold': 0.65}"
1921,npc_1921,PLAYER_SPOKE,observe,0.3036,0.06979999999999997,6.394593551785787,0.2560190722768898,coerced,True,"{'talk': 0.1008, 'warn': 0.2338, 'intimidate': -1.0, 'flee': 0.0706, 'attack': -1.0, 'help': 0.1478, 'report': 0.1279, 'trade': 0.0886, 'observe': 0.3036, 'idle': 0.2111}"
1922,npc_1922,object_destroyed,idle,0.0,0.021199999999999997,85.42071318783348,0.06959894306268599,loyal,True,"{'talk': 0.0451, 'warn': 0.0994, 'intimidate': -0.1238, 'flee': 0.0442, 'help': 0.0199, 'report': -0.0671, 'trade': 0.0782, 'observe': -0.0477, 'idle': 0.0204}"
1923,npc_1923,player_cast_spell,idle,0.4318,0.2843,59.63299351575255,0.3943280532437303,deceptive,True,"{'talk': 0.1168, 'warn': 0.1475, 'intimidate': -1.0, 'flee': 0.0221, 'attack': -1.0, 'help': 0.0453, 'report': 0.0608, 'trade': 0.1442, 'observe': 0.0337, 'idle': 0.4318}"
1924,npc_1924,npc_interacts_npc,observe,0.2113,0.43870000000000003,50.04519943627235,0.7353462431610962,broken,True,"{'talk': 0.0701, 'flee': 0.1742, 'observe': 0.2113, 'idle': 0.1636, 'opp_attention_component': 0.0, 'opp_distance_component': 0.0, 'opp_weapon_component': 0.0, 'opp_allies_component': 0.0, 'opp_raw_score': 0.0, 'opp_threshold': 0.65}"
1925,npc_1925,smell_emitted,idle,0.3904,0.2596,74.61176667763826,0.6885729001760286,broken,True,"{'talk': 0.0448, 'flee': 0.0882, 'observe': -0.0233, 'idle': 0.3904, 'opp_attention_component': 0.0, 'opp_distance_component': 0.0, 'opp_weapon_component': 0.0, 'opp_allies_component': 0.0, 'opp_raw_score': 0.0, 'opp_threshold': 0.65}"
1926,npc_1926,proximity_close,idle,0.2576,0.1003,20.460957032636408,0.10731672324937269,coerced,True,"{'talk': -0.0526, 'warn': 0.1573, 'intimidate': -1.0, 'flee': 0.1062, 'attack': -1.0, 'help': -0.0535, 'report': 0.1479, 'trade': -0.0073, 'observe': 0.1043, 'idle': 0.2576}"
1927,npc_1927,player_attacks,trade,0.4833,0.1301,99.88371805586657,0.39006836820463175,free,False,"{'talk': 0.0185, 'warn': 0.3086, 'intimidate': -0.2792, 'flee': 0.2349, 'attack': -0.3388, 'help': 0.1137, 'report': 0.3532, 'trade': 0.4833, 'observe': 0.2551, 'idle': 0.2579}"
1928,npc_1928,player_insults,trade,0.1964,0.010699999999999987,76.51477818455798,0.9321887618886421,coerced,True,"{'talk': 0.1857, 'warn': -0.0061, 'intimidate': 0.1456, 'flee': 0.0545, 'attack': 0.1545, 'help': 0.1816, 'report': 0.0967, 'trade': 0.1964, 'observe': -0.0528, 'idle': 0.0056}"
1929,npc_1929,player_asks_why,explain,1.0,1.0,33.46391123573634,0.7142272499970997,free,True,{'explain': 1.0}
1930,npc_1930,help,trade,0.1532,0.009000000000000008,21.68909220094257,0.9806094253710713,loyal,True,"{'talk': 0.0575, 'warn': 0.1442, 'intimidate': -0.163, 'flee': 0.0445, 'help': 0.069, 'report': 0.0972, 'trade': 0.1532, 'observe': 0.1068, 'idle': 0.0323}"
1931,npc_1931,time_passed,idle,0.4122,0.009699999999999986,99.08257355347158,0.6254039827447196,loyal,True,"{'flee': 0.0512, 'observe': 0.4025, 'idle': 0.4122}"
1932,npc_1932,player_insults,talk,0.2712,0.10089999999999999,32.31634986130303,0.9883195154238446,free,True,"{'talk': 0.2712, 'warn': 0.1264, 'intimidate': -1.0, 'flee': 0.1175, 'attack': -1.0, 'help': -0.0084, 'report': 0.1385, 'trade': -0.0188, 'observe': 0.1304, 'idle': 0.1703}"
1933,npc_1933,movement,talk,0.4643,0.216,72.61996708346365,0.5986267972656958,deceptive,True,"{'talk': 0.4643, 'warn': 0.1317, 'intimidate': -0.1941, 'flee': 0.1253, 'attack': -0.081, 'help': 0.2329, 'report': 0.0651, 'trade': 0.1071, 'observe': 0.2483, 'idle': 0.1401}"
1934,npc_1934,player_insults,trade,0.527,0.030000000000000027,92.33012941845128,0.35342281107585416,loyal,False,"{'talk': 0.41, 'warn': 0.1385, 'intimidate': -1.0, 'flee': 0.497, 'help': 0.3172, 'report': 0.139, 'trade': 0.527, 'observe': 0.3387, 'idle': 0.4679}"
1935,npc_1935,npc_moved,idle,0.4168,0.3609,10.88723167889446,0.8896519815954033,deceptive,True,"{'talk': 0.004, 'warn': -0.0694, 'intimidate': -0.102, 'flee': -0.0412, 'attack': -0.042, 'help': -0.0329, 'report': 0.0559, 'trade': -0.0026, 'observe': -0.0263, 'idle': 0.4168}"
1936,npc_1936,player_attacks,idle,0.8304,0.6763,24.223689687268866,0.44421386303518573,loyal,True,"{'talk': 0.0698, 'warn': 0.0882, 'intimidate': -1.0, 'flee': -0.0462, 'help': 0.0011, 'report': 0.1541, 'trade': 0.0966, 'observe': 0.0882, 'idle': 0.8304}"
1937,npc_1937,intimidation,idle,0.2495,0.4005,18.131818785203222,0.8860684010298334,broken,True,"{'talk': 0.0409, 'flee': 0.0367, 'observe': 0.1924, 'idle': 0.2495, 'opp_attention_component': 0.0, 'opp_distance_component': 0.0, 'opp_weapon_component': 0.0, 'opp_allies_component': 0.0, 'opp_raw_score': 0.0, 'opp_threshold': 0.65}"
1938,npc_1938,player_talks,idle,0.5036,0.11020000000000002,56.367259790798585,0.3554028194358596,deceptive,True,"{'talk': 0.2845, 'warn': 0.0295, 'intimidate': -1.0, 'flee': 0.0092, 'attack': -1.0, 'help': 0.0129, 'report': 0.0221, 'trade': 0.0733, 'observe': 0.3934, 'idle': 0.5036}"
1939,npc_1939,weather_changed,idle,0.3913,0.2563,38.886695679900875,0.6455441454702583,loyal,True,"{'talk': 0.135, 'warn': 0.077, 'intimidate': -0.0532, 'flee': 0.0626, 'help': 0.0382, 'report': 0.1327, 'trade': -0.0196, 'observe': -0.0275, 'idle': 0.3913}"
1940,npc_1940,player_cast_spell,idle,0.3374,0.018600000000000005,95.91897447589362,0.6009268606655739,deceptive,True,"{'talk': 0.2076, 'warn': -0.0206, 'intimidate': -0.1402, 'flee': 0.0709, 'attack': -0.0011, 'help': 0.0825, 'report': 0.035, 'trade': 0.1455, 'observe': 0.3188, 'idle': 0.3374}"
1941,npc_1941,PLAYER_SPOKE,report,0.4634,0.0887,45.51021489827003,0.07270787496454889,loyal,False,"{'talk': 0.236, 'warn': 0.3747, 'intimidate': -0.1977, 'flee': 0.2632, 'help': 0.202, 'report': 0.4634, 'trade': 0.2987, 'observe': 0.2126, 'idle': 0.2162}"
1942,npc_1942,npc_state_changed,idle,0.2529,0.01880000000000001,91.81447257081852,0.28665257506579134,deceptive,True,"{'flee': 0.0736, 'observe': 0.2341, 'idle': 0.2529}"
1943,npc_1943,player_insults,idle,0.6648,0.33469999999999994,10.314879552033208,0.2469628597627319,free,True,"{'talk': 0.215, 'warn': 0.167, 'intimidate': -1.0, 'flee': 0.3301, 'attack': -1.0, 'help': 0.2625, 'report': 0.0932, 'trade': 0.0754, 'observe': 0.1833, 'idle': 0.6648}"
1944,npc_1944,movement,idle,0.4099,0.2946,50.376913835037115,0.40333936301042805,deceptive,True,"{'talk': 0.0205, 'warn': 0.062, 'intimidate': -1.0, 'flee': 0.0076, 'attack': -1.0, 'help': 0.094, 'report': 0.1153, 'trade': -0.0831, 'observe': 0.0915, 'idle': 0.4099}"
1945,npc_1945,light_changed,talk,0.2893,0.0426,45.565644815185976,0.7247350532357328,deceptive,True,"{'talk': 0.2893, 'warn': 0.2467, 'intimidate': -0.355, 'flee': 0.1435, 'attack': -0.173, 'help': 0.2322, 'report': 0.1604, 'trade': 0.0533, 'observe': 0.0479, 'idle': 0.1798}"
1946,npc_1946,player_attack,talk,0.4384,0.04980000000000001,44.369039464187935,0.9451545298829477,free,False,"{'talk': 0.4384, 'warn': 0.3073, 'intimidate': -1.0, 'flee': 0.3886, 'attack': -1.0, 'help': 0.2861, 'report': 0.3729, 'trade': 0.0378, 'observe': 0.3603, 'idle': 0.3437}"
1947,npc_1947,unknown,idle,0.4726,0.2713,33.25663404252531,0.35122873951014155,free,True,"{'talk': 0.1736, 'warn': 0.2013, 'intimidate': -1.0, 'flee': 0.1473, 'attack': -1.0, 'help': 0.1599, 'report': 0.0434, 'trade': 0.1679, 'observe': 0.1774, 'idle': 0.4726}"
1948,npc_1948,dialogue,report,0.3565,0.034499999999999975,78.65242872113542,0.03429897116287883,loyal,True,"{'talk': 0.1561, 'warn': 0.322, 'intimidate': -1.0, 'flee': 0.2413, 'help': 0.1239, 'report': 0.3565, 'trade': 0.2434, 'observe': 0.1857, 'idle': 0.2532}"
1949,npc_1949,npc_interacts_npc,observe,0.1982,0.017099999999999976,52.15737239787364,0.033236822258110976,free,True,"{'talk': 0.0574, 'warn': 0.1811, 'intimidate': -0.3035, 'flee': 0.1271, 'attack': -0.2776, 'help': 0.1255, 'report': 0.125, 'trade': 0.0898, 'observe': 0.1982, 'idle': 0.0813}"
1950,npc_1950,npc_moved,report,0.3121,0.10669999999999999,82.79439727308909,0.5206934208934737,deceptive,True,"{'talk': 0.0968, 'warn': 0.1496, 'intimidate': -0.0992, 'flee': 0.0592, 'attack': -0.1633, 'help': 0.1773, 'report': 0.3121, 'trade': -0.0255, 'observe': 0.0644, 'idle': 0.2054}"
1951,npc_1951,help,report,0.1876,0.006499999999999978,21.575082118316825,0.9213283397395896,deceptive,False,"{'talk': 0.1551, 'warn': 0.1474, 'intimidate': -0.411, 'flee': 0.1587, 'attack': -0.4142, 'help': 0.0628, 'report': 0.1876, 'trade': 0.1333, 'observe': 0.1811, 'idle': 0.1153}"
1952,npc_1952,player_attacks,idle,0.0,0.004699999999999996,73.50131862909616,0.10048349060776729,deceptive,True,"{'talk': -0.0784, 'warn': 0.0231, 'intimidate': -0.1095, 'flee': 0.0402, 'attack': 0.0215, 'help': -0.0617, 'report': 0.0944, 'trade': 0.0724, 'observe': 0.0897, 'idle': -0.0274}"
1953,npc_1953,light_changed,idle,0.3945,0.2555,80.59243286053345,0.34261224779807653,broken,True,"{'talk': 0.1055, 'flee': 0.0793, 'observe': 0.1952, 'idle': 0.3945, 'opp_attention_component': 0.0, 'opp_distance_component': 0.0, 'opp_weapon_component': 0.0, 'opp_allies_component': 0.0, 'opp_raw_score': 0.0, 'opp_threshold': 0.65}"
1954,npc_1954,saved_life,talk,0.38,0.0519,57.98535886756716,0.5229969447189347,free,False,"{'talk': 0.38, 'warn': 0.2591, 'intimidate': -0.3122, 'flee': -0.0045, 'attack': -0.3295, 'help': 0.3281, 'report': 0.2352, 'trade': 0.2665, 'observe': 0.1147, 'idle': -0.052}"
1955,npc_1955,theft,report,0.5769,0.029999999999999916,33.57151564359357,0.5537308274743035,deceptive,False,"{'talk': 0.0532, 'warn': 0.5469, 'intimidate': -1.0, 'flee': 0.1003, 'attack': -1.0, 'help': 0.0403, 'report': 0.5769, 'trade': 0.1844, 'observe': 0.2851, 'idle': 0.2069}"
1956,npc_1956,player_attack,idle,0.2384,0.01319999999999999,82.43930377528757,0.22526428690933087,coerced,True,"{'talk': -0.0045, 'warn': -0.0105, 'intimidate': -0.1241, 'flee': 0.1299, 'attack': -0.0566, 'help': -0.0125, 'report': -0.0104, 'trade': 0.2252, 'observe': 0.1274, 'idle': 0.2384}"
1957,npc_1957,player_talks,warn,0.2592,0.01849999999999999,87.11779612513061,0.6469038399759792,loyal,True,"{'talk': 0.0116, 'warn': 0.2592, 'intimidate': -0.0208, 'flee': -0.0668, 'help': 0.0054, 'report': 0.2407, 'trade': -0.0816, 'observe': 0.0148, 'idle': 0.0694}"
1958,npc_1958,sound_emitted,idle,0.199,0.451,86.77799758360113,0.4958152073023194,broken,False,"{'talk': 0.0492, 'flee': 0.0851, 'observe': 0.0388, 'idle': 0.199, 'opp_attention_component': 0.0, 'opp_distance_component': 0.0, 'opp_weapon_component': 0.0, 'opp_allies_component': 0.0, 'opp_raw_score': 0.0, 'opp_threshold': 0.65}"
1959,npc_1959,help,idle,0.318,0.030100000000000016,96.86055117525625,0.9592470268406281,free,True,"{'talk': 0.2879, 'warn': 0.014, 'intimidate': -0.0446, 'flee': 0.0239, 'attack': -0.0443, 'help': 0.0132, 'report': 0.0264, 'trade': 0.0553, 'observe': 0.214, 'idle': 0.318}"
1960,npc_1960,player_interacts,talk,0.5984,0.05159999999999998,92.7480186587973,0.4391923936578196,broken,True,"{'talk': 0.5984, 'flee': -0.0962, 'observe': 0.4769, 'idle': 0.1578, 'opp_attention_component': 0.0, 'opp_distance_component': 0.0, 'opp_weapon_component': 0.0, 'opp_allies_component': 0.0, 'opp_raw_score': 0.0, 'opp_threshold': 0.65}"
1961,npc_1961,faction_event,report,0.3547,0.11760000000000001,5.992711060397338,0.7836442176353371,coerced,True,"{'talk': -0.0234, 'warn': 0.1279, 'intimidate': -0.0432, 'flee': 0.003, 'attack': -0.0215, 'help': -0.0261, 'report': 0.3547, 'trade': 0.2371, 'observe': 0.1594, 'idle': 0.0525}"
1962,npc_1962,help,idle,0.2971,0.35290000000000005,3.6891876519950073,0.36997907001789787,broken,True,"{'talk': 0.1039, 'flee': 0.1458, 'observe': 0.2334, 'idle': 0.2971, 'opp_attention_component': 0.0, 'opp_distance_component': 0.0, 'opp_weapon_component': 0.0, 'opp_allies_component': 0.0, 'opp_raw_score': 0.0, 'opp_threshold': 0.65}"
1963,npc_1963,proximity_close,idle,0.2597,0.07769999999999999,79.81615132352319,0.7302938462630001,free,True,"{'talk': 0.0069, 'warn': 0.182, 'intimidate': -1.0, 'flee': 0.159, 'attack': -1.0, 'help': -0.0678, 'report': 0.1772, 'trade': 0.0879, 'observe': 0.1252, 'idle': 0.2597}"
1964,npc_1964,combat,talk,0.3731,0.27690000000000003,89.89543033660892,0.0024306677656886766,broken,False,"{'talk': 0.3731, 'flee': -0.0027, 'observe': -0.044, 'idle': -0.0723, 'opp_attention_component': 0.0, 'opp_distance_component': 0.0, 'opp_weapon_component': 0.0, 'opp_allies_component': 0.0, 'opp_raw_score': 0.0, 'opp_threshold': 0.65}"
1965,npc_1965,PLAYER_SPOKE,talk,0.1942,0.04390000000000002,38.538737659389746,0.9446574109065708,free,True,"{'talk': 0.1942, 'warn': 0.0974, 'intimidate': 0.0113, 'flee': -0.0211, 'attack': -0.1274, 'help': -0.0266, 'report': 0.1503, 'trade': 0.063, 'observe': 0.0871, 'idle': 0.0108}"
1966,npc_1966,npc_state_changed,observe,0.2911,0.3589,0.6628232954375646,0.6386126880478776,broken,True,"{'talk': -0.0449, 'flee': 0.0259, 'observe': 0.2911, 'idle': 0.2378, 'opp_attention_component': 0.0, 'opp_distance_component': 0.0, 'opp_weapon_component': 0.0, 'opp_allies_component': 0.0, 'opp_raw_score': 0.0, 'opp_threshold': 0.65}"
1967,npc_1967,player_helpers,idle,0.3504,0.23309999999999997,15.144615923396964,0.2438427668411357,coerced,True,"{'talk': 0.101, 'warn': 0.0946, 'intimidate': -1.0, 'flee': 0.1173, 'attack': -1.0, 'help': 0.0023, 'report': 0.0381, 'trade': 0.0476, 'observe': 0.0964, 'idle': 0.3504}"
1968,npc_1968,dialogue,observe,0.1817,0.46830000000000005,64.01652373849046,0.6859954308796568,broken,True,"{'talk': 0.0708, 'flee': 0.0889, 'observe': 0.1817, 'idle': 0.1413, 'opp_attention_component': 0.0, 'opp_distance_component': 0.0, 'opp_weapon_component': 0.0, 'opp_allies_component': 0.0, 'opp_raw_score': 0.0, 'opp_threshold': 0.65}"
1969,npc_1969,saved_life,observe,0.6472,0.03359999999999996,96.39365887392582,0.22990978810442753,deceptive,True,"{'flee': 0.1375, 'observe': 0.6472, 'idle': 0.6136}"
1970,npc_1970,proximity_close,help,0.5005,0.12809999999999994,55.457815289935766,0.10180910419065603,free,False,"{'talk': 0.3724, 'warn': 0.2382, 'intimidate': -0.3775, 'flee': 0.0144, 'attack': -0.4744, 'help': 0.5005, 'report': 0.2778, 'trade': 0.3052, 'observe': 0.1413, 'idle': 0.0644}"
1971,npc_1971,idle,idle,0.3207,0.1488,64.44507008295857,0.11034865195759691,coerced,True,"{'talk': -0.0026, 'warn': -0.0276, 'intimidate': -1.0, 'flee': 0.1719, 'attack': -1.0, 'help': 0.1074, 'report': -0.0462, 'trade': 0.1685, 'observe': 0.0762, 'idle': 0.3207}"
1972,npc_1972,player_talks,observe,0.4625,0.005500000000000005,23.56805184164973,0.39717807648981696,deceptive,True,"{'talk': 0.3367, 'warn': 0.0168, 'intimidate': -1.0, 'flee': 0.1662, 'attack': -1.0, 'help': -0.0161, 'report': 0.2163, 'trade': 0.092, 'observe': 0.4625, 'idle': 0.457}"
1973,npc_1973,dialogue,talk,0.5069,0.05810000000000004,9.92994006184097,0.04311207648715465,free,False,"{'talk': 0.5069, 'warn': -0.0475, 'intimidate': -1.0, 'flee': 0.3233, 'attack': -1.0, 'help': 0.4012, 'report': -0.0545, 'trade': 0.3858, 'observe': 0.4488, 'idle': 0.4333}"
1974,npc_1974,player_cast_spell,idle,0.2969,0.1205,3.717025789865236,0.35381802308511345,deceptive,True,"{'talk': 0.0717, 'warn': -0.0623, 'intimidate': -0.3006, 'flee': 0.1764, 'attack': -0.2563, 'help': 0.1119, 'report': 0.0349, 'trade': 0.1226, 'observe': 0.1043, 'idle': 0.2969}"
1975,npc_1975,dialogue,idle,0.5496,0.10040000000000004,47.104431678085454,0.973661925296313,broken,True,"{'talk': 0.4238, 'flee': 0.2865, 'observe': 0.5042, 'idle': 0.5496, 'opp_attention_component': 0.0, 'opp_distance_component': 0.0, 'opp_weapon_component': 0.0, 'opp_allies_component': 0.0, 'opp_raw_score': 0.0, 'opp_threshold': 0.65}"
1976,npc_1976,PLAYER_ATTACKED,idle,0.0,0.5378000000000001,63.24914185499498,0.49243767772180147,broken,True,"{'talk': 0.0852, 'flee': 0.0069, 'observe': 0.1086, 'idle': 0.1122, 'opp_attention_component': 0.0, 'opp_distance_component': 0.0, 'opp_weapon_component': 0.0, 'opp_allies_component': 0.0, 'opp_raw_score': 0.0, 'opp_threshold': 0.65}"
1977,npc_1977,help,idle,0.1683,0.4817,17.292073469746107,0.17465384277754215,broken,False,"{'talk': 0.1327, 'flee': 0.0665, 'observe': 0.1385, 'idle': 0.1683, 'opp_attention_component': 0.0, 'opp_distance_component': 0.0, 'opp_weapon_component': 0.0, 'opp_allies_component': 0.0, 'opp_raw_score': 0.0, 'opp_threshold': 0.65}"
1978,npc_1978,combat,idle,0.2138,0.045499999999999985,40.181839307704315,0.4545217569625243,deceptive,True,"{'talk': 0.1271, 'warn': -0.0129, 'intimidate': 0.0059, 'flee': -0.0231, 'attack': 0.1239, 'help': 0.0237, 'report': 0.1683, 'trade': -0.0143, 'observe': 0.1592, 'idle': 0.2138}"
1979,npc_1979,player_used_item,talk,0.5321,0.0706,1.7068082691302333,0.24400874629365277,free,False,"{'talk': 0.5321, 'warn': 0.4615, 'intimidate': -1.0, 'flee': 0.2211, 'attack': -1.0, 'help': 0.4247, 'report': 0.452, 'trade': 0.0953, 'observe': 0.2099, 'idle': 0.2695}"
1980,npc_1980,object_destroyed,warn,0.4467,0.043399999999999994,76.58844691706433,0.0023647344317508923,coerced,False,"{'talk': 0.2088, 'warn': 0.4467, 'intimidate': -0.3017, 'flee': 0.0503, 'attack': -0.2544, 'help': 0.2428, 'report': 0.4033, 'trade': 0.1013, 'observe': 0.1249, 'idle': 0.0371}"
1981,npc_1981,PLAYER_ATTACKED,trade,0.2242,0.05050000000000002,32.68758221387314,0.16638109822733227,deceptive,False,"{'talk': 0.0493, 'warn': 0.0329, 'intimidate': -0.5131, 'flee': 0.0003, 'attack': -0.5256, 'help': 0.1737, 'report': 0.1186, 'trade': 0.2242, 'observe': 0.0471, 'idle': 0.1323}"
1982,npc_1982,player_talks,trade,0.2163,0.07949999999999999,95.34352060866618,0.47535873268332407,free,True,"{'talk': 0.0694, 'warn': 0.0979, 'intimidate': -0.2433, 'flee': 0.0077, 'attack': -0.1675, 'help': 0.1368, 'report': 0.0374, 'trade': 0.2163, 'observe': 0.0625, 'idle': 0.1154}"
1983,npc_1983,npc_state_changed,report,0.2164,0.019200000000000023,84.15051164481478,0.7713532182646995,coerced,True,"{'talk': 0.1094, 'warn': 0.1972, 'intimidate': -0.0861, 'flee': 0.0871, 'attack': -0.1201, 'help': 0.0162, 'report': 0.2164, 'trade': 0.034, 'observe': 0.1038, 'idle': 0.0401}"
1984,npc_1984,saved_life,report,0.2485,0.0431,15.00723712483537,0.527256144459418,deceptive,False,"{'talk': 0.1208, 'warn': 0.076, 'intimidate': -0.4045, 'flee': -0.0097, 'attack': -0.3846, 'help': 0.1727, 'report': 0.2485, 'trade': 0.2054, 'observe': 0.1439, 'idle': 0.1419}"
1985,npc_1985,player_attack,idle,0.9107,0.7078,4.3844829255405005,0.19164297842352696,deceptive,True,"{'talk': 0.1109, 'warn': 0.1341, 'intimidate': -1.0, 'flee': 0.0892, 'attack': -1.0, 'help': 0.041, 'report': 0.1823, 'trade': 0.0726, 'observe': 0.2029, 'idle': 0.9107}"
1986,npc_1986,npc_spoke,talk,0.5181,0.13190000000000002,9.863374737911567,0.9571005859473777,broken,True,"{'talk': 0.5181, 'flee': 0.1201, 'observe': 0.3646, 'idle': 0.3362, 'opp_attention_component': 0.0, 'opp_distance_component': 0.0, 'opp_weapon_component': 0.0, 'opp_allies_component': 0.0, 'opp_raw_score': 0.0, 'opp_threshold': 0.65}"
1987,npc_1987,object_moved,idle,0.5125,0.00979999999999992,7.435502054608689,0.8847795852568587,loyal,False,"{'talk': 0.1721, 'warn': 0.4461, 'intimidate': -1.0, 'flee': 0.4193, 'help': 0.1652, 'report': 0.3653, 'trade': 0.2606, 'observe': 0.5027, 'idle': 0.5125}"
1988,npc_1988,player_attack,warn,0.4618,0.004400000000000015,98.04746642339721,0.8829328485306827,free,True,"{'talk': -0.0099, 'warn': 0.4618, 'intimidate': -1.0, 'flee': 0.3233, 'attack': -1.0, 'help': -0.0181, 'report': 0.4574, 'trade': 0.1259, 'observe': 0.2279, 'idle': 0.369}"
1989,npc_1989,dialogue,idle,0.5414,0.029100000000000015,96.4809755369283,0.9550184968008245,free,False,"{'flee': 0.4938, 'observe': 0.5123, 'idle': 0.5414}"
1990,npc_1990,npc_interacts_npc,idle,0.4258,0.11130000000000001,81.99048113768352,0.12297220841903811,coerced,True,"{'talk': -0.0034, 'warn': 0.0859, 'intimidate': -1.0, 'flee': 0.0368, 'attack': -1.0, 'help': 0.1148, 'report': 0.0384, 'trade': -0.0422, 'observe': 0.3145, 'idle': 0.4258}"
1991,npc_1991,combat,report,0.3556,0.027200000000000002,27.475054494718986,0.2288245182658123,deceptive,True,"{'talk': 0.2054, 'warn': 0.3057, 'intimidate': 0.3284, 'flee': 0.118, 'attack': 0.2728, 'help': 0.1402, 'report': 0.3556, 'trade': 0.1302, 'observe': 0.2026, 'idle': 0.2002}"
1992,npc_1992,object_moved,idle,0.0,0.017299999999999996,23.80659601023619,0.3186021383617993,deceptive,True,"{'talk': 0.0535, 'warn': -0.0416, 'intimidate': -0.2938, 'flee': 0.0951, 'attack': -0.2494, 'help': 0.0752, 'report': 0.0469, 'trade': -0.0122, 'observe': 0.0314, 'idle': 0.1124}"
1993,npc_1993,player_insults,observe,0.5334,0.011900000000000022,10.340016406870223,0.9803997427181191,free,True,"{'talk': 0.4083, 'warn': 0.0946, 'intimidate': -1.0, 'flee': 0.1502, 'attack': -1.0, 'help': 0.2132, 'report': 0.1059, 'trade': 0.0408, 'observe': 0.5334, 'idle': 0.5215}"
1994,npc_1994,npc_proximity_leave,idle,0.323,0.14150000000000001,83.56106257773978,0.3757408935838419,loyal,True,"{'talk': 0.1815, 'warn': 0.0616, 'intimidate': -1.0, 'flee': 0.0006, 'help': 0.0806, 'report': 0.0785, 'trade': 0.0419, 'observe': 0.181, 'idle': 0.323}"
1995,npc_1995,player_asks_why,explain,1.0,1.0,37.1119417143833,0.608706462895852,loyal,True,{'explain': 1.0}
1996,npc_1996,proximity_close,warn,0.2366,0.009700000000000014,21.4266706062617,0.11557536213352959,deceptive,True,"{'talk': 0.0188, 'warn': 0.2366, 'intimidate': -0.1737, 'flee': 0.1916, 'attack': -0.1181, 'help': 0.0695, 'report': 0.2269, 'trade': 0.0739, 'observe': 0.0735, 'idle': 0.157}"
1997,npc_1997,proximity_close,talk,0.375,0.2018,6.742089637098914,0.39057126937970843,deceptive,True,"{'talk': 0.375, 'warn': 0.0836, 'intimidate': -0.076, 'flee': 0.0272, 'attack': -0.1135, 'help': 0.1027, 'report': 0.064, 'trade': -0.0519, 'observe': 0.1732, 'idle': 0.1557}"
1998,npc_1998,PLAYER_ATTACKED,report,0.7823,0.03080000000000005,82.92050430945636,0.4879677408397165,loyal,False,"{'talk': 0.4721, 'warn': 0.7515, 'intimidate': -0.1012, 'flee': -0.0174, 'help': 0.333, 'report': 0.7823, 'trade': 0.2803, 'observe': 0.0899, 'idle': 0.098}"
1999,npc_1999,player_attack,idle,0.0,0.026900000000000007,93.65510760439034,0.5544100116828088,coerced,True,"{'flee': 0.1091, 'observe': 0.0822, 'idle': 0.0736}"
2000,npc_2000,player_interacts,talk,0.1645,0.006500000000000006,42.46183199797805,0.9579734427103773,coerced,True,"{'talk': 0.1645, 'warn': -0.0513, 'intimidate': -0.207, 'flee': 0.0314, 'attack': -0.0693, 'help': 0.0918, 'report': -0.0794, 'trade': -0.0468, 'observe': 0.158, 'idle': 0.1093}"
