tick,npc_id,hp,max_hp,stress,resentment,identity_integrity,intent,intent_score,emotion,gold,delta_stress,delta_gold,delta_hp,max_urgency,active_drives
1,guard_borko,30,30,0.0,0.0,0.989,ambush,0.436,нейтрально,16.7,0.0,0.0,0,0.31,
1,merchant_goran,20,20,0.0,0.0,0.989,offer_job,0.679,нейтрально,70.6,0.0,0.0,0,0.31,
1,maid_lusya,15,15,0.01,0.0,0.989,call_for_help,0.342,нейтрально,6.9,0.01,0.0,0,0.31,
1,blacksmith_orm,45,45,0.0,0.0,0.989,request_service,0.725,нейтрально,51.0,0.0,0.0,0,0.31,
1,thief_shadow,35,35,0.0,0.0,0.989,block_path,0.46,нейтрально,36.3,0.0,0.0,0,0.31,
1,tavern_keeper_tornin,40,40,0.0,0.0,0.989,call_for_help,0.339,нейтрально,41.2,0.0,0.0,0,0.31,
1,player,100,100,0.0,0.0,1.0,survive,0.0,спокоен,48.0,0.0,0.0,0,0.31,
2,guard_borko,30,30,0.0,0.0,0.989,ambush,0.374,нейтрально,16.7,0.0,0.0,0,0.32,
2,merchant_goran,20,20,0.0,0.0,0.989,offer_job,0.699,нейтрально,70.6,0.0,0.0,0,0.32,
2,maid_lusya,15,15,0.02,0.0,0.989,call_for_help,0.249,нейтрально,6.9,0.01,0.0,0,0.32,
2,blacksmith_orm,45,45,0.0,0.0,0.989,request_service,0.838,нейтрально,51.0,0.0,0.0,0,0.32,
2,thief_shadow,35,35,0.0,0.0,0.989,block_path,0.411,нейтрально,36.3,0.0,0.0,0,0.32,
2,tavern_keeper_tornin,40,40,0.0,0.0,0.989,call_for_help,0.233,нейтрально,41.2,0.0,0.0,0,0.32,
2,player,100,100,0.0,0.0,1.0,survive,0.0,спокоен,48.0,0.0,0.0,0,0.32,
3,guard_borko,30,30,0.0,0.0,0.989,ambush,0.408,нейтрально,16.7,0.0,0.0,0,0.33,
3,merchant_goran,20,20,0.0,0.0,0.989,offer_job,0.778,нейтрально,70.6,0.0,0.0,0,0.33,
3,maid_lusya,15,15,0.03,0.0,0.989,call_for_help,0.315,нейтрально,6.9,0.01,0.0,0,0.33,
3,blacksmith_orm,45,45,0.0,0.0,0.989,request_service,0.818,нейтрально,51.0,0.0,0.0,0,0.33,
3,thief_shadow,35,35,0.0,0.0,0.989,block_path,0.607,нейтрально,36.3,0.0,0.0,0,0.33,
3,tavern_keeper_tornin,40,40,0.0,0.0,0.989,call_for_help,0.385,нейтрально,41.2,0.0,0.0,0,0.33,
3,player,100,100,0.0,0.0,1.0,survive,0.0,спокоен,48.0,0.0,0.0,0,0.33,
4,guard_borko,30,30,0.0,0.0,0.989,ambush,0.445,нейтрально,16.7,0.0,0.0,0,0.34,
4,merchant_goran,20,20,0.0,0.0,0.989,offer_job,0.636,нейтрально,70.6,0.0,0.0,0,0.34,
4,maid_lusya,15,15,0.04,0.0,0.989,call_for_help,0.407,нейтрально,6.9,0.01,0.0,0,0.34,
4,blacksmith_orm,45,45,0.0,0.0,0.989,request_service,0.77,нейтрально,51.0,0.0,0.0,0,0.34,
4,thief_shadow,35,35,0.0,0.0,0.989,block_path,0.513,нейтрально,36.3,0.0,0.0,0,0.34,
4,tavern_keeper_tornin,40,40,0.0,0.0,0.989,call_for_help,0.426,нейтрально,41.2,0.0,0.0,0,0.34,
4,player,100,100,0.0,0.0,1.0,survive,0.0,спокоен,48.0,0.0,0.0,0,0.34,
5,guard_borko,30,30,0.0,0.0,0.989,ambush,0.515,нейтрально,16.7,0.0,0.0,0,0.36,
5,merchant_goran,20,20,0.0,0.0,0.989,offer_job,0.682,нейтрально,70.6,0.0,0.0,0,0.43,
5,maid_lusya,15,15,0.05,0.0,0.989,call_for_help,0.275,нейтрально,6.9,0.01,0.0,0,0.41,
5,blacksmith_orm,45,45,0.0,0.0,0.989,request_service,0.822,нейтрально,51.0,0.0,0.0,0,0.42,
5,thief_shadow,35,35,0.0,0.0,0.989,block_path,0.611,нейтрально,36.3,0.0,0.0,0,0.42,
5,tavern_keeper_tornin,40,40,0.0,0.0,0.989,call_for_help,0.386,нейтрально,41.2,0.0,0.0,0,0.35,
5,player,100,100,0.0,0.0,1.0,survive,0.0,спокоен,48.0,0.0,0.0,0,0.4,
6,guard_borko,30,30,0.0,0.0,0.989,ambush,0.477,нейтрально,16.7,0.0,0.0,0,0.43,
6,merchant_goran,20,20,0.0,0.0,0.989,offer_job,0.776,нейтрально,70.6,0.0,0.0,0,0.36,
6,maid_lusya,15,15,0.06,0.0,0.989,call_for_help,0.314,нейтрально,6.9,0.01,0.0,0,0.36,
6,blacksmith_orm,45,45,0.0,0.0,0.989,request_service,0.833,нейтрально,51.0,0.0,0.0,0,0.36,
6,thief_shadow,35,35,0.0,0.0,0.989,block_path,0.696,нейтрально,36.3,0.0,0.0,0,0.36,
6,tavern_keeper_tornin,40,40,0.0,0.0,0.989,call_for_help,0.414,нейтрально,41.2,0.0,0.0,0,0.42,
6,player,100,100,0.0,0.0,1.0,survive,0.0,спокоен,48.0,0.0,0.0,0,0.36,
7,guard_borko,30,30,0.0,0.0,0.989,ambush,0.505,нейтрально,16.7,0.0,0.0,0,0.37,
7,merchant_goran,20,20,0.0,0.0,0.989,offer_job,0.792,нейтрально,70.6,0.0,0.0,0,0.37,
7,maid_lusya,15,15,0.07,0.0,0.989,call_for_help,0.443,нейтрально,6.9,0.01,0.0,0,0.37,
7,blacksmith_orm,45,45,0.0,0.0,0.989,request_service,0.825,нейтрально,51.0,0.0,0.0,0,0.37,
7,thief_shadow,35,35,0.0,0.0,0.989,block_path,0.621,нейтрально,36.3,0.0,0.0,0,0.37,
7,tavern_keeper_tornin,40,40,0.0,0.0,0.989,call_for_help,0.515,нейтрально,41.2,0.0,0.0,0,0.38,
7,player,100,100,0.0,0.0,1.0,survive,0.0,спокоен,48.0,0.0,0.0,0,0.37,
8,guard_borko,30,30,0.0,0.0,0.989,ambush,0.579,нейтрально,16.7,0.0,0.0,0,0.39,
8,merchant_goran,20,20,0.0,0.0,0.989,offer_job,0.85,нейтрально,70.6,0.0,0.0,0,0.38,
8,maid_lusya,15,15,0.08,0.0,0.989,call_for_help,0.535,нейтрально,6.9,0.01,0.0,0,0.37,
8,blacksmith_orm,45,45,0.0,0.0,0.989,request_service,0.924,нейтрально,51.0,0.0,0.0,0,0.38,
8,thief_shadow,35,35,0.0,0.0,0.989,block_path,0.653,нейтрально,36.3,0.0,0.0,0,0.38,
8,tavern_keeper_tornin,40,40,0.0,0.0,0.989,call_for_help,0.529,нейтрально,41.2,0.0,0.0,0,0.39,
8,player,100,100,0.0,0.0,1.0,survive,0.0,спокоен,48.0,0.0,0.0,0,0.38,
9,guard_borko,30,30,0.0,0.0,0.989,ambush,0.478,нейтрально,16.7,0.0,0.0,0,0.4,
9,merchant_goran,20,20,0.0,0.0,0.989,offer_job,0.739,нейтрально,70.6,0.0,0.0,0,0.39,
9,maid_lusya,15,15,0.09,0.0,0.989,call_for_help,0.358,нейтрально,6.9,0.01,0.0,0,0.38,
9,blacksmith_orm,45,45,0.0,0.0,0.989,request_service,0.74,нейтрально,51.0,0.0,0.0,0,0.39,
9,thief_shadow,35,35,0.0,0.0,0.989,block_path,0.646,нейтрально,36.3,0.0,0.0,0,0.39,
9,tavern_keeper_tornin,40,40,0.0,0.0,0.989,call_for_help,0.354,нейтрально,41.2,0.0,0.0,0,0.4,
9,player,100,100,0.0,0.0,1.0,survive,0.0,спокоен,48.0,0.0,0.0,0,0.39,
10,guard_borko,30,30,0.0,0.0,0.989,ambush,0.434,нейтрально,16.7,0.0,0.0,0,0.41,
10,merchant_goran,20,20,0.0,0.0,0.989,offer_job,0.719,нейтрально,70.6,0.0,0.0,0,0.43,
10,maid_lusya,15,15,0.1,0.0,0.989,call_for_help,0.171,нейтрально,6.9,0.01,0.0,0,0.41,
10,blacksmith_orm,45,45,0.0,0.0,0.989,request_service,0.665,нейтрально,51.0,0.0,0.0,0,0.42,
10,thief_shadow,35,35,0.0,0.0,0.989,block_path,0.549,нейтрально,36.3,0.0,0.0,0,0.42,
10,tavern_keeper_tornin,40,40,0.0,0.0,0.989,call_for_help,0.302,нейтрально,41.2,0.0,0.0,0,0.41,
10,player,100,100,0.0,0.0,1.0,survive,0.0,спокоен,48.0,0.0,0.0,0,0.4,
11,guard_borko,30,30,0.0,0.0,0.989,ambush,0.274,нейтрально,16.7,0.0,0.0,0,0.42,
11,merchant_goran,20,20,0.0,0.0,0.989,offer_job,0.654,нейтрально,70.6,0.0,0.0,0,0.41,
11,maid_lusya,15,15,0.11,0.0,0.989,idle,0.0,нейтрально,6.9,0.01,0.0,0,0.49,
11,blacksmith_orm,45,45,0.0,0.0,0.989,request_service,0.736,нейтрально,51.0,0.0,0.0,0,0.41,
11,thief_shadow,35,35,0.0,0.0,0.989,block_path,0.347,нейтрально,36.3,0.0,0.0,0,0.5,
11,tavern_keeper_tornin,40,40,0.0,0.0,0.989,call_for_help,0.314,нейтрально,41.2,0.0,0.0,0,0.42,
11,player,100,100,0.0,0.0,1.0,survive,0.0,спокоен,48.0,0.0,0.0,0,0.41,
12,guard_borko,30,30,0.0,0.0,0.989,ambush,0.237,нейтрально,16.7,0.0,0.0,0,0.43,
12,merchant_goran,20,20,0.0,0.0,0.989,offer_job,0.539,нейтрально,70.6,0.0,0.0,0,0.42,
12,maid_lusya,15,15,0.12,0.0,0.989,spread_rumor,0.228,нейтрально,6.9,0.01,0.0,0,0.58,
12,blacksmith_orm,45,45,0.0,0.0,0.989,request_service,0.479,нейтрально,51.0,0.0,0.0,0,0.42,
12,thief_shadow,35,35,0.0,0.0,0.989,block_path,0.32,нейтрально,36.3,0.0,0.0,0,0.58,
12,tavern_keeper_tornin,40,40,0.0,0.0,0.989,call_for_help,0.19,нейтрально,41.2,0.0,0.0,0,0.43,
12,player,100,100,0.0,0.0,1.0,survive,0.0,спокоен,48.0,0.0,0.0,0,0.42,
13,guard_borko,30,30,0.0,0.0,0.989,idle,0.0,нейтрально,16.7,0.0,0.0,0,0.44,
13,merchant_goran,20,20,0.0,0.0,0.989,offer_job,0.439,нейтрально,70.6,0.0,0.0,0,0.43,
13,maid_lusya,15,15,4.09,0.0,0.989,call_for_help,0.301,тревога,6.9,3.97,0.0,0,0.66,hunger(0.66)
13,blacksmith_orm,45,45,0.0,0.0,0.989,request_service,0.422,нейтрально,51.0,0.0,0.0,0,0.43,
13,thief_shadow,35,35,3.99,0.0,0.989,block_path,0.208,тревога,36.3,3.99,0.0,0,0.66,hunger(0.66)
13,tavern_keeper_tornin,40,40,0.0,0.0,0.989,idle,0.0,нейтрально,41.2,0.0,0.0,0,0.44,
13,player,100,100,0.0,0.0,1.0,survive,0.0,спокоен,48.0,0.0,0.0,0,0.43,
14,guard_borko,30,30,0.0,0.0,0.989,talk,0.316,нейтрально,16.7,0.0,0.0,0,0.45,
14,merchant_goran,20,20,0.0,0.0,0.989,request_service,0.599,нейтрально,70.6,0.0,0.0,0,0.44,
14,maid_lusya,15,15,4.1,0.0,0.975,call_for_help,0.343,тревога,6.79,0.01,0.0,0,0.43,
14,blacksmith_orm,45,45,0.0,0.0,0.989,request_service,0.347,нейтрально,51.0,0.0,0.0,0,0.44,
14,thief_shadow,35,35,3.99,0.0,0.975,ambush,0.452,тревога,36.19,0.0,0.0,0,0.44,
14,tavern_keeper_tornin,40,40,0.0,0.0,0.989,call_for_help,0.339,нейтрально,41.42,0.0,0.0,0,0.45,
14,player,100,100,0.0,0.0,1.0,survive,0.0,спокоен,48.0,0.0,0.0,0,0.44,
15,guard_borko,30,30,0.0,0.0,0.989,talk,0.34,нейтрально,16.7,0.0,0.0,0,0.46,
15,merchant_goran,20,20,0.0,0.0,0.989,request_service,0.602,нейтрально,70.6,0.0,0.0,0,0.45,
15,maid_lusya,15,15,4.11,0.0,0.963,call_for_help,0.377,нейтрально,6.79,0.01,0.0,0,0.44,
15,blacksmith_orm,45,45,0.0,0.0,0.989,request_service,0.323,нейтрально,51.0,0.0,0.0,0,0.45,
15,thief_shadow,35,35,3.99,0.0,0.963,ambush,0.472,нейтрально,36.19,0.0,0.0,0,0.45,
15,tavern_keeper_tornin,40,40,0.0,0.0,0.989,call_for_help,0.211,нейтрально,41.42,0.0,0.0,0,0.46,
15,player,100,100,0.0,0.0,1.0,survive,0.0,спокоен,48.0,0.0,0.0,0,0.45,
16,guard_borko,30,30,0.0,0.0,0.989,talk,0.361,нейтрально,16.7,0.0,0.0,0,0.47,
16,merchant_goran,20,20,0.0,0.0,0.989,request_service,0.637,нейтрально,70.6,0.0,0.0,0,0.46,
16,maid_lusya,15,15,4.12,0.0,0.951,call_for_help,0.311,нейтрально,6.79,0.01,0.0,0,0.45,
16,blacksmith_orm,45,45,0.0,0.0,0.989,request_service,0.189,нейтрально,51.0,0.0,0.0,0,0.46,
16,thief_shadow,35,35,3.99,0.0,0.951,ambush,0.445,нейтрально,36.19,0.0,0.0,0,0.46,
16,tavern_keeper_tornin,40,40,0.0,0.0,0.989,call_for_help,0.377,нейтрально,41.42,0.0,0.0,0,0.47,
16,player,100,100,0.0,0.0,1.0,survive,0.0,спокоен,48.0,0.0,0.0,0,0.46,
17,guard_borko,30,30,0.0,0.0,0.989,talk,0.259,нейтрально,16.7,0.0,0.0,0,0.48,
17,merchant_goran,20,20,0.0,0.0,0.989,request_service,0.788,нейтрально,70.6,0.0,0.0,0,0.47,
17,maid_lusya,15,15,4.13,0.0,0.951,call_for_help,0.251,нейтрально,6.79,0.01,0.0,0,0.46,
17,blacksmith_orm,45,45,0.0,0.0,0.989,idle,0.0,нейтрально,51.0,0.0,0.0,0,0.47,
17,thief_shadow,35,35,3.99,0.0,0.951,ambush,0.617,нейтрально,36.19,0.0,0.0,0,0.47,
17,tavern_keeper_tornin,40,40,0.0,0.0,0.989,call_for_help,0.434,нейтрально,41.42,0.0,0.0,0,0.49,
17,player,100,100,0.0,0.0,1.0,survive,0.0,спокоен,48.0,0.0,0.0,0,0.47,
18,guard_borko,30,30,0.0,0.0,0.989,talk,0.318,нейтрально,16.7,0.0,0.0,0,0.49,
18,merchant_goran,20,20,0.0,0.0,0.989,request_service,0.67,нейтрально,70.6,0.0,0.0,0,0.48,
18,maid_lusya,15,15,4.14,0.0,0.951,call_for_help,0.314,нейтрально,6.79,0.01,0.0,0,0.47,
18,blacksmith_orm,45,45,0.0,0.0,0.989,request_service,0.732,нейтрально,51.0,0.0,0.0,0,0.48,
18,thief_shadow,35,35,3.99,0.0,0.951,ambush,0.665,нейтрально,36.19,0.0,0.0,0,0.48,
18,tavern_keeper_tornin,40,40,0.0,0.0,0.989,call_for_help,0.476,нейтрально,41.42,0.0,0.0,0,0.5,
18,player,100,100,0.0,0.0,1.0,survive,0.0,спокоен,48.0,0.0,0.0,0,0.48,
19,guard_borko,30,30,0.0,0.0,0.989,talk,0.384,нейтрально,16.7,0.0,0.0,0,0.5,
19,merchant_goran,20,20,0.0,0.0,0.989,request_service,0.724,нейтрально,70.6,0.0,0.0,0,0.49,
19,maid_lusya,15,15,4.15,0.0,0.951,call_for_help,0.376,нейтрально,6.79,0.01,0.0,0,0.48,
19,blacksmith_orm,45,45,0.0,0.0,0.989,request_service,0.803,нейтрально,51.0,0.0,0.0,0,0.49,
19,thief_shadow,35,35,3.99,0.0,0.951,ambush,0.524,нейтрально,36.19,0.0,0.0,0,0.49,
19,tavern_keeper_tornin,40,40,0.0,0.0,0.989,call_for_help,0.496,нейтрально,41.42,0.0,0.0,0,0.51,
19,player,100,100,0.0,0.0,1.0,survive,0.0,спокоен,48.0,0.0,0.0,0,0.49,
20,guard_borko,30,30,0.0,0.0,0.989,talk,0.449,нейтрально,16.7,0.0,0.0,0,0.57,
20,merchant_goran,20,20,0.0,0.0,0.989,request_service,0.77,нейтрально,70.6,0.0,0.0,0,0.5,
20,maid_lusya,15,15,4.16,0.0,0.94,call_for_help,0.442,нейтрально,6.79,0.01,0.0,0,0.49,
20,blacksmith_orm,45,45,0.0,0.0,0.989,request_service,0.768,нейтрально,51.0,0.0,0.0,0,0.5,
20,thief_shadow,35,35,3.99,0.0,0.94,ambush,0.641,нейтрально,36.19,0.0,0.0,0,0.5,
20,tavern_keeper_tornin,40,40,0.0,0.0,0.989,call_for_help,0.346,нейтрально,41.42,0.0,0.0,0,0.52,
20,player,100,100,0.0,0.0,1.0,survive,0.0,спокоен,48.0,0.0,0.0,0,0.5,
21,guard_borko,30,30,3.84,0.0,0.989,talk,0.58,тревога,16.7,3.84,0.0,0,0.64,hunger(0.64)
21,merchant_goran,20,20,0.0,0.0,0.989,request_service,0.817,нейтрально,70.6,0.0,0.0,0,0.51,
21,maid_lusya,15,15,4.17,0.0,0.94,call_for_help,0.346,нейтрально,6.79,0.01,0.0,0,0.5,
21,blacksmith_orm,45,45,0.0,0.0,0.989,request_service,0.878,нейтрально,51.0,0.0,0.0,0,0.51,
21,thief_shadow,35,35,3.99,0.0,0.94,ambush,0.594,нейтрально,36.19,0.0,0.0,0,0.51,
21,tavern_keeper_tornin,40,40,0.0,0.0,0.989,call_for_help,0.552,нейтрально,41.42,0.0,0.0,0,0.53,
21,player,100,100,0.0,0.0,1.0,survive,0.0,спокоен,48.0,0.0,0.0,0,0.51,
22,guard_borko,30,30,3.84,0.0,0.976,talk,0.419,тревога,16.59,0.0,0.0,0,0.54,
22,merchant_goran,20,20,0.0,0.0,0.989,request_service,0.819,нейтрально,70.6,0.0,0.0,0,0.6,
22,maid_lusya,15,15,4.18,0.0,0.941,call_for_help,0.28,нейтрально,6.79,0.01,0.0,0,0.5,
22,blacksmith_orm,45,45,0.0,0.0,0.989,request_service,0.82,нейтрально,51.0,0.0,0.0,0,0.59,
22,thief_shadow,35,35,3.99,0.0,0.941,ambush,0.542,нейтрально,36.19,0.0,0.0,0,0.52,
22,tavern_keeper_tornin,40,40,0.0,0.0,0.989,call_for_help,0.466,нейтрально,41.53,0.0,0.0,0,0.54,
22,player,100,100,0.0,0.0,1.0,survive,0.0,спокоен,48.0,0.0,0.0,0,0.56,
23,guard_borko,30,30,3.84,0.0,0.963,talk,0.333,нейтрально,16.59,0.0,0.0,0,0.55,
23,merchant_goran,20,20,4.11,0.0,0.989,request_service,0.709,тревога,70.6,4.11,0.0,0,0.68,hunger(0.68)
23,maid_lusya,15,15,4.19,0.0,0.941,idle,0.0,нейтрально,6.79,0.01,0.0,0,0.51,
23,blacksmith_orm,45,45,4.03,0.0,0.989,request_service,0.813,тревога,51.0,4.03,0.0,0,0.67,hunger(0.67)
23,thief_shadow,35,35,3.99,0.0,0.941,ambush,0.419,нейтрально,36.19,0.0,0.0,0,0.53,
23,tavern_keeper_tornin,40,40,0.0,0.0,0.989,call_for_help,0.255,нейтрально,41.53,0.0,0.0,0,0.55,
23,player,100,100,0.0,0.0,1.0,survive,0.0,спокоен,48.0,0.0,0.0,0,0.64,hunger
24,guard_borko,30,30,2.34,0.0,0.952,talk,0.244,нейтрально,17.29,-1.5,0.0,0,0.56,
24,merchant_goran,20,20,2.61,0.0,0.975,request_service,0.528,тревога,69.79,-1.5,0.0,0,0.54,
24,maid_lusya,15,15,2.7,0.0,0.941,call_for_help,0.298,нейтрально,7.09,-1.49,0.0,0,0.52,
24,blacksmith_orm,45,45,2.53,0.0,0.975,request_service,0.854,тревога,50.89,-1.5,0.0,0,0.54,
24,thief_shadow,35,35,2.49,0.0,0.941,ambush,0.312,нейтрально,36.19,-1.5,0.0,0,0.54,
24,tavern_keeper_tornin,40,40,0.0,0.0,0.989,call_for_help,0.312,нейтрально,41.56,0.0,0.0,0,0.56,
24,player,100,100,0.0,0.0,1.0,survive,0.0,спокоен,47.89,0.0,0.0,0,0.54,
25,guard_borko,30,30,2.34,0.0,0.952,ambush,0.313,нейтрально,17.14,0.0,0.0,0,0.31,
25,merchant_goran,20,20,2.61,0.0,0.962,request_service,0.41,нейтрально,69.39,0.0,0.0,0,0.55,
25,maid_lusya,15,15,2.71,0.0,0.941,call_for_help,0.229,нейтрально,6.99,0.01,0.0,0,0.31,
25,blacksmith_orm,45,45,2.53,0.0,0.962,request_service,0.838,нейтрально,50.59,0.0,0.0,0,0.55,
25,thief_shadow,35,35,2.49,0.0,0.941,ambush,0.252,нейтрально,36.09,0.0,0.0,0,0.55,
25,tavern_keeper_tornin,40,40,0.0,0.0,0.989,call_for_help,0.193,нейтрально,41.31,0.0,0.0,0,0.31,
25,player,100,100,0.0,0.0,1.0,survive,0.0,спокоен,47.89,0.0,0.0,0,0.55,
26,guard_borko,30,30,2.34,0.0,0.952,ambush,0.397,нейтрально,17.14,0.0,0.0,0,0.36,
26,merchant_goran,20,20,2.61,0.0,0.95,request_service,0.385,нейтрально,71.39,0.0,0.0,0,0.56,
26,maid_lusya,15,15,2.72,0.0,0.941,call_for_help,0.247,нейтрально,6.99,0.01,0.0,0,0.32,
26,blacksmith_orm,45,45,2.53,0.0,0.95,request_service,0.935,нейтрально,52.09,0.0,0.0,0,0.56,
26,thief_shadow,35,35,2.49,0.0,0.941,ambush,0.272,нейтрально,36.09,0.0,0.0,0,0.56,
26,tavern_keeper_tornin,40,40,0.0,0.0,0.989,idle,0.0,нейтрально,41.31,0.0,0.0,0,0.32,
26,player,100,100,0.0,0.0,1.0,survive,0.0,спокоен,47.89,0.0,0.0,0,0.56,
27,guard_borko,30,30,2.34,0.0,0.952,ambush,0.305,нейтрально,17.14,0.0,0.0,0,0.43,
27,merchant_goran,20,20,2.61,0.0,0.938,offer_job,0.508,нейтрально,75.39,0.0,0.0,0,0.57,
27,maid_lusya,15,15,2.73,0.0,0.941,call_for_help,0.344,нейтрально,6.99,0.01,0.0,0,0.33,
27,blacksmith_orm,45,45,2.53,0.0,0.939,request_service,0.792,нейтрально,52.09,0.0,0.0,0,0.57,
27,thief_shadow,35,35,2.49,0.0,0.941,block_path,0.405,нейтрально,36.09,0.0,0.0,0,0.57,
27,tavern_keeper_tornin,40,40,0.0,0.0,0.989,call_for_help,0.226,нейтрально,41.31,0.0,0.0,0,0.33,
27,player,100,100,0.0,0.0,1.0,survive,0.0,спокоен,47.89,0.0,0.0,0,0.57,
28,guard_borko,30,30,2.34,0.0,0.952,ambush,0.37,нейтрально,17.14,0.0,0.0,0,0.34,
28,merchant_goran,20,20,2.61,0.0,0.927,offer_job,0.625,нейтрально,78.89,0.0,0.0,0,0.58,
28,maid_lusya,15,15,2.74,0.0,0.941,call_for_help,0.356,нейтрально,6.99,0.01,0.0,0,0.41,
28,blacksmith_orm,45,45,2.53,0.0,0.927,request_service,0.666,нейтрально,55.09,0.0,0.0,0,0.58,
28,thief_shadow,35,35,2.49,0.0,0.941,block_path,0.448,нейтрально,36.09,0.0,0.0,0,0.58,
28,tavern_keeper_tornin,40,40,0.0,0.0,0.989,talk,0.273,нейтрально,41.31,0.0,0.0,0,0.34,
28,player,100,100,0.0,0.0,1.0,survive,0.0,спокоен,47.89,0.0,0.0,0,0.58,
29,guard_borko,30,30,2.34,0.0,0.952,ambush,0.366,нейтрально,17.14,0.0,0.0,0,0.35,
29,merchant_goran,20,20,2.61,0.0,0.916,offer_job,0.729,нейтрально,81.89,0.0,0.0,0,0.59,
29,maid_lusya,15,15,2.75,0.0,0.941,call_for_help,0.451,нейтрально,6.99,0.01,0.0,0,0.49,
29,blacksmith_orm,45,45,2.53,0.0,0.916,request_service,0.654,нейтрально,58.09,0.0,0.0,0,0.59,
29,thief_shadow,35,35,2.49,0.0,0.941,block_path,0.58,нейтрально,36.09,0.0,0.0,0,0.59,
29,tavern_keeper_tornin,40,40,0.0,0.0,0.989,talk,0.241,нейтрально,41.31,0.0,0.0,0,0.35,
29,player,100,100,0.0,0.0,1.0,survive,0.0,спокоен,47.89,0.0,0.0,0,0.59,
30,guard_borko,30,30,2.34,0.0,0.952,ambush,0.506,нейтрально,17.14,0.0,0.0,0,0.36,
30,merchant_goran,20,20,2.61,0.0,0.904,offer_job,0.81,нейтрально,81.89,0.0,0.0,0,0.6,income_urge(0.60)
30,maid_lusya,15,15,2.76,0.0,0.941,call_for_help,0.315,нейтрально,6.99,0.01,0.0,0,0.58,
30,blacksmith_orm,45,45,2.53,0.0,0.904,request_service,0.524,нейтрально,58.09,0.0,0.0,0,0.6,income_urge(0.60)
30,thief_shadow,35,35,2.49,0.0,0.941,block_path,0.551,нейтрально,36.09,0.0,0.0,0,0.6,income_urge(0.60)
30,tavern_keeper_tornin,40,40,0.0,0.0,0.989,talk,0.236,нейтрально,41.31,0.0,0.0,0,0.42,
30,player,100,100,0.0,0.0,1.0,survive,0.0,спокоен,47.89,0.0,0.0,0,0.6,
31,guard_borko,30,30,2.34,0.0,0.952,ambush,0.474,нейтрально,17.14,0.0,0.0,0,0.37,
31,merchant_goran,20,20,2.61,0.0,0.892,offer_job,0.692,нейтрально,81.89,0.0,0.0,0,0.61,income_urge(0.61)
31,maid_lusya,15,15,6.59,0.0,0.941,call_for_help,0.447,тревога,6.99,3.83,0.0,0,0.66,hunger(0.66)
31,blacksmith_orm,45,45,2.53,0.0,0.893,request_service,0.286,нейтрально,58.09,0.0,0.0,0,0.61,income_urge(0.61)
31,thief_shadow,35,35,6.34,0.0,0.941,block_path,0.628,тревога,36.09,3.85,0.0,0,0.66,hunger(0.66); income_urge(0.61)
31,tavern_keeper_tornin,40,40,0.0,0.0,0.989,talk,0.345,нейтрально,41.31,0.0,0.0,0,0.38,
31,player,100,100,0.0,0.0,1.0,survive,0.0,спокоен,47.89,0.0,0.0,0,0.61,hunger
32,guard_borko,30,30,2.34,0.0,0.952,ambush,0.454,нейтрально,17.14,0.0,0.0,0,0.39,
32,merchant_goran,20,20,2.61,0.0,0.881,offer_job,0.744,нейтрально,81.89,0.0,0.0,0,0.62,income_urge(0.62)
32,maid_lusya,15,15,6.6,0.0,0.928,call_for_help,0.392,тревога,6.88,0.01,0.0,0,0.37,
32,blacksmith_orm,45,45,2.53,0.0,0.881,request_service,0.22,нейтрально,58.09,0.0,0.0,0,0.62,income_urge(0.62)
32,thief_shadow,35,35,6.34,0.0,0.928,block_path,0.651,тревога,35.98,0.0,0.0,0,0.62,income_urge(0.62)
32,tavern_keeper_tornin,40,40,0.0,0.0,0.989,talk,0.308,нейтрально,41.53,0.0,0.0,0,0.39,
32,player,100,100,0.0,0.0,1.0,survive,0.0,спокоен,47.89,0.0,0.0,0,0.62,hunger
33,guard_borko,30,30,2.34,0.0,0.952,ambush,0.376,нейтрально,17.14,0.0,0.0,0,0.43,
33,merchant_goran,20,20,2.61,0.0,0.869,offer_job,0.812,нейтрально,81.89,0.0,0.0,0,0.63,income_urge(0.63)
33,maid_lusya,15,15,6.61,0.0,0.915,call_for_help,0.2,нейтрально,6.88,0.01,0.0,0,0.38,
33,blacksmith_orm,45,45,2.53,0.0,0.87,offer_job,0.329,нейтрально,58.09,0.0,0.0,0,0.63,income_urge(0.63)
33,thief_shadow,35,35,6.34,0.0,0.915,block_path,0.571,нейтрально,35.98,0.0,0.0,0,0.63,income_urge(0.63)
33,tavern_keeper_tornin,40,40,0.0,0.0,0.989,talk,0.273,нейтрально,41.53,0.0,0.0,0,0.4,
33,player,100,100,0.0,0.0,1.0,survive,0.0,спокоен,47.89,0.0,0.0,0,0.63,hunger
34,guard_borko,30,30,2.34,0.0,0.952,ambush,0.354,нейтрально,17.14,0.0,0.0,0,0.41,
34,merchant_goran,20,20,2.61,0.0,0.858,offer_job,0.921,нейтрально,81.89,0.0,0.0,0,0.64,income_urge(0.64)
34,maid_lusya,15,15,6.62,0.0,0.904,idle,0.0,нейтрально,6.88,0.01,0.0,0,0.39,
34,blacksmith_orm,45,45,2.53,0.0,0.858,request_service,0.638,нейтрально,58.09,0.0,0.0,0,0.64,income_urge(0.64)
34,thief_shadow,35,35,6.34,0.0,0.904,block_path,0.729,нейтрально,35.98,0.0,0.0,0,0.64,income_urge(0.64)
34,tavern_keeper_tornin,40,40,0.0,0.0,0.989,talk,0.462,нейтрально,41.53,0.0,0.0,0,0.41,
34,player,100,100,0.0,0.0,1.0,survive,0.0,спокоен,47.89,0.0,0.0,0,0.64,hunger
35,guard_borko,30,30,2.34,0.0,0.952,ambush,0.283,нейтрально,17.14,0.0,0.0,0,0.42,
35,merchant_goran,20,20,2.61,0.0,0.847,offer_job,0.814,нейтрально,84.39,0.0,0.0,0,0.65,income_urge(0.65)
35,maid_lusya,15,15,6.63,0.0,0.892,seek_ally,0.22,нейтрально,6.88,0.01,0.0,0,0.4,
35,blacksmith_orm,45,45,2.53,0.0,0.847,request_service,0.833,нейтрально,61.09,0.0,0.0,0,0.65,income_urge(0.65)
35,thief_shadow,35,35,6.34,0.0,0.892,block_path,0.56,нейтрально,35.98,0.0,0.0,0,0.65,income_urge(0.65)
35,tavern_keeper_tornin,40,40,0.0,0.0,0.989,talk,0.425,нейтрально,41.53,0.0,0.0,0,0.42,
35,player,100,100,0.0,0.0,1.0,survive,0.0,спокоен,47.89,0.0,0.0,0,0.65,hunger
36,guard_borko,30,30,2.34,0.0,0.952,idle,0.0,нейтрально,17.14,0.0,0.0,0,0.43,
36,merchant_goran,20,20,2.61,0.0,0.836,offer_job,0.567,нейтрально,84.39,0.0,0.0,0,0.66,income_urge(0.66)
36,maid_lusya,15,15,6.64,0.0,0.893,seek_ally,0.163,нейтрально,6.88,0.01,0.0,0,0.41,
36,blacksmith_orm,45,45,2.53,0.0,0.836,request_service,0.765,нейтрально,61.09,0.0,0.0,0,0.66,income_urge(0.66)
36,thief_shadow,35,35,6.34,0.0,0.893,block_path,0.512,нейтрально,35.98,0.0,0.0,0,0.66,income_urge(0.66)
36,tavern_keeper_tornin,40,40,0.0,0.0,0.989,talk,0.411,нейтрально,41.53,0.0,0.0,0,0.43,
36,player,100,100,0.0,0.0,1.0,survive,0.0,спокоен,47.89,0.0,0.0,0,0.66,hunger
37,guard_borko,30,30,2.34,0.0,0.952,ambush,0.374,нейтрально,17.14,0.0,0.0,0,0.44,
37,merchant_goran,20,20,2.61,0.0,0.825,offer_job,0.629,нейтрально,84.39,0.0,0.0,0,0.67,income_urge(0.67)
37,maid_lusya,15,15,6.65,0.0,0.881,seek_ally,0.25,нейтрально,6.88,0.01,0.0,0,0.42,
37,blacksmith_orm,45,45,2.53,0.0,0.825,request_service,0.828,нейтрально,61.09,0.0,0.0,0,0.67,income_urge(0.67)
37,thief_shadow,35,35,6.34,0.0,0.881,block_path,0.428,нейтрально,35.98,0.0,0.0,0,0.67,income_urge(0.67)
37,tavern_keeper_tornin,40,40,0.0,0.0,0.989,talk,0.24,нейтрально,41.53,0.0,0.0,0,0.44,
37,player,100,100,0.0,0.0,1.0,survive,0.0,спокоен,47.89,0.0,0.0,0,0.67,hunger
38,guard_borko,30,30,2.34,0.0,0.952,ambush,0.329,нейтрально,17.14,0.0,0.0,0,0.45,
38,merchant_goran,20,20,2.61,0.0,0.814,offer_job,0.496,нейтрально,85.89,0.0,0.0,0,0.68,income_urge(0.68)
38,maid_lusya,15,15,6.66,0.0,0.87,seek_ally,0.249,нейтрально,6.88,0.01,0.0,0,0.43,
38,blacksmith_orm,45,45,2.53,0.0,0.814,request_service,0.747,нейтрально,61.09,0.0,0.0,0,0.68,income_urge(0.68)
38,thief_shadow,35,35,6.34,0.0,0.87,block_path,0.314,нейтрально,35.98,0.0,0.0,0,0.68,income_urge(0.68)
38,tavern_keeper_tornin,40,40,0.0,0.0,0.989,idle,0.0,нейтрально,41.53,0.0,0.0,0,0.45,
38,player,100,100,0.0,0.0,1.0,survive,0.0,спокоен,47.89,0.0,0.0,0,0.68,hunger
39,guard_borko,30,30,2.34,0.0,0.952,ambush,0.407,нейтрально,17.14,0.0,0.0,0,0.46,
39,merchant_goran,20,20,2.61,0.0,0.802,offer_job,0.375,нейтрально,87.89,0.0,0.0,0,0.69,income_urge(0.69)
39,maid_lusya,15,15,6.67,0.0,0.859,seek_ally,0.324,нейтрально,6.88,0.01,0.0,0,0.44,
39,blacksmith_orm,45,45,2.53,0.0,0.803,request_service,0.826,нейтрально,61.09,0.0,0.0,0,0.69,income_urge(0.69)
39,thief_shadow,35,35,6.34,0.0,0.859,block_path,0.251,нейтрально,35.98,0.0,0.0,0,0.69,income_urge(0.69)
39,tavern_keeper_tornin,40,40,0.0,0.0,0.989,spread_rumor,0.272,нейтрально,41.53,0.0,0.0,0,0.46,
39,player,100,100,0.0,0.0,1.0,survive,0.0,спокоен,47.89,0.0,0.0,0,0.69,hunger
40,guard_borko,30,30,2.34,0.0,0.952,ambush,0.483,нейтрально,17.14,0.0,0.0,0,0.5,
40,merchant_goran,20,20,2.61,0.0,0.791,request_service,0.516,нейтрально,90.89,0.0,0.0,0,0.7,income_urge(0.70)
40,maid_lusya,15,15,6.68,0.0,0.848,seek_ally,0.383,нейтрально,6.88,0.01,0.0,0,0.45,
40,blacksmith_orm,45,45,2.53,0.0,0.792,request_service,0.813,нейтрально,61.09,0.0,0.0,0,0.7,income_urge(0.70)
40,thief_shadow,35,35,6.34,0.0,0.848,ambush,0.384,нейтрально,35.98,0.0,0.0,0,0.7,income_urge(0.70)
40,tavern_keeper_tornin,40,40,0.0,0.0,0.989,spread_rumor,0.305,нейтрально,41.53,0.0,0.0,0,0.47,
40,player,100,100,0.0,0.0,1.0,survive,0.0,спокоен,47.89,0.0,0.0,0,0.7,hunger
41,guard_borko,30,30,2.34,0.0,0.952,ambush,0.352,нейтрально,17.14,0.0,0.0,0,0.57,
41,merchant_goran,20,20,6.56,0.0,0.792,request_service,0.587,тревога,90.89,3.95,0.0,0,0.71,hunger(0.68); income_urge(0.71)
41,maid_lusya,15,15,6.69,0.0,0.848,seek_ally,0.457,нейтрально,6.88,0.01,0.0,0,0.46,
41,blacksmith_orm,45,45,6.41,0.0,0.792,request_service,0.866,тревога,61.09,3.88,0.0,0,0.71,hunger(0.67); income_urge(0.71)
41,thief_shadow,35,35,6.34,0.0,0.848,ambush,0.489,нейтрально,35.98,0.0,0.0,0,0.71,income_urge(0.71)
41,tavern_keeper_tornin,40,40,0.0,0.0,0.989,spread_rumor,0.364,нейтрально,41.53,0.0,0.0,0,0.49,
41,player,100,100,0.0,0.0,1.0,survive,0.0,спокоен,47.89,0.0,0.0,0,0.71,hunger
42,guard_borko,30,30,6.1,0.0,0.952,ambush,0.551,тревога,17.14,3.76,0.0,0,0.64,hunger(0.64)
42,merchant_goran,20,20,6.56,0.0,0.75,request_service,0.776,тревога,90.78,0.0,0.0,0,0.72,income_urge(0.72)
42,maid_lusya,15,15,6.7,0.0,0.848,seek_ally,0.435,нейтрально,6.88,0.01,0.0,0,0.47,
42,blacksmith_orm,45,45,6.41,0.0,0.751,request_service,0.807,тревога,60.98,0.0,0.0,0,0.72,income_urge(0.72)
42,thief_shadow,35,35,6.34,0.0,0.848,ambush,0.444,нейтрально,35.98,0.0,0.0,0,0.72,income_urge(0.72)
42,tavern_keeper_tornin,40,40,0.0,0.0,0.989,spread_rumor,0.436,нейтрально,41.86,0.0,0.0,0,0.5,
42,player,100,100,0.0,0.0,1.0,survive,0.0,спокоен,47.78,0.0,0.0,0,0.72,hunger
43,guard_borko,30,30,6.1,0.0,0.938,ambush,0.445,тревога,17.03,0.0,0.0,0,0.5,
43,merchant_goran,20,20,6.56,0.0,0.713,request_service,0.727,нейтрально,94.78,0.0,0.0,0,0.73,income_urge(0.73)
43,maid_lusya,15,15,6.71,0.0,0.848,seek_ally,0.295,нейтрально,6.88,0.01,0.0,0,0.48,
43,blacksmith_orm,45,45,6.41,0.0,0.713,request_service,0.656,нейтрально,60.98,0.0,0.0,0,0.73,income_urge(0.73)
43,thief_shadow,35,35,6.34,0.0,0.848,ambush,0.57,нейтрально,35.98,0.0,0.0,0,0.73,income_urge(0.73)
43,tavern_keeper_tornin,40,40,0.0,0.0,0.989,spread_rumor,0.453,нейтрально,41.97,0.0,0.0,0,0.51,
43,player,100,100,0.0,0.0,1.0,survive,0.0,спокоен,47.78,0.0,0.0,0,0.73,hunger
44,guard_borko,30,30,6.1,0.0,0.926,ambush,0.623,нейтрально,17.03,0.0,0.0,0,0.51,
44,merchant_goran,20,20,6.56,0.0,0.677,request_service,0.801,нейтрально,98.78,0.0,0.0,0,0.74,income_urge(0.74)
44,maid_lusya,15,15,6.72,0.0,0.849,seek_ally,0.324,нейтрально,6.88,0.01,0.0,0,0.49,
44,blacksmith_orm,45,45,6.41,0.0,0.678,request_service,0.737,нейтрально,60.98,0.0,0.0,0,0.74,income_urge(0.74)
44,thief_shadow,35,35,6.34,0.0,0.849,ambush,0.653,нейтрально,35.98,0.0,0.0,0,0.74,income_urge(0.74)
44,tavern_keeper_tornin,40,40,0.0,0.0,0.989,spread_rumor,0.422,нейтрально,41.97,0.0,0.0,0,0.52,
44,player,100,100,0.0,0.0,1.0,survive,0.0,спокоен,47.78,0.0,0.0,0,0.74,hunger
45,guard_borko,30,30,6.1,0.0,0.914,ambush,0.46,нейтрально,17.03,0.0,0.0,0,0.52,
45,merchant_goran,20,20,6.56,0.0,0.644,request_service,0.697,нейтрально,98.78,0.0,0.0,0,0.75,income_urge(0.75)
45,maid_lusya,15,15,6.73,0.0,0.849,seek_ally,0.196,нейтрально,6.88,0.01,0.0,0,0.5,
45,blacksmith_orm,45,45,6.41,0.0,0.645,request_service,0.633,нейтрально,60.98,0.0,0.0,0,0.75,income_urge(0.75)
45,thief_shadow,35,35,6.34,0.0,0.849,ambush,0.594,нейтрально,35.98,0.0,0.0,0,0.75,income_urge(0.75)
45,tavern_keeper_tornin,40,40,0.0,0.0,0.989,spread_rumor,0.352,нейтрально,42.32,0.0,0.0,0,0.53,
45,player,100,100,0.0,0.0,1.0,survive,0.0,спокоен,47.78,0.0,0.0,0,0.75,hunger
46,guard_borko,30,30,6.1,0.0,0.903,ambush,0.456,нейтрально,17.03,0.0,0.0,0,0.54,
46,merchant_goran,20,20,6.56,0.0,0.644,request_service,0.884,нейтрально,98.78,0.0,0.0,0,0.76,income_urge(0.76)
46,maid_lusya,15,15,6.74,0.0,0.849,idle,0.0,нейтрально,6.88,0.01,0.0,0,0.5,
46,blacksmith_orm,45,45,6.41,0.0,0.645,request_service,0.386,нейтрально,60.98,0.0,0.0,0,0.76,income_urge(0.76)
46,thief_shadow,35,35,6.34,0.0,0.849,ambush,0.582,нейтрально,35.98,0.0,0.0,0,0.76,income_urge(0.76)
46,tavern_keeper_tornin,40,40,0.0,0.0,0.989,spread_rumor,0.493,нейтрально,42.61,0.0,0.0,0,0.54,
46,player,100,100,0.0,0.0,1.0,survive,0.0,спокоен,47.78,0.0,0.0,0,0.76,hunger
47,guard_borko,30,30,6.1,0.0,0.903,ambush,0.272,нейтрально,17.03,0.0,0.0,0,0.55,
47,merchant_goran,20,20,6.56,0.0,0.611,request_service,0.832,нейтрально,98.78,0.0,0.0,0,0.77,income_urge(0.77)
47,maid_lusya,15,15,6.75,0.0,0.849,spread_rumor,0.219,нейтрально,6.88,0.01,0.0,0,0.51,
47,blacksmith_orm,45,45,6.41,0.0,0.612,request_service,0.366,нейтрально,60.98,0.0,0.0,0,0.77,income_urge(0.77)
47,thief_shadow,35,35,6.34,0.0,0.849,ambush,0.626,нейтрально,35.98,0.0,0.0,0,0.77,income_urge(0.77)
47,tavern_keeper_tornin,40,40,0.0,0.0,0.989,spread_rumor,0.423,нейтрально,42.61,0.0,0.0,0,0.55,
47,player,100,100,0.0,0.0,1.0,survive,0.0,спокоен,47.78,0.0,0.0,0,0.77,hunger
48,guard_borko,30,30,4.6,0.0,0.892,idle,0.0,нейтрально,17.73,-1.5,0.0,0,0.56,
48,merchant_goran,20,20,5.06,0.0,0.577,request_service,0.764,нейтрально,98.08,-1.5,0.0,0,0.78,income_urge(0.78)
48,maid_lusya,15,15,5.26,0.0,0.849,spread_rumor,0.15,нейтрально,7.18,-1.49,0.0,0,0.58,
48,blacksmith_orm,45,45,4.91,0.0,0.578,request_service,0.203,нейтрально,60.98,-1.5,0.0,0,0.78,income_urge(0.78)
48,thief_shadow,35,35,4.84,0.0,0.849,ambush,0.573,нейтрально,35.98,-1.5,0.0,0,0.78,income_urge(0.78)
48,tavern_keeper_tornin,40,40,0.0,0.0,0.989,spread_rumor,0.218,нейтрально,42.31,0.0,0.0,0,0.56,obligation(1.00)
48,player,100,100,0.0,0.0,1.0,survive,0.0,спокоен,47.78,0.0,0.0,0,0.78,hunger
49,guard_borko,30,30,4.6,0.0,0.881,talk,0.285,нейтрально,17.58,0.0,0.0,0,0.31,
49,merchant_goran,20,20,5.06,0.0,0.555,request_service,0.622,нейтрально,97.68,0.0,0.0,0,0.31,
49,maid_lusya,15,15,9.08,0.0,0.85,spread_rumor,0.219,тревога,7.08,3.82,0.0,0,0.66,hunger(0.66)
49,blacksmith_orm,45,45,4.91,0.0,0.556,offer_job,0.342,нейтрально,60.68,0.0,0.0,0,0.31,
49,thief_shadow,35,35,8.68,0.0,0.85,ambush,0.411,тревога,35.88,3.84,0.0,0,0.79,hunger(0.66); income_urge(0.79)
49,tavern_keeper_tornin,40,40,0.03,0.0,0.989,spread_rumor,0.245,нейтрально,42.06,0.03,0.0,0,0.31,obligation(1.00)
49,player,100,100,0.0,0.0,1.0,survive,0.0,спокоен,47.78,0.0,0.0,0,0.79,hunger
50,guard_borko,30,30,4.6,0.0,0.881,talk,0.321,нейтрально,17.58,0.0,0.0,0,0.32,
50,merchant_goran,20,20,5.06,0.0,0.533,request_service,0.661,нейтрально,97.68,0.0,0.0,0,0.34,
50,maid_lusya,15,15,9.09,0.0,0.836,spread_rumor,0.309,тревога,6.97,0.01,0.0,0,0.32,
50,blacksmith_orm,45,45,4.91,0.0,0.556,request_service,0.553,нейтрально,60.68,0.0,0.0,0,0.33,
50,thief_shadow,35,35,8.68,0.0,0.836,ambush,0.484,тревога,35.77,0.0,0.0,0,0.8,income_urge(0.80)
50,tavern_keeper_tornin,40,40,0.06,0.0,0.989,talk,0.377,нейтрально,42.54,0.03,0.0,0,0.32,obligation(1.00)
50,player,100,100,0.0,0.0,1.0,survive,0.0,спокоен,47.78,0.0,0.0,0,0.8,hunger
51,guard_borko,30,30,4.6,0.0,0.881,block_path,0.303,нейтрально,17.58,0.0,0.0,0,0.33,
51,merchant_goran,20,20,5.06,0.0,0.533,request_service,0.465,нейтрально,97.68,0.0,0.0,0,0.43,
51,maid_lusya,15,15,9.1,0.0,0.823,spread_rumor,0.255,нейтрально,6.97,0.01,0.0,0,0.33,
51,blacksmith_orm,45,45,4.91,0.0,0.557,request_service,0.656,нейтрально,60.68,0.0,0.0,0,0.42,
51,thief_shadow,35,35,8.68,0.0,0.823,ambush,0.333,нейтрально,35.77,0.0,0.0,0,0.82,income_urge(0.82)
51,tavern_keeper_tornin,40,40,0.09,0.0,0.989,talk,0.419,нейтрально,42.9,0.03,0.0,0,0.33,obligation(1.00)
51,player,100,100,0.0,0.0,1.0,survive,0.0,спокоен,47.78,0.0,0.0,0,0.81,hunger
52,guard_borko,30,30,4.6,0.0,0.881,block_path,0.418,нейтрально,17.58,0.0,0.0,0,0.34,
52,merchant_goran,20,20,5.06,0.0,0.534,request_service,0.309,нейтрально,97.68,0.0,0.0,0,0.34,
52,maid_lusya,15,15,9.11,0.0,0.811,spread_rumor,0.205,нейтрально,6.97,0.01,0.0,0,0.34,
52,blacksmith_orm,45,45,4.91,0.0,0.557,request_service,0.731,нейтрально,60.68,0.0,0.0,0,0.34,
52,thief_shadow,35,35,8.68,0.0,0.811,ambush,0.198,нейтрально,35.77,0.0,0.0,0,0.83,income_urge(0.83)
52,tavern_keeper_tornin,40,40,0.12,0.0,0.989,talk,0.409,нейтрально,42.9,0.03,0.0,0,0.34,obligation(1.00)
52,player,100,100,0.0,0.0,1.0,survive,0.0,спокоен,47.78,0.0,0.0,0,0.82,hunger
53,guard_borko,30,30,4.6,0.0,0.881,block_path,0.382,нейтрально,17.58,0.0,0.0,0,0.36,
53,merchant_goran,20,20,5.06,0.0,0.534,offer_job,0.444,нейтрально,97.68,0.0,0.0,0,0.35,
53,maid_lusya,15,15,9.12,0.0,0.8,spread_rumor,0.413,нейтрально,6.97,0.01,0.0,0,0.35,
53,blacksmith_orm,45,45,4.91,0.0,0.557,request_service,0.864,нейтрально,60.68,0.0,0.0,0,0.35,
53,thief_shadow,35,35,8.68,0.0,0.8,ambush,0.167,нейтрально,35.77,0.0,0.0,0,0.84,income_urge(0.84)
53,tavern_keeper_tornin,40,40,0.15,0.0,0.989,talk,0.605,нейтрально,42.9,0.03,0.0,0,0.35,obligation(1.00)
53,player,100,100,0.0,0.0,1.0,survive,0.0,спокоен,47.78,0.0,0.0,0,0.83,hunger
54,guard_borko,30,30,4.6,0.0,0.882,block_path,0.482,нейтрально,17.58,0.0,0.0,0,0.43,
54,merchant_goran,20,20,5.06,0.0,0.535,offer_job,0.733,нейтрально,97.68,0.0,0.0,0,0.36,
54,maid_lusya,15,15,9.13,0.0,0.8,spread_rumor,0.312,нейтрально,6.97,0.01,0.0,0,0.41,
54,blacksmith_orm,45,45,4.91,0.0,0.558,request_service,0.891,нейтрально,60.68,0.0,0.0,0,0.36,
54,thief_shadow,35,35,8.68,0.0,0.8,block_path,0.437,нейтрально,35.77,0.0,0.0,0,0.85,income_urge(0.85)
54,tavern_keeper_tornin,40,40,0.18,0.0,0.989,talk,0.515,нейтрально,42.9,0.03,0.0,0,0.42,obligation(1.00)
54,player,100,100,0.0,0.0,1.0,survive,0.0,спокоен,47.78,0.0,0.0,0,0.84,hunger
55,guard_borko,30,30,4.6,0.0,0.882,block_path,0.472,нейтрально,17.58,0.0,0.0,0,0.37,
55,merchant_goran,20,20,5.06,0.0,0.535,offer_job,0.611,нейтрально,100.18,0.0,0.0,0,0.37,
55,maid_lusya,15,15,9.14,0.0,0.789,spread_rumor,0.275,нейтрально,6.97,0.01,0.0,0,0.37,
55,blacksmith_orm,45,45,4.91,0.0,0.558,request_service,0.823,нейтрально,60.68,0.0,0.0,0,0.37,
55,thief_shadow,35,35,8.74,0.0,0.789,block_path,0.574,нейтрально,35.77,0.05,0.0,0,0.86,income_urge(0.86)
55,tavern_keeper_tornin,40,40,0.21,0.0,0.989,talk,0.642,нейтрально,42.9,0.03,0.0,0,0.38,obligation(1.00)
55,player,100,100,0.0,0.0,1.0,survive,0.0,спокоен,47.78,0.0,0.0,0,0.85,hunger
56,guard_borko,30,30,4.6,0.0,0.882,block_path,0.555,нейтрально,17.58,0.0,0.0,0,0.39,
56,merchant_goran,20,20,5.06,0.0,0.536,offer_job,0.61,нейтрально,104.18,0.0,0.0,0,0.43,
56,maid_lusya,15,15,9.15,0.0,0.754,spread_rumor,0.17,нейтрально,6.97,0.01,0.0,0,0.37,
56,blacksmith_orm,45,45,4.91,0.0,0.559,request_service,0.874,нейтрально,60.68,0.0,0.0,0,0.42,
56,thief_shadow,35,35,8.89,0.0,0.755,block_path,0.473,нейтрально,35.77,0.16,0.0,0,0.87,income_urge(0.87)
56,tavern_keeper_tornin,40,40,0.24,0.0,0.989,talk,0.647,нейтрально,42.9,0.03,0.0,0,0.39,obligation(1.00)
56,player,100,100,0.0,0.0,1.0,survive,0.0,спокоен,47.78,0.0,0.0,0,0.86,hunger
57,guard_borko,30,30,4.6,0.0,0.882,block_path,0.522,нейтрально,17.58,0.0,0.0,0,0.4,
57,merchant_goran,20,20,5.06,0.0,0.536,offer_job,0.815,нейтрально,104.18,0.0,0.0,0,0.51,
57,maid_lusya,15,15,9.16,0.0,0.72,spread_rumor,0.202,нейтрально,6.97,0.01,0.0,0,0.38,
57,blacksmith_orm,45,45,4.91,0.0,0.559,request_service,1.009,нейтрально,60.68,0.0,0.0,0,0.5,
57,thief_shadow,35,35,9.15,0.0,0.721,block_path,0.535,нейтрально,35.77,0.26,0.0,0,0.88,income_urge(0.88)
57,tavern_keeper_tornin,40,40,0.27,0.0,0.989,talk,0.681,нейтрально,42.9,0.03,0.0,0,0.4,obligation(1.00)
57,player,100,100,0.0,0.0,1.0,survive,0.0,спокоен,47.78,0.0,0.0,0,0.87,hunger
58,guard_borko,30,30,4.6,0.0,0.882,block_path,0.583,нейтрально,17.58,0.0,0.0,0,0.41,
58,merchant_goran,20,20,5.06,0.0,0.537,offer_job,0.845,нейтрально,104.18,0.0,0.0,0,0.6,
58,maid_lusya,15,15,9.17,0.0,0.687,idle,0.0,нейтрально,6.97,0.01,0.0,0,0.39,
58,blacksmith_orm,45,45,4.91,0.0,0.559,request_service,0.911,нейтрально,60.68,0.0,0.0,0,0.59,
58,thief_shadow,35,35,9.51,0.0,0.687,block_path,0.573,нейтрально,35.77,0.36,0.0,0,0.89,income_urge(0.89)
58,tavern_keeper_tornin,40,40,0.3,0.0,0.989,talk,0.637,нейтрально,42.9,0.03,0.0,0,0.41,obligation(1.00)
58,player,100,100,0.0,0.0,1.0,survive,0.0,спокоен,47.78,0.0,0.0,0,0.88,hunger
59,guard_borko,30,30,4.6,0.0,0.882,block_path,0.445,нейтрально,17.58,0.0,0.0,0,0.42,
59,merchant_goran,20,20,9.0,0.0,0.537,offer_job,0.821,тревога,104.18,3.95,0.0,0,0.68,hunger(0.68)
59,maid_lusya,15,15,9.18,0.0,0.653,talk,0.2,нейтрально,6.97,0.01,0.0,0,0.41,
59,blacksmith_orm,45,45,8.78,0.0,0.56,request_service,0.736,тревога,60.68,3.87,0.0,0,0.67,hunger(0.67)
59,thief_shadow,35,35,9.97,0.0,0.653,block_path,0.501,нейтрально,35.77,0.46,0.0,0,0.9,income_urge(0.90)
59,tavern_keeper_tornin,40,40,0.33,0.0,0.989,talk,0.419,нейтрально,42.9,0.03,0.0,0,0.42,obligation(1.00)
59,player,100,100,0.0,0.0,1.0,survive,0.0,спокоен,47.78,0.0,0.0,0,0.89,hunger
60,guard_borko,30,30,4.6,0.0,0.882,block_path,0.437,нейтрально,17.58,0.0,0.0,0,0.43,
60,merchant_goran,20,20,9.0,0.0,0.509,offer_job,0.746,тревога,104.07,0.0,0.0,0,0.42,
60,maid_lusya,15,15,9.19,0.0,0.62,seek_ally,0.283,нейтрально,6.97,0.01,0.0,0,0.41,
60,blacksmith_orm,45,45,8.78,0.0,0.532,request_service,0.73,тревога,60.57,0.0,0.0,0,0.42,
60,thief_shadow,35,35,10.53,0.0,0.62,block_path,0.641,нейтрально,35.77,0.56,0.0,0,0.91,income_urge(0.91)
60,tavern_keeper_tornin,40,40,0.36,0.0,0.989,talk,0.367,нейтрально,43.23,0.03,0.0,0,0.43,obligation(1.00)
60,player,100,100,0.0,0.0,1.0,survive,0.0,спокоен,47.67,0.0,0.0,0,0.9,hunger
61,guard_borko,30,30,4.6,0.0,0.882,block_path,0.189,нейтрально,17.58,0.0,0.0,0,0.5,
61,merchant_goran,20,20,9.0,0.0,0.484,offer_job,0.834,нейтрально,104.07,0.0,0.0,0,0.43,
61,maid_lusya,15,15,9.2,0.0,0.621,call_for_help,0.29,нейтрально,6.97,0.01,0.0,0,0.42,
61,blacksmith_orm,45,45,8.78,0.0,0.507,request_service,0.514,нейтрально,60.57,0.0,0.0,0,0.43,
61,thief_shadow,35,35,11.19,0.0,0.587,block_path,0.667,нейтрально,35.77,0.66,0.0,0,0.92,income_urge(0.92)
61,tavern_keeper_tornin,40,40,0.39,0.0,0.989,talk,0.373,нейтрально,43.23,0.03,0.0,0,0.44,obligation(1.00)
61,player,100,100,0.0,0.0,1.0,survive,0.0,спокоен,47.67,0.0,0.0,0,0.91,hunger
62,guard_borko,30,30,4.6,0.0,0.882,block_path,0.273,нейтрально,17.58,0.0,0.0,0,0.57,
62,merchant_goran,20,20,9.0,0.0,0.46,offer_job,0.644,нейтрально,104.07,0.0,0.0,0,0.44,
62,maid_lusya,15,15,9.21,0.0,0.621,call_for_help,0.223,нейтрально,6.97,0.01,0.0,0,0.43,
62,blacksmith_orm,45,45,8.78,0.0,0.483,request_service,0.478,нейтрально,60.57,0.0,0.0,0,0.44,
62,thief_shadow,35,35,11.95,0.0,0.564,block_path,0.57,нейтрально,35.77,0.76,0.0,0,0.93,income_urge(0.93)
62,tavern_keeper_tornin,40,40,0.42,0.0,0.989,talk,0.29,нейтрально,43.23,0.03,0.0,0,0.45,obligation(1.00)
62,player,100,100,0.0,0.0,1.0,survive,0.0,спокоен,47.67,0.0,0.0,0,0.92,hunger
63,guard_borko,30,30,8.36,0.0,0.882,idle,0.0,тревога,17.58,3.76,0.0,0,0.64,hunger(0.64)
63,merchant_goran,20,20,9.0,0.0,0.437,offer_job,0.522,нейтрально,104.07,0.0,0.0,0,0.45,
63,maid_lusya,15,15,9.22,0.0,0.621,call_for_help,0.221,нейтрально,6.97,0.01,0.0,0,0.44,
63,blacksmith_orm,45,45,8.78,0.0,0.46,request_service,0.339,нейтрально,60.57,0.0,0.0,0,0.45,
63,thief_shadow,35,35,12.81,0.0,0.542,block_path,0.419,нейтрально,35.77,0.86,0.0,0,0.94,income_urge(0.94)
63,tavern_keeper_tornin,40,40,0.45,0.0,0.989,idle,0.0,нейтрально,43.23,0.03,0.0,0,0.46,obligation(1.00)
63,player,100,100,0.0,0.0,1.0,survive,0.0,спокоен,47.67,0.0,0.0,0,0.93,hunger
64,guard_borko,30,30,8.36,0.0,0.869,ambush,0.371,тревога,17.47,0.0,0.0,0,0.47,
64,merchant_goran,20,20,9.0,0.0,0.438,offer_job,0.564,нейтрально,104.07,0.0,0.0,0,0.46,
64,maid_lusya,15,15,9.23,0.0,0.622,call_for_help,0.38,нейтрально,6.97,0.01,0.0,0,0.45,
64,blacksmith_orm,45,45,8.78,0.0,0.461,change_role,0.358,нейтрально,60.57,0.0,0.0,0,0.46,
64,thief_shadow,35,35,13.78,0.0,0.52,block_path,0.382,нейтрально,35.77,0.96,0.0,0,0.95,income_urge(0.95)
64,tavern_keeper_tornin,40,40,0.48,0.0,0.989,talk,0.505,нейтрально,43.34,0.03,0.0,0,0.47,obligation(1.00)
64,player,100,100,0.0,0.0,1.0,survive,0.0,спокоен,47.67,0.0,0.0,0,0.94,hunger
65,guard_borko,30,30,8.36,0.0,0.856,ambush,0.36,нейтрально,17.47,0.0,0.0,0,0.48,
65,merchant_goran,20,20,9.0,0.0,0.415,offer_job,0.463,нейтрально,104.07,0.0,0.0,0,0.47,
65,maid_lusya,15,15,9.24,0.0,0.622,call_for_help,0.269,нейтрально,6.97,0.01,0.0,0,0.49,
65,blacksmith_orm,45,45,8.78,0.0,0.438,request_service,0.638,нейтрально,60.57,0.0,0.0,0,0.47,
65,thief_shadow,35,35,14.78,0.0,0.498,block_path,0.367,нейтрально,35.77,1.0,0.0,0,0.95,income_urge(0.95)
65,tavern_keeper_tornin,40,40,0.51,0.0,0.989,talk,0.468,нейтрально,43.34,0.03,0.0,0,0.49,obligation(1.00)
65,player,100,100,0.0,0.0,1.0,survive,0.0,спокоен,47.67,0.0,0.0,0,0.95,hunger
66,guard_borko,30,30,8.36,0.0,0.844,ambush,0.339,нейтрально,17.47,0.0,0.0,0,0.49,
66,merchant_goran,20,20,9.0,0.0,0.392,offer_job,0.292,нейтрально,104.07,0.0,0.0,0,0.48,
66,maid_lusya,15,15,9.25,0.0,0.623,call_for_help,0.323,нейтрально,6.97,0.01,0.0,0,0.58,
66,blacksmith_orm,45,45,8.78,0.0,0.415,request_service,0.654,нейтрально,60.57,0.0,0.0,0,0.48,
66,thief_shadow,35,35,15.78,0.0,0.476,idle,0.0,нейтрально,35.77,1.0,0.0,0,0.95,income_urge(0.95)
66,tavern_keeper_tornin,40,40,0.54,0.0,0.989,talk,0.599,нейтрально,43.34,0.03,0.0,0,0.5,obligation(1.00)
66,player,100,100,0.0,0.0,1.0,survive,0.0,спокоен,47.67,0.0,0.0,0,0.95,hunger
67,guard_borko,30,30,8.36,0.0,0.833,ambush,0.393,нейтрально,17.47,0.0,0.0,0,0.5,
67,merchant_goran,20,20,9.0,0.0,0.335,request_service,0.513,нейтрально,104.07,0.0,0.0,0,0.49,
67,maid_lusya,15,15,13.07,0.0,0.623,call_for_help,0.39,тревога,6.97,3.82,0.0,0,0.66,hunger(0.66)
67,blacksmith_orm,45,45,8.78,0.0,0.393,request_service,0.794,нейтрально,60.57,0.0,0.0,0,0.49,
67,thief_shadow,35,35,20.62,0.0,0.453,block_path,0.496,тревога,35.77,4.84,0.0,0,0.95,hunger(0.66); income_urge(0.95)
67,tavern_keeper_tornin,40,40,0.57,0.0,0.989,talk,0.495,нейтрально,43.34,0.03,0.0,0,0.51,obligation(1.00)
67,player,100,100,0.0,0.0,1.0,survive,0.0,спокоен,47.67,0.0,0.0,0,0.95,hunger
68,guard_borko,30,30,8.36,0.0,0.833,ambush,0.401,нейтрально,17.47,0.0,0.0,0,0.51,
68,merchant_goran,20,20,9.0,0.0,0.279,request_service,0.695,нейтрально,104.07,0.0,0.0,0,0.5,
68,maid_lusya,15,15,13.08,0.0,0.581,call_for_help,0.456,тревога,6.86,0.01,0.0,0,0.49,
68,blacksmith_orm,45,45,8.78,0.0,0.337,request_service,0.784,нейтрально,60.57,0.0,0.0,0,0.5,
68,thief_shadow,35,35,21.62,0.0,0.424,ambush,0.406,тревога,35.66,1.0,0.0,0,0.95,income_urge(0.95)
68,tavern_keeper_tornin,40,40,0.6,0.0,0.989,talk,0.621,нейтрально,43.56,0.03,0.0,0,0.52,obligation(1.00)
68,player,100,100,0.0,0.0,1.0,survive,0.0,спокоен,47.67,0.0,0.0,0,0.95,hunger
69,guard_borko,30,30,8.36,0.0,0.822,ambush,0.49,нейтрально,17.47,0.0,0.0,0,0.52,
69,merchant_goran,20,20,9.0,0.0,0.223,request_service,0.614,нейтрально,104.07,0.0,0.0,0,0.51,
69,maid_lusya,15,15,13.09,0.0,0.555,call_for_help,0.28,нейтрально,6.86,0.01,0.0,0,0.5,
69,blacksmith_orm,45,45,8.78,0.0,0.281,request_service,0.855,нейтрально,60.57,0.0,0.0,0,0.51,
69,thief_shadow,35,35,22.62,0.0,0.397,ambush,0.502,нейтрально,35.66,1.0,0.0,0,0.95,income_urge(0.95)
69,tavern_keeper_tornin,40,40,0.63,0.0,0.989,talk,0.497,нейтрально,43.56,0.03,0.0,0,0.53,obligation(1.00)
69,player,100,100,0.0,0.0,1.0,survive,0.0,спокоен,47.67,0.0,0.0,0,0.95,hunger
70,guard_borko,30,30,8.36,0.0,0.811,ambush,0.452,нейтрально,17.47,0.0,0.0,0,0.54,
70,merchant_goran,20,20,9.0,0.0,0.167,request_service,0.635,нейтрально,104.07,0.0,0.0,0,0.52,
70,maid_lusya,15,15,13.1,0.0,0.531,call_for_help,0.259,нейтрально,6.86,0.01,0.0,0,0.5,
70,blacksmith_orm,45,45,8.78,0.0,0.226,request_service,0.957,нейтрально,60.57,0.0,0.0,0,0.52,
70,thief_shadow,35,35,23.62,0.0,0.333,ambush,0.414,нейтрально,35.66,1.0,0.0,0,0.95,income_urge(0.95)
70,tavern_keeper_tornin,40,40,0.66,0.0,0.989,talk,0.62,нейтрально,43.56,0.03,0.0,0,0.54,obligation(1.00)
70,player,100,100,0.0,0.0,1.0,survive,0.0,спокоен,47.67,0.0,0.0,0,0.95,hunger
71,guard_borko,30,30,8.36,0.0,0.799,ambush,0.636,нейтрально,17.47,0.0,0.0,0,0.55,
71,merchant_goran,20,20,9.0,0.0,0.057,request_service,0.742,нейтрально,104.07,0.0,0.0,0,0.53,
71,maid_lusya,15,15,13.11,0.0,0.508,call_for_help,0.206,нейтрально,6.86,0.01,0.0,0,0.51,
71,blacksmith_orm,45,45,8.78,0.0,0.226,request_service,0.916,нейтрально,60.57,0.0,0.0,0,0.53,
71,thief_shadow,35,35,24.62,0.0,0.272,ambush,0.477,нейтрально,35.66,1.0,0.0,0,0.95,income_urge(0.95)
71,tavern_keeper_tornin,40,40,0.69,0.0,0.989,talk,0.735,нейтрально,43.56,0.03,0.0,0,0.55,obligation(1.00)
71,player,100,100,0.0,0.0,1.0,survive,0.0,спокоен,47.67,0.0,0.0,0,0.95,hunger
72,guard_borko,30,30,6.86,0.0,0.766,ambush,0.412,нейтрально,18.17,-1.5,0.0,0,0.56,
72,merchant_goran,20,20,7.5,0.0,0.058,request_service,0.748,нейтрально,103.37,-1.5,0.0,0,0.54,
72,maid_lusya,15,15,11.15,0.0,0.485,idle,0.0,нейтрально,7.16,-1.96,0.0,0,0.52,
72,blacksmith_orm,45,45,7.28,0.0,0.227,request_service,1.015,нейтрально,60.57,-1.5,0.0,0,0.54,
72,thief_shadow,35,35,21.78,0.0,0.212,ambush,0.52,нейтрально,35.66,-2.84,0.0,0,0.95,income_urge(0.95)
72,tavern_keeper_tornin,40,40,0.0,0.0,0.989,talk,0.494,нейтрально,43.26,-0.69,0.0,0,0.56,obligation(1.00)
72,player,100,100,0.0,0.0,1.0,survive,0.0,спокоен,47.67,0.0,0.0,0,0.95,hunger
73,guard_borko,30,30,6.86,0.0,0.766,ambush,0.331,нейтрально,18.02,0.0,0.0,0,0.31,
73,merchant_goran,20,20,7.5,0.0,0.059,request_service,0.818,нейтрально,102.97,0.0,0.0,0,0.34,
73,maid_lusya,15,15,11.16,0.0,0.462,seek_ally,0.224,нейтрально,7.06,0.01,0.0,0,0.31,
73,blacksmith_orm,45,45,7.28,0.0,0.228,request_service,0.924,нейтрально,60.27,0.0,0.0,0,0.55,
73,thief_shadow,35,35,22.78,0.0,0.151,ambush,0.615,нейтрально,35.56,1.0,0.0,0,0.95,income_urge(0.95)
73,tavern_keeper_tornin,40,40,0.03,0.0,0.989,talk,0.427,нейтрально,43.01,0.03,0.0,0,0.31,obligation(1.00)
73,player,100,100,0.0,0.0,1.0,survive,0.0,спокоен,47.67,0.0,0.0,0,0.95,hunger
74,guard_borko,30,30,6.86,0.0,0.766,ambush,0.204,нейтрально,18.02,0.0,0.0,0,0.36,
74,merchant_goran,20,20,7.5,0.0,0.06,request_service,0.929,нейтрально,102.97,0.0,0.0,0,0.43,
74,maid_lusya,15,15,11.17,0.0,0.439,seek_ally,0.268,нейтрально,7.06,0.01,0.0,0,0.32,
74,blacksmith_orm,45,45,7.28,0.0,0.229,request_service,0.696,нейтрально,60.27,0.0,0.0,0,0.56,
74,thief_shadow,35,35,23.78,0.0,0.027,ambush,0.654,нейтрально,35.56,1.0,0.0,0,0.95,income_urge(0.95)
74,tavern_keeper_tornin,40,40,0.06,0.0,0.989,talk,0.456,нейтрально,43.01,0.03,0.0,0,0.32,obligation(1.00)
74,player,100,100,0.0,0.0,1.0,survive,0.0,спокоен,47.67,0.0,0.0,0,0.95,hunger
75,guard_borko,30,30,6.86,0.0,0.767,ambush,0.196,нейтрально,18.02,0.0,0.0,0,0.43,
75,merchant_goran,20,20,7.5,0.0,0.061,request_service,0.663,нейтрально,102.97,0.0,0.0,0,0.51,
75,maid_lusya,15,15,11.18,0.0,0.416,seek_ally,0.271,нейтрально,7.06,0.01,0.0,0,0.33,
75,blacksmith_orm,45,45,7.28,0.0,0.23,request_service,0.754,нейтрально,60.27,0.0,0.0,0,0.57,
75,thief_shadow,35,35,24.78,0.0,0.0,ambush,0.744,нейтрально,35.56,1.0,0.0,0,0.95,income_urge(0.95)
75,tavern_keeper_tornin,40,40,0.09,0.0,0.989,talk,0.251,нейтрально,43.01,0.03,0.0,0,0.33,obligation(1.00)
75,player,100,100,0.0,0.0,1.0,survive,0.0,спокоен,47.67,0.0,0.0,0,0.95,hunger
76,guard_borko,30,30,6.86,0.0,0.767,ambush,0.169,нейтрально,18.02,0.0,0.0,0,0.34,
76,merchant_goran,20,20,7.5,0.0,0.062,request_service,0.63,нейтрально,102.97,0.0,0.0,0,0.6,
76,maid_lusya,15,15,11.19,0.0,0.393,seek_ally,0.284,нейтрально,7.06,0.01,0.0,0,0.34,
76,blacksmith_orm,45,45,7.28,0.0,0.23,request_service,0.621,нейтрально,60.27,0.0,0.0,0,0.59,
76,thief_shadow,35,35,25.78,0.0,0.0,ambush,0.525,нейтрально,35.56,1.0,0.0,0,0.95,income_urge(0.95)
76,tavern_keeper_tornin,40,40,0.12,0.0,0.989,idle,0.0,нейтрально,43.01,0.03,0.0,0,0.34,obligation(1.00)
76,player,100,100,0.0,0.0,1.0,survive,0.0,спокоен,47.67,0.0,0.0,0,0.95,hunger
77,guard_borko,30,30,6.86,0.0,0.767,idle,0.0,нейтрально,18.02,0.0,0.0,0,0.35,
77,merchant_goran,20,20,11.45,0.0,0.063,request_service,0.557,тревога,102.97,3.95,0.0,0,0.68,hunger(0.68)
77,maid_lusya,15,15,11.2,0.0,0.337,seek_ally,0.444,нейтрально,7.06,0.01,0.0,0,0.41,
77,blacksmith_orm,45,45,11.15,0.0,0.231,request_service,0.413,тревога,60.27,3.87,0.0,0,0.67,hunger(0.67)
77,thief_shadow,35,35,26.78,0.0,0.0,ambush,0.471,нейтрально,35.56,1.0,0.0,0,0.95,income_urge(0.95)
77,tavern_keeper_tornin,40,40,0.15,0.0,0.989,talk,0.503,нейтрально,43.01,0.03,0.0,0,0.35,obligation(1.00)
77,player,100,100,0.0,0.0,1.0,survive,0.0,спокоен,47.67,0.0,0.0,0,0.95,hunger
78,guard_borko,30,30,6.86,0.0,0.767,ambush,0.345,нейтрально,18.02,0.0,0.0,0,0.36,
78,merchant_goran,20,20,11.45,0.0,0.0,request_service,0.542,тревога,102.86,0.0,0.0,0,0.36,
78,maid_lusya,15,15,11.21,0.0,0.281,seek_ally,0.323,нейтрально,7.06,0.01,0.0,0,0.36,
78,blacksmith_orm,45,45,11.15,0.0,0.161,request_service,0.3,тревога,60.16,0.0,0.0,0,0.6,income_urge(0.60)
78,thief_shadow,35,35,27.78,0.0,0.0,ambush,0.502,нейтрально,35.56,1.0,0.0,0,0.95,income_urge(0.95)
78,tavern_keeper_tornin,40,40,0.18,0.0,0.989,talk,0.548,нейтрально,43.34,0.03,0.0,0,0.42,obligation(1.00)
78,player,100,100,0.0,0.0,1.0,survive,0.0,спокоен,47.56,0.0,0.0,0,0.95,hunger
79,guard_borko,30,30,6.86,0.0,0.767,ambush,0.264,нейтрально,18.02,0.0,0.0,0,0.37,
79,merchant_goran,20,20,11.45,0.0,0.0,request_service,0.287,нейтрально,102.86,0.0,0.0,0,0.37,
79,maid_lusya,15,15,11.22,0.0,0.225,seek_ally,0.356,нейтрально,7.06,0.01,0.0,0,0.37,
79,blacksmith_orm,45,45,11.15,0.0,0.033,request_service,0.34,нейтрально,60.16,0.0,0.0,0,0.61,income_urge(0.61)
79,thief_shadow,35,35,28.78,0.0,0.0,ambush,0.216,нейтрально,35.56,1.0,0.0,0,0.95,income_urge(0.95)
79,tavern_keeper_tornin,40,40,0.21,0.0,0.989,talk,0.593,нейтрально,43.34,0.03,0.0,0,0.38,obligation(1.00)
79,player,100,100,0.0,0.0,1.0,survive,0.0,спокоен,47.56,0.0,0.0,0,0.95,hunger
80,guard_borko,30,30,6.86,0.0,0.768,ambush,0.3,нейтрально,18.02,0.0,0.0,0,0.39,
80,merchant_goran,20,20,11.45,0.0,0.0,offer_job,0.507,нейтрально,102.86,0.0,0.0,0,0.38,
80,maid_lusya,15,15,11.23,0.0,0.17,seek_ally,0.466,нейтрально,7.06,0.01,0.0,0,0.37,
80,blacksmith_orm,45,45,11.15,0.0,0.0,request_service,0.203,нейтрально,60.16,0.0,0.0,0,0.62,income_urge(0.62)
80,thief_shadow,35,35,29.78,0.0,0.0,ambush,0.259,нейтрально,35.56,1.0,0.0,0,0.95,income_urge(0.95)
80,tavern_keeper_tornin,40,40,0.24,0.0,0.989,talk,0.517,нейтрально,43.34,0.03,0.0,0,0.39,obligation(1.00)
80,player,100,100,0.0,0.0,1.0,survive,0.0,спокоен,47.56,0.0,0.0,0,0.95,hunger
81,guard_borko,30,30,6.86,0.0,0.768,ambush,0.363,нейтрально,18.02,0.0,0.0,0,0.43,
81,merchant_goran,20,20,11.45,0.0,0.0,offer_job,0.637,нейтрально,102.86,0.0,0.0,0,0.39,
81,maid_lusya,15,15,11.24,0.0,0.06,seek_ally,0.443,нейтрально,7.06,0.01,0.0,0,0.38,
81,blacksmith_orm,45,45,11.15,0.0,0.0,change_role,0.363,нейтрально,60.16,0.0,0.0,0,0.63,income_urge(0.63)
81,thief_shadow,35,35,30.78,0.0,0.0,block_path,0.367,нейтрально,35.56,1.0,0.0,0,0.95,income_urge(0.95)
81,tavern_keeper_tornin,40,40,0.27,0.0,0.989,talk,0.624,нейтрально,43.34,0.03,0.0,0,0.4,obligation(1.00)
81,player,100,100,0.0,0.0,1.0,survive,0.0,спокоен,47.56,0.0,0.0,0,0.95,hunger
82,guard_borko,30,30,6.86,0.0,0.768,ambush,0.463,нейтрально,18.02,0.0,0.0,0,0.5,
82,merchant_goran,20,20,11.45,0.0,0.0,offer_job,0.755,нейтрально,102.86,0.0,0.0,0,0.43,
82,maid_lusya,15,15,11.25,0.0,0.06,seek_ally,0.242,нейтрально,7.06,0.01,0.0,0,0.41,
82,blacksmith_orm,45,45,11.15,0.0,0.0,request_service,0.653,нейтрально,60.16,0.0,0.0,0,0.64,income_urge(0.64)
82,thief_shadow,35,35,31.78,0.0,0.0,block_path,0.454,нейтрально,35.56,1.0,0.0,0,0.95,income_urge(0.95)
82,tavern_keeper_tornin,40,40,0.3,0.0,0.989,talk,0.661,нейтрально,43.34,0.03,0.0,0,0.41,obligation(1.00)
82,player,100,100,0.0,0.0,1.0,survive,0.0,спокоен,47.56,0.0,0.0,0,0.95,hunger
83,guard_borko,30,30,6.86,0.0,0.768,ambush,0.571,нейтрально,18.02,0.0,0.0,0,0.57,
83,merchant_goran,20,20,11.45,0.0,0.0,offer_job,0.642,нейтрально,102.86,0.0,0.0,0,0.41,
83,maid_lusya,15,15,11.26,0.0,0.061,seek_ally,0.159,нейтрально,7.06,0.01,0.0,0,0.49,
83,blacksmith_orm,45,45,11.15,0.0,0.0,request_service,0.659,нейтрально,60.16,0.0,0.0,0,0.65,income_urge(0.65)
83,thief_shadow,35,35,32.78,0.0,0.0,block_path,0.416,нейтрально,35.56,1.0,0.0,0,0.95,income_urge(0.95)
83,tavern_keeper_tornin,40,40,0.33,0.0,0.989,talk,0.691,нейтрально,43.34,0.03,0.0,0,0.42,obligation(1.00)
83,player,100,100,0.0,0.0,1.0,survive,0.0,спокоен,47.56,0.0,0.0,0,0.95,hunger
84,guard_borko,30,30,10.62,0.0,0.768,ambush,0.478,тревога,18.02,3.76,0.0,0,0.64,hunger(0.64)
84,merchant_goran,20,20,11.45,0.0,0.0,offer_job,0.695,нейтрально,102.86,0.0,0.0,0,0.42,
84,maid_lusya,15,15,11.27,0.0,0.062,idle,0.0,нейтрально,7.06,0.01,0.0,0,0.58,
84,blacksmith_orm,45,45,11.15,0.0,0.0,request_service,0.804,нейтрально,60.16,0.0,0.0,0,0.66,income_urge(0.66)
84,thief_shadow,35,35,33.78,0.0,0.0,block_path,0.628,нейтрально,35.56,1.0,0.0,0,0.95,income_urge(0.95)
84,tavern_keeper_tornin,40,40,0.36,0.0,0.989,talk,0.673,нейтрально,43.34,0.03,0.0,0,0.43,obligation(1.00)
84,player,100,100,0.0,0.0,1.0,survive,0.0,спокоен,47.56,0.0,0.0,0,0.95,hunger
85,guard_borko,30,30,10.62,0.0,0.727,ambush,0.516,тревога,17.91,0.0,0.0,0,0.44,
85,merchant_goran,20,20,11.45,0.0,0.0,offer_job,0.771,нейтрально,102.86,0.0,0.0,0,0.43,
85,maid_lusya,15,15,15.09,0.0,0.063,seek_ally,0.29,тревога,7.06,3.82,0.0,0,0.66,hunger(0.66)
85,blacksmith_orm,45,45,11.15,0.0,0.0,request_service,0.794,нейтрально,60.16,0.0,0.0,0,0.67,income_urge(0.67)
85,thief_shadow,35,35,39.25,0.0,0.0,block_path,0.552,тревога,35.56,5.47,0.0,0,0.95,hunger(0.66); income_urge(0.95)
85,tavern_keeper_tornin,40,40,0.39,0.0,0.989,talk,0.558,нейтрально,43.45,0.03,0.0,0,0.44,obligation(1.00)
85,player,100,100,0.0,0.0,1.0,survive,0.0,спокоен,47.56,0.0,0.0,0,0.95,hunger
86,guard_borko,30,30,10.62,0.0,0.689,ambush,0.532,нейтрально,17.91,0.0,0.0,0,0.45,
86,merchant_goran,20,20,11.45,0.0,0.0,offer_job,0.739,нейтрально,102.86,0.0,0.0,0,0.44,
86,maid_lusya,15,15,15.1,0.0,0.0,seek_ally,0.289,тревога,6.95,0.01,0.0,0,0.43,
86,blacksmith_orm,45,45,11.15,0.0,0.0,request_service,0.911,нейтрально,60.16,0.0,0.0,0,0.68,income_urge(0.68)
86,thief_shadow,35,35,40.25,0.0,0.0,block_path,0.661,тревога,35.45,1.0,0.0,0,0.95,income_urge(0.95)
86,tavern_keeper_tornin,40,40,0.42,0.0,0.989,talk,0.438,нейтрально,43.91,0.03,0.0,0,0.45,obligation(1.00)
86,player,100,100,0.0,0.0,1.0,survive,0.0,спокоен,47.56,0.0,0.0,0,0.95,hunger
87,guard_borko,30,30,10.62,0.0,0.653,ambush,0.319,нейтрально,17.91,0.0,0.0,0,0.46,
87,merchant_goran,20,20,11.45,0.0,0.0,offer_job,0.757,нейтрально,102.86,0.0,0.0,0,0.45,
87,maid_lusya,15,15,15.11,0.0,0.0,seek_ally,0.246,нейтрально,6.95,0.01,0.0,0,0.44,
87,blacksmith_orm,45,45,11.15,0.0,0.0,request_service,0.835,нейтрально,60.16,0.0,0.0,0,0.69,income_urge(0.69)
87,thief_shadow,35,35,41.25,0.0,0.0,block_path,0.56,нейтрально,35.45,1.0,0.0,0,0.95,income_urge(0.95)
87,tavern_keeper_tornin,40,40,0.45,0.0,0.989,talk,0.462,нейтрально,43.91,0.03,0.0,0,0.46,obligation(1.00)
87,player,100,100,0.0,0.0,1.0,survive,0.0,спокоен,47.56,0.0,0.0,0,0.95,hunger
88,guard_borko,30,30,10.62,0.0,0.619,ambush,0.232,нейтрально,17.91,0.0,0.0,0,0.47,
88,merchant_goran,20,20,11.45,0.0,0.0,offer_job,0.728,нейтрально,102.86,0.0,0.0,0,0.46,
88,maid_lusya,15,15,15.12,0.0,0.0,seek_ally,0.389,нейтрально,6.95,0.01,0.0,0,0.45,
88,blacksmith_orm,45,45,11.15,0.0,0.0,request_service,0.894,нейтрально,60.16,0.0,0.0,0,0.7,income_urge(0.70)
88,thief_shadow,35,35,42.25,0.0,0.0,block_path,0.728,нейтрально,35.45,1.0,0.0,0,0.95,income_urge(0.95)
88,tavern_keeper_tornin,40,40,0.48,0.0,0.989,talk,0.222,нейтрально,43.91,0.03,0.0,0,0.47,obligation(1.00)
88,player,100,100,0.0,0.0,1.0,survive,0.0,спокоен,47.56,0.0,0.0,0,0.95,hunger
89,guard_borko,30,30,10.62,0.0,0.586,ambush,0.207,нейтрально,17.91,0.0,0.0,0,0.48,
89,merchant_goran,20,20,11.45,0.0,0.0,offer_job,0.749,нейтрально,102.86,0.0,0.0,0,0.47,
89,maid_lusya,15,15,15.13,0.0,0.0,call_for_help,0.256,нейтрально,6.95,0.01,0.0,0,0.46,
89,blacksmith_orm,45,45,11.15,0.0,0.0,request_service,0.989,нейтрально,60.16,0.0,0.0,0,0.71,income_urge(0.71)
89,thief_shadow,35,35,43.25,0.0,0.0,block_path,0.586,нейтрально,35.45,1.0,0.0,0,0.95,income_urge(0.95)
89,tavern_keeper_tornin,40,40,0.51,0.0,0.989,talk,0.209,нейтрально,43.91,0.03,0.0,0,0.49,obligation(1.00)
89,player,100,100,0.0,0.0,1.0,survive,0.0,спокоен,47.56,0.0,0.0,0,0.95,hunger
90,guard_borko,30,30,10.62,0.0,0.563,block_path,0.184,нейтрально,17.91,0.0,0.0,0,0.49,
90,merchant_goran,20,20,11.45,0.0,0.0,offer_job,0.521,нейтрально,102.86,0.0,0.0,0,0.48,
90,maid_lusya,15,15,15.14,0.0,0.0,call_for_help,0.348,нейтрально,6.95,0.01,0.0,0,0.47,
90,blacksmith_orm,45,45,11.15,0.0,0.0,request_service,0.755,нейтрально,60.16,0.0,0.0,0,0.72,income_urge(0.72)
90,thief_shadow,35,35,44.25,0.0,0.0,block_path,0.461,нейтрально,35.45,1.0,0.0,0,0.95,income_urge(0.95)
90,tavern_keeper_tornin,40,40,0.54,0.0,0.989,call_for_help,0.282,нейтрально,43.91,0.03,0.0,0,0.5,obligation(1.00)
90,player,100,100,0.0,0.0,1.0,survive,0.0,спокоен,47.56,0.0,0.0,0,0.95,hunger
91,guard_borko,30,30,10.62,0.0,0.54,block_path,0.444,нейтрально,17.91,0.0,0.0,0,0.5,
91,merchant_goran,20,20,11.45,0.0,0.0,offer_job,0.429,нейтрально,102.86,0.0,0.0,0,0.49,
91,maid_lusya,15,15,15.15,0.0,0.0,call_for_help,0.269,нейтрально,6.95,0.01,0.0,0,0.48,
91,blacksmith_orm,45,45,11.15,0.0,0.0,request_service,0.753,нейтрально,60.16,0.0,0.0,0,0.73,income_urge(0.73)
91,thief_shadow,35,35,45.25,0.0,0.0,block_path,0.303,нейтрально,35.45,1.0,0.0,0,0.95,income_urge(0.95)
91,tavern_keeper_tornin,40,40,0.57,0.0,0.989,talk,0.454,нейтрально,43.91,0.03,0.0,0,0.51,obligation(1.00)
91,player,100,100,0.0,0.0,1.0,survive,0.0,спокоен,47.56,0.0,0.0,0,0.95,hunger
92,guard_borko,30,30,10.62,0.0,0.517,block_path,0.317,нейтрально,17.91,0.0,0.0,0,0.51,
92,merchant_goran,20,20,11.45,0.0,0.0,request_service,0.562,нейтрально,102.86,0.0,0.0,0,0.5,
92,maid_lusya,15,15,15.16,0.0,0.0,call_for_help,0.331,нейтрально,6.95,0.01,0.0,0,0.49,
92,blacksmith_orm,45,45,11.15,0.0,0.001,request_service,0.65,нейтрально,60.16,0.0,0.0,0,0.74,income_urge(0.74)
92,thief_shadow,35,35,46.25,0.0,0.0,block_path,0.349,нейтрально,35.45,1.0,0.0,0,0.95,income_urge(0.95)
92,tavern_keeper_tornin,40,40,0.6,0.0,0.989,talk,0.538,нейтрально,43.91,0.03,0.0,0,0.52,obligation(1.00)
92,player,100,100,0.0,0.0,1.0,survive,0.0,спокоен,47.56,0.0,0.0,0,0.95,hunger
93,guard_borko,30,30,10.62,0.0,0.494,block_path,0.481,нейтрально,17.91,0.0,0.0,0,0.52,
93,merchant_goran,20,20,11.45,0.0,0.001,request_service,0.594,нейтрально,102.86,0.0,0.0,0,0.51,
93,maid_lusya,15,15,15.17,0.0,0.0,call_for_help,0.347,нейтрально,6.95,0.01,0.0,0,0.5,
93,blacksmith_orm,45,45,11.15,0.0,0.002,request_service,0.572,нейтрально,60.16,0.0,0.0,0,0.75,income_urge(0.75)
93,thief_shadow,35,35,47.25,0.0,0.0,block_path,0.27,нейтрально,35.45,1.0,0.0,0,0.95,income_urge(0.95)
93,tavern_keeper_tornin,40,40,0.63,0.0,0.989,talk,0.436,нейтрально,43.91,0.03,0.0,0,0.53,obligation(1.00)
93,player,100,100,0.0,0.0,1.0,survive,0.0,спокоен,47.56,0.0,0.0,0,0.95,hunger
94,guard_borko,30,30,10.62,0.0,0.472,block_path,0.489,нейтрально,17.91,0.0,0.0,0,0.54,
94,merchant_goran,20,20,11.45,0.0,0.002,request_service,0.635,нейтрально,104.86,0.0,0.0,0,0.6,
94,maid_lusya,15,15,15.18,0.0,0.0,call_for_help,0.39,нейтрально,6.95,0.01,0.0,0,0.5,
94,blacksmith_orm,45,45,11.15,0.0,0.003,request_service,0.376,нейтрально,60.16,0.0,0.0,0,0.76,income_urge(0.76)
94,thief_shadow,35,35,48.25,0.0,0.0,ambush,0.393,нейтрально,35.45,1.0,0.0,0,0.95,income_urge(0.95)
94,tavern_keeper_tornin,40,40,0.66,0.0,0.989,talk,0.509,нейтрально,43.91,0.03,0.0,0,0.54,obligation(1.00)
94,player,100,100,0.0,0.0,1.0,survive,0.0,спокоен,47.56,0.0,0.0,0,0.95,hunger
95,guard_borko,30,30,10.62,0.0,0.45,block_path,0.568,нейтрально,17.91,0.0,0.0,0,0.55,
95,merchant_goran,20,20,15.39,0.0,0.003,request_service,0.756,тревога,104.86,3.95,0.0,0,0.68,hunger(0.68)
95,maid_lusya,15,15,15.19,0.0,0.0,call_for_help,0.452,нейтрально,6.95,0.01,0.0,0,0.51,
95,blacksmith_orm,45,45,15.03,0.0,0.004,request_service,0.419,тревога,60.16,3.87,0.0,0,0.77,hunger(0.67); income_urge(0.77)
95,thief_shadow,35,35,49.25,0.0,0.0,ambush,0.572,нейтрально,35.45,1.0,0.0,0,0.95,income_urge(0.95)
95,tavern_keeper_tornin,40,40,0.69,0.0,0.989,talk,0.535,нейтрально,43.91,0.03,0.0,0,0.55,obligation(1.00)
95,player,100,100,0.0,0.0,1.0,survive,0.0,спокоен,47.56,0.0,0.0,0,0.95,hunger
96,guard_borko,30,30,9.03,0.0,0.428,block_path,0.48,нейтрально,18.61,-1.59,0.0,0,0.56,
96,merchant_goran,20,20,13.09,0.0,0.0,request_service,0.776,тревога,104.05,-2.31,0.0,0,0.54,
96,maid_lusya,15,15,12.92,0.0,0.0,call_for_help,0.428,нейтрально,7.25,-2.27,0.0,0,0.52,
96,blacksmith_orm,45,45,12.77,0.0,0.0,request_service,0.275,тревога,60.05,-2.25,0.0,0,0.78,income_urge(0.78)
96,thief_shadow,35,35,42.71,0.0,0.0,ambush,0.445,нейтрально,35.45,-6.54,0.0,0,0.95,income_urge(0.95)
96,tavern_keeper_tornin,40,40,0.0,0.0,0.989,talk,0.593,нейтрально,43.94,-0.69,0.0,0,0.56,obligation(1.00)
96,player,100,100,0.0,0.0,1.0,survive,0.0,спокоен,47.45,0.0,0.0,0,0.95,hunger
97,guard_borko,30,30,9.03,0.0,0.428,block_path,0.464,нейтрально,18.46,0.0,0.0,0,0.31,
97,merchant_goran,20,20,13.09,0.0,0.0,request_service,0.75,нейтрально,103.65,0.0,0.0,0,0.31,
97,maid_lusya,15,15,12.93,0.0,0.0,call_for_help,0.388,нейтрально,7.15,0.01,0.0,0,0.31,
97,blacksmith_orm,45,45,12.77,0.0,0.0,request_service,0.238,нейтрально,59.75,0.0,0.0,0,0.79,income_urge(0.79)
97,thief_shadow,35,35,43.71,0.0,0.0,ambush,0.575,нейтрально,35.35,1.0,0.0,0,0.95,income_urge(0.95)
97,tavern_keeper_tornin,40,40,0.03,0.0,0.989,talk,0.643,нейтрально,43.69,0.03,0.0,0,0.31,obligation(1.00)
97,player,100,100,0.0,0.0,1.0,survive,0.0,спокоен,47.45,0.0,0.0,0,0.95,hunger
98,guard_borko,30,30,9.03,0.0,0.429,block_path,0.45,нейтрально,18.46,0.0,0.0,0,0.32,
98,merchant_goran,20,20,13.09,0.0,0.0,request_service,0.762,нейтрально,103.65,0.0,0.0,0,0.32,
98,maid_lusya,15,15,12.94,0.0,0.0,call_for_help,0.368,нейтрально,7.15,0.01,0.0,0,0.32,
98,blacksmith_orm,45,45,12.77,0.0,0.0,offer_job,0.368,нейтрально,59.75,0.0,0.0,0,0.8,income_urge(0.80)
98,thief_shadow,35,35,44.71,0.0,0.0,ambush,0.583,нейтрально,35.35,1.0,0.0,0,0.95,income_urge(0.95)
98,tavern_keeper_tornin,40,40,0.06,0.0,0.989,talk,0.607,нейтрально,43.69,0.03,0.0,0,0.32,obligation(1.00)
98,player,100,100,0.0,0.0,1.0,survive,0.0,спокоен,47.45,0.0,0.0,0,0.95,hunger
99,guard_borko,30,30,9.03,0.0,0.429,block_path,0.389,нейтрально,18.46,0.0,0.0,0,0.33,
99,merchant_goran,20,20,13.09,0.0,0.0,request_service,0.881,нейтрально,103.65,0.0,0.0,0,0.34,
99,maid_lusya,15,15,12.95,0.0,0.0,call_for_help,0.25,нейтрально,7.15,0.01,0.0,0,0.33,
99,blacksmith_orm,45,45,12.77,0.0,0.0,request_service,0.675,нейтрально,59.75,0.0,0.0,0,0.82,income_urge(0.82)
99,thief_shadow,35,35,45.71,0.0,0.0,ambush,0.573,нейтрально,35.35,1.0,0.0,0,0.95,income_urge(0.95)
99,tavern_keeper_tornin,40,40,0.09,0.0,0.989,talk,0.508,нейтрально,43.69,0.03,0.0,0,0.33,obligation(1.00)
99,player,100,100,0.0,0.0,1.0,survive,0.0,спокоен,47.45,0.0,0.0,0,0.95,hunger
100,guard_borko,30,30,9.03,0.0,0.43,block_path,0.32,нейтрально,18.46,0.0,0.0,0,0.34,
100,merchant_goran,20,20,13.09,0.0,0.0,request_service,0.68,нейтрально,103.65,0.0,0.0,0,0.43,
100,maid_lusya,15,15,12.96,0.0,0.0,idle,0.0,нейтрально,7.15,0.01,0.0,0,0.41,
100,blacksmith_orm,45,45,12.77,0.0,0.0,request_service,0.699,нейтрально,59.75,0.0,0.0,0,0.83,income_urge(0.83)
100,thief_shadow,35,35,46.71,0.0,0.0,ambush,0.559,нейтрально,35.35,1.0,0.0,0,0.95,income_urge(0.95)
100,tavern_keeper_tornin,40,40,0.12,0.0,0.989,talk,0.459,нейтрально,43.69,0.03,0.0,0,0.34,obligation(1.00)
100,player,100,100,0.0,0.0,1.0,survive,0.0,спокоен,47.45,0.0,0.0,0,0.95,hunger
101,guard_borko,30,30,9.03,0.0,0.431,block_path,0.266,нейтрально,18.46,0.0,0.0,0,0.36,
101,merchant_goran,20,20,13.09,0.0,0.0,request_service,0.705,нейтрально,103.65,0.0,0.0,0,0.35,
101,maid_lusya,15,15,12.97,0.0,0.0,call_for_help,0.278,нейтрально,7.15,0.01,0.0,0,0.49,
101,blacksmith_orm,45,45,12.77,0.0,0.0,request_service,0.831,нейтрально,59.75,0.0,0.0,0,0.84,income_urge(0.84)
101,thief_shadow,35,35,47.71,0.0,0.0,ambush,0.741,нейтрально,35.35,1.0,0.0,0,0.95,income_urge(0.95)
101,tavern_keeper_tornin,40,40,0.15,0.0,0.989,talk,0.309,нейтрально,43.69,0.03,0.0,0,0.35,obligation(1.00)
101,player,100,100,0.0,0.0,1.0,survive,0.0,спокоен,47.45,0.0,0.0,0,0.95,hunger
102,guard_borko,30,30,9.03,0.0,0.431,idle,0.0,нейтрально,18.46,0.0,0.0,0,0.43,
102,merchant_goran,20,20,13.09,0.0,0.0,request_service,0.602,нейтрально,103.65,0.0,0.0,0,0.36,
102,maid_lusya,15,15,12.98,0.0,0.0,seek_ally,0.295,нейтрально,7.15,0.01,0.0,0,0.58,
102,blacksmith_orm,45,45,12.77,0.0,0.0,request_service,0.765,нейтрально,59.75,0.0,0.0,0,0.85,income_urge(0.85)
102,thief_shadow,35,35,48.71,0.0,0.0,ambush,0.669,нейтрально,35.35,1.0,0.0,0,0.95,income_urge(0.95)
102,tavern_keeper_tornin,40,40,0.18,0.0,0.989,talk,0.271,нейтрально,43.69,0.03,0.0,0,0.42,obligation(1.00)
102,player,100,100,0.0,0.0,1.0,survive,0.0,спокоен,47.45,0.0,0.0,0,0.95,hunger
103,guard_borko,30,30,9.03,0.0,0.432,ambush,0.32,нейтрально,18.46,0.0,0.0,0,0.5,
103,merchant_goran,20,20,13.09,0.0,0.0,request_service,0.489,нейтрально,103.65,0.0,0.0,0,0.37,
103,maid_lusya,15,15,16.8,0.0,0.0,seek_ally,0.276,тревога,7.15,3.82,0.0,0,0.66,hunger(0.66)
103,blacksmith_orm,45,45,12.83,0.0,0.0,request_service,0.915,нейтрально,59.75,0.05,0.0,0,0.86,income_urge(0.86)
103,thief_shadow,35,35,54.09,0.0,0.0,ambush,0.509,тревога,35.35,5.38,0.0,0,0.95,hunger(0.66); income_urge(0.95)
103,tavern_keeper_tornin,40,40,0.21,0.0,0.989,talk,0.17,нейтрально,43.69,0.03,0.0,0,0.38,obligation(1.00)
103,player,100,100,0.0,0.0,1.0,survive,0.0,спокоен,47.45,0.0,0.0,0,0.95,hunger
104,guard_borko,30,30,9.03,0.0,0.432,ambush,0.33,нейтрально,18.46,0.0,0.0,0,0.57,
104,merchant_goran,20,20,13.09,0.0,0.0,request_service,0.28,нейтрально,103.65,0.0,0.0,0,0.38,
104,maid_lusya,15,15,16.81,0.0,0.0,seek_ally,0.249,тревога,7.04,0.01,0.0,0,0.37,
104,blacksmith_orm,45,45,12.98,0.0,0.0,request_service,0.954,нейтрально,59.75,0.16,0.0,0,0.87,income_urge(0.87)
104,thief_shadow,35,35,55.09,0.0,0.0,ambush,0.333,тревога,35.24,1.0,0.0,0,0.95,income_urge(0.95)
104,tavern_keeper_tornin,40,40,0.24,0.0,0.989,trade,0.204,нейтрально,43.91,0.03,0.0,0,0.39,obligation(1.00)
104,player,100,100,0.0,0.0,1.0,survive,0.0,спокоен,47.45,0.0,0.0,0,0.95,hunger
105,guard_borko,30,30,12.78,0.0,0.433,ambush,0.449,тревога,18.46,3.76,0.0,0,0.64,hunger(0.64)
105,merchant_goran,20,20,13.09,0.0,0.0,offer_job,0.565,нейтрально,103.65,0.0,0.0,0,0.43,
105,maid_lusya,15,15,16.82,0.0,0.0,seek_ally,0.237,нейтрально,7.04,0.01,0.0,0,0.38,
105,blacksmith_orm,45,45,13.24,0.0,0.0,request_service,0.838,нейтрально,59.75,0.26,0.0,0,0.88,income_urge(0.88)
105,thief_shadow,35,35,56.09,0.0,0.0,ambush,0.329,нейтрально,35.24,1.0,0.0,0,0.95,income_urge(0.95)
105,tavern_keeper_tornin,40,40,0.27,0.0,0.989,trade,0.378,нейтрально,43.91,0.03,0.0,0,0.4,obligation(1.00)
105,player,100,100,0.0,0.0,1.0,survive,0.0,спокоен,47.45,0.0,0.0,0,0.95,hunger
106,guard_borko,30,30,12.78,0.0,0.405,ambush,0.501,тревога,18.35,0.0,0.0,0,0.41,
106,merchant_goran,20,20,13.09,0.0,0.0,offer_job,0.727,нейтрально,107.65,0.0,0.0,0,0.4,
106,maid_lusya,15,15,16.83,0.0,0.0,seek_ally,0.401,нейтрально,7.04,0.01,0.0,0,0.39,
106,blacksmith_orm,45,45,13.6,0.0,0.0,request_service,0.943,нейтрально,64.25,0.36,0.0,0,0.89,income_urge(0.89)
106,thief_shadow,35,35,57.09,0.0,0.0,block_path,0.424,нейтрально,35.24,1.0,0.0,0,0.95,income_urge(0.95)
106,tavern_keeper_tornin,40,40,0.3,0.0,0.989,trade,0.284,нейтрально,44.02,0.03,0.0,0,0.41,obligation(1.00)
106,player,100,100,0.0,0.0,1.0,survive,0.0,спокоен,47.45,0.0,0.0,0,0.95,hunger
107,guard_borko,30,30,12.78,0.0,0.379,ambush,0.454,нейтрально,18.35,0.0,0.0,0,0.42,
107,merchant_goran,20,20,13.09,0.0,0.0,offer_job,0.583,нейтрально,109.15,0.0,0.0,0,0.41,
107,maid_lusya,15,15,16.84,0.0,0.0,seek_ally,0.284,нейтрально,7.04,0.01,0.0,0,0.4,
107,blacksmith_orm,45,45,14.06,0.0,0.0,request_service,0.742,нейтрально,64.25,0.46,0.0,0,0.9,income_urge(0.90)
107,thief_shadow,35,35,58.09,0.0,0.0,block_path,0.464,нейтрально,35.24,1.0,0.0,0,0.95,income_urge(0.95)
107,tavern_keeper_tornin,40,40,0.33,0.0,0.989,trade,0.48,нейтрально,44.02,0.03,0.0,0,0.42,obligation(1.00)
107,player,100,100,0.0,0.0,1.0,survive,0.0,спокоен,47.45,0.0,0.0,0,0.95,hunger
108,guard_borko,30,30,12.78,0.0,0.319,ambush,0.532,нейтрально,18.35,0.0,0.0,0,0.43,
108,merchant_goran,20,20,13.09,0.0,0.0,offer_job,0.794,нейтрально,109.15,0.0,0.0,0,0.42,
108,maid_lusya,15,15,16.85,0.0,0.0,seek_ally,0.341,нейтрально,7.04,0.01,0.0,0,0.41,
108,blacksmith_orm,45,45,14.62,0.0,0.0,request_service,0.658,нейтрально,64.25,0.56,0.0,0,0.91,income_urge(0.91)
108,thief_shadow,35,35,59.09,0.0,0.0,block_path,0.471,нейтрально,35.24,1.0,0.0,0,0.95,income_urge(0.95)
108,tavern_keeper_tornin,40,40,0.36,0.0,0.989,trade,0.41,нейтрально,44.02,0.03,0.0,0,0.43,obligation(1.00)
108,player,100,100,0.0,0.0,1.0,survive,0.0,спокоен,47.45,0.0,0.0,0,0.95,hunger
109,guard_borko,30,30,12.78,0.0,0.262,ambush,0.511,нейтрально,18.35,0.0,0.0,0,0.44,
109,merchant_goran,20,20,13.09,0.0,0.0,offer_job,0.805,нейтрально,109.15,0.0,0.0,0,0.43,
109,maid_lusya,15,15,16.86,0.0,0.0,seek_ally,0.462,нейтрально,7.04,0.01,0.0,0,0.42,
109,blacksmith_orm,45,45,15.28,0.0,0.0,request_service,0.667,нейтрально,64.25,0.66,0.0,0,0.92,income_urge(0.92)
109,thief_shadow,35,35,60.09,0.0,0.0,block_path,0.6,нейтрально,35.24,1.0,0.0,0,0.95,income_urge(0.95)
109,tavern_keeper_tornin,40,40,0.39,0.0,0.989,trade,0.442,нейтрально,44.02,0.03,0.0,0,0.44,obligation(1.00)
109,player,100,100,0.0,0.0,1.0,survive,0.0,спокоен,47.45,0.0,0.0,0,0.95,hunger
110,guard_borko,30,30,12.78,0.0,0.205,ambush,0.535,нейтрально,18.35,0.0,0.0,0,0.45,
110,merchant_goran,20,20,13.09,0.0,0.0,offer_job,0.758,нейтрально,109.15,0.0,0.0,0,0.44,
110,maid_lusya,15,15,16.87,0.0,0.0,seek_ally,0.386,нейтрально,7.04,0.01,0.0,0,0.43,
110,blacksmith_orm,45,45,16.04,0.0,0.0,request_service,0.559,нейтрально,64.25,0.76,0.0,0,0.93,income_urge(0.93)
110,thief_shadow,35,35,61.09,0.0,0.0,block_path,0.514,нейтрально,35.24,1.0,0.0,0,0.95,income_urge(0.95)
110,tavern_keeper_tornin,40,40,0.42,0.0,0.989,trade,0.409,нейтрально,44.02,0.03,0.0,0,0.45,obligation(1.00)
110,player,100,100,0.0,0.0,1.0,survive,0.0,спокоен,47.45,0.0,0.0,0,0.95,hunger
111,guard_borko,30,30,12.78,0.0,0.148,ambush,0.466,нейтрально,18.35,0.0,0.0,0,0.46,
111,merchant_goran,20,20,13.09,0.0,0.0,offer_job,0.854,нейтрально,109.15,0.0,0.0,0,0.51,
111,maid_lusya,15,15,16.88,0.0,0.0,seek_ally,0.358,нейтрально,7.04,0.01,0.0,0,0.44,
111,blacksmith_orm,45,45,16.9,0.0,0.0,request_service,0.394,нейтрально,64.25,0.86,0.0,0,0.94,income_urge(0.94)
111,thief_shadow,35,35,62.09,0.0,0.0,block_path,0.607,нейтрально,35.24,1.0,0.0,0,0.95,income_urge(0.95)
111,tavern_keeper_tornin,40,40,0.45,0.0,0.989,trade,0.526,нейтрально,44.02,0.03,0.0,0,0.46,obligation(1.00)
111,player,100,100,0.0,0.0,1.0,survive,0.0,спокоен,47.45,0.0,0.0,0,0.95,hunger
112,guard_borko,30,30,12.78,0.0,0.031,ambush,0.293,нейтрально,18.35,0.0,0.0,0,0.47,
112,merchant_goran,20,20,13.09,0.0,0.0,offer_job,0.903,нейтрально,109.15,0.0,0.0,0,0.6,
112,maid_lusya,15,15,16.89,0.0,0.0,seek_ally,0.176,нейтрально,7.04,0.01,0.0,0,0.45,
112,blacksmith_orm,45,45,17.87,0.0,0.0,request_service,0.43,нейтрально,64.25,0.96,0.0,0,0.95,income_urge(0.95)
112,thief_shadow,35,35,63.09,0.0,0.0,block_path,0.661,нейтрально,35.24,1.0,0.0,0,0.95,income_urge(0.95)
112,tavern_keeper_tornin,40,40,0.48,0.0,0.989,trade,0.468,нейтрально,44.29,0.03,0.0,0,0.47,obligation(1.00)
112,player,100,100,0.0,0.0,1.0,survive,0.0,спокоен,47.45,0.0,0.0,0,0.95,hunger
113,guard_borko,30,30,12.78,0.0,0.0,ambush,0.229,нейтрально,18.35,0.0,0.0,0,0.48,
113,merchant_goran,20,20,17.03,0.0,0.0,offer_job,0.757,тревога,109.15,3.95,0.0,0,0.68,hunger(0.68)
113,maid_lusya,15,15,16.9,0.0,0.0,idle,0.0,нейтрально,7.04,0.01,0.0,0,0.46,
113,blacksmith_orm,45,45,22.74,0.0,0.0,request_service,0.203,тревога,64.25,4.87,0.0,0,0.95,hunger(0.67); income_urge(0.95)
113,thief_shadow,35,35,64.09,0.0,0.0,block_path,0.737,нейтрально,35.24,1.0,0.0,0,0.95,income_urge(0.95)
113,tavern_keeper_tornin,40,40,0.51,0.0,0.989,trade,0.358,нейтрально,44.55,0.03,0.0,0,0.49,obligation(1.00)
113,player,100,100,0.0,0.0,1.0,survive,0.0,спокоен,47.45,0.0,0.0,0,0.95,hunger
114,guard_borko,30,30,12.78,0.0,0.0,ambush,0.202,нейтрально,18.35,0.0,0.0,0,0.49,
114,merchant_goran,20,20,17.03,0.0,0.0,offer_job,0.633,тревога,110.54,0.0,0.0,0,0.48,
114,maid_lusya,15,15,16.91,0.0,0.0,spread_rumor,0.205,нейтрально,7.04,0.01,0.0,0,0.47,
114,blacksmith_orm,45,45,23.74,0.0,0.0,request_service,0.191,тревога,64.14,1.0,0.0,0,0.95,income_urge(0.95)
114,thief_shadow,35,35,65.09,0.0,0.0,block_path,0.645,нейтрально,35.24,1.0,0.0,0,0.95,income_urge(0.95)
114,tavern_keeper_tornin,40,40,0.54,0.0,0.989,trade,0.336,нейтрально,44.88,0.03,0.0,0,0.5,obligation(1.00)
114,player,100,100,0.0,0.0,1.0,survive,0.0,спокоен,47.34,0.0,0.0,0,0.95,hunger
115,guard_borko,30,30,12.78,0.0,0.0,idle,0.0,нейтрально,18.35,0.0,0.0,0,0.5,
115,merchant_goran,20,20,17.03,0.0,0.0,offer_job,0.641,нейтрально,110.54,0.0,0.0,0,0.49,
115,maid_lusya,15,15,16.92,0.0,0.0,idle,0.0,нейтрально,7.04,0.01,0.0,0,0.48,
115,blacksmith_orm,45,45,24.74,0.0,0.0,change_role,0.314,нейтрально,64.14,1.0,0.0,0,0.95,income_urge(0.95)
115,thief_shadow,35,35,66.09,0.0,0.0,block_path,0.531,нейтрально,35.24,1.0,0.0,0,0.95,income_urge(0.95)
115,tavern_keeper_tornin,40,40,0.57,0.0,0.989,talk,0.294,нейтрально,44.88,0.03,0.0,0,0.51,obligation(1.00)
115,player,100,100,0.0,0.0,1.0,survive,0.0,спокоен,47.34,0.0,0.0,0,0.95,hunger
116,guard_borko,30,30,12.78,0.0,0.0,ambush,0.347,нейтрально,18.35,0.0,0.0,0,0.51,
116,merchant_goran,20,20,17.03,0.0,0.0,offer_job,0.399,нейтрально,110.54,0.0,0.0,0,0.5,
116,maid_lusya,15,15,16.93,0.0,0.0,call_for_help,0.229,нейтрально,7.04,0.01,0.0,0,0.49,
116,blacksmith_orm,45,45,25.74,0.0,0.0,request_service,0.73,нейтрально,64.14,1.0,0.0,0,0.95,income_urge(0.95)
116,thief_shadow,35,35,67.09,0.0,0.0,block_path,0.448,нейтрально,35.24,1.0,0.0,0,0.95,income_urge(0.95)
116,tavern_keeper_tornin,40,40,0.6,0.0,0.989,talk,0.421,нейтрально,44.88,0.03,0.0,0,0.52,obligation(1.00)
116,player,100,100,0.0,0.0,1.0,survive,0.0,спокоен,47.34,0.0,0.0,0,0.95,hunger
117,guard_borko,30,30,12.78,0.0,0.0,block_path,0.338,нейтрально,18.35,0.0,0.0,0,0.52,
117,merchant_goran,20,20,17.03,0.0,0.0,offer_job,0.283,нейтрально,110.54,0.0,0.0,0,0.51,
117,maid_lusya,15,15,16.94,0.0,0.0,call_for_help,0.173,нейтрально,7.04,0.01,0.0,0,0.5,
117,blacksmith_orm,45,45,26.74,0.0,0.0,request_service,0.681,нейтрально,64.14,1.0,0.0,0,0.95,income_urge(0.95)
117,thief_shadow,35,35,68.09,0.0,0.0,block_path,0.333,нейтрально,35.24,1.0,0.0,0,0.95,income_urge(0.95)
117,tavern_keeper_tornin,40,40,0.63,0.0,0.989,talk,0.581,нейтрально,44.88,0.03,0.0,0,0.53,obligation(1.00)
117,player,100,100,0.0,0.0,1.0,survive,0.0,спокоен,47.34,0.0,0.0,0,0.95,hunger
118,guard_borko,30,30,12.78,0.0,0.0,block_path,0.407,нейтрально,18.35,0.0,0.0,0,0.54,
118,merchant_goran,20,20,17.03,0.0,0.0,request_service,0.514,нейтрально,110.54,0.0,0.0,0,0.52,
118,maid_lusya,15,15,16.95,0.0,0.0,call_for_help,0.213,нейтрально,7.04,0.01,0.0,0,0.5,
118,blacksmith_orm,45,45,27.74,0.0,0.0,request_service,0.74,нейтрально,64.14,1.0,0.0,0,0.95,income_urge(0.95)
118,thief_shadow,35,35,69.09,0.0,0.0,block_path,0.179,нейтрально,35.24,1.0,0.0,0,0.95,income_urge(0.95)
118,tavern_keeper_tornin,40,40,0.66,0.0,0.989,talk,0.441,нейтрально,44.88,0.03,0.0,0,0.54,obligation(1.00)
118,player,100,100,0.0,0.0,1.0,survive,0.0,спокоен,47.34,0.0,0.0,0,0.95,hunger
119,guard_borko,30,30,12.78,0.0,0.0,block_path,0.378,нейтрально,18.35,0.0,0.0,0,0.55,
119,merchant_goran,20,20,17.03,0.0,0.0,request_service,0.672,нейтрально,110.54,0.0,0.0,0,0.53,
119,maid_lusya,15,15,16.96,0.0,0.0,call_for_help,0.413,нейтрально,7.04,0.01,0.0,0,0.51,
119,blacksmith_orm,45,45,28.74,0.0,0.0,request_service,0.834,нейтрально,64.14,1.0,0.0,0,0.95,income_urge(0.95)
119,thief_shadow,35,35,70.09,0.0,0.0,ambush,0.277,нейтрально,35.24,1.0,0.0,0,0.95,income_urge(0.95)
119,tavern_keeper_tornin,40,40,0.69,0.0,0.989,talk,0.613,нейтрально,44.88,0.03,0.0,0,0.55,obligation(1.00)
119,player,100,100,0.0,0.0,1.0,survive,0.0,спокоен,47.34,0.0,0.0,0,0.95,hunger
120,guard_borko,30,30,10.87,0.0,0.0,block_path,0.404,нейтрально,19.05,-1.92,0.0,0,0.56,
120,merchant_goran,20,20,14.48,0.0,0.0,request_service,0.623,нейтрально,109.84,-2.55,0.0,0,0.54,
120,maid_lusya,15,15,14.43,0.0,0.0,call_for_help,0.305,нейтрально,7.34,-2.54,0.0,0,0.58,
120,blacksmith_orm,45,45,25.28,0.0,0.0,request_service,0.735,нейтрально,64.14,-3.46,0.0,0,0.95,income_urge(0.95)
120,thief_shadow,35,35,60.43,0.0,0.0,ambush,0.429,нейтрально,35.24,-9.66,0.0,0,0.95,income_urge(0.95)
120,tavern_keeper_tornin,40,40,0.0,0.0,0.989,talk,0.536,нейтрально,44.58,-0.69,0.0,0,0.56,obligation(1.00)
120,player,100,100,0.0,0.0,1.0,survive,0.0,спокоен,47.34,0.0,0.0,0,0.95,hunger
121,guard_borko,30,30,10.87,0.0,0.001,block_path,0.519,нейтрально,18.9,0.0,0.0,0,0.31,
121,merchant_goran,20,20,14.48,0.0,0.0,request_service,0.731,нейтрально,109.44,0.0,0.0,0,0.31,
121,maid_lusya,15,15,18.25,0.0,0.0,call_for_help,0.431,тревога,7.24,3.82,0.0,0,0.66,hunger(0.66)
121,blacksmith_orm,45,45,25.28,0.0,0.0,request_service,0.935,нейтрально,63.84,0.0,0.0,0,0.31,
121,thief_shadow,35,35,65.97,0.0,0.0,ambush,0.46,тревога,35.14,5.54,0.0,0,0.95,hunger(0.66); income_urge(0.95)
121,tavern_keeper_tornin,40,40,0.03,0.0,0.989,talk,0.635,нейтрально,44.33,0.03,0.0,0,0.49,obligation(1.00)
121,player,100,100,0.0,0.0,1.0,survive,0.0,спокоен,47.34,0.0,0.0,0,0.95,hunger
122,guard_borko,30,30,10.87,0.0,0.002,block_path,0.577,нейтрально,18.9,0.0,0.0,0,0.36,
122,merchant_goran,20,20,14.48,0.0,0.0,request_service,0.738,нейтрально,109.44,0.0,0.0,0,0.34,
122,maid_lusya,15,15,18.26,0.0,0.0,call_for_help,0.318,тревога,7.24,0.01,0.0,0,0.74,hunger(0.74)
122,blacksmith_orm,45,45,25.28,0.0,0.0,request_service,0.923,нейтрально,63.84,0.0,0.0,0,0.33,
122,thief_shadow,35,35,66.97,0.0,0.0,ambush,0.635,тревога,35.14,1.0,0.0,0,0.95,hunger(0.75); income_urge(0.95)
122,tavern_keeper_tornin,40,40,0.06,0.0,0.989,talk,0.751,нейтрально,44.33,0.03,0.0,0,0.32,obligation(1.00)
122,player,100,100,0.0,0.0,1.0,survive,0.0,спокоен,47.34,0.0,0.0,0,0.95,hunger
123,guard_borko,30,30,10.87,0.0,0.003,block_path,0.567,нейтрально,18.9,0.0,0.0,0,0.43,
123,merchant_goran,20,20,14.48,0.0,0.0,request_service,0.816,нейтрально,109.44,0.0,0.0,0,0.43,
123,maid_lusya,15,15,18.27,0.0,0.0,call_for_help,0.383,тревога,7.13,0.01,0.0,0,0.33,
123,blacksmith_orm,45,45,25.28,0.0,0.0,request_service,0.994,нейтрально,63.84,0.0,0.0,0,0.42,
123,thief_shadow,35,35,67.97,0.0,0.0,ambush,0.553,тревога,35.03,1.0,0.0,0,0.95,income_urge(0.95)
123,tavern_keeper_tornin,40,40,0.09,0.0,0.989,talk,0.482,нейтрально,44.8,0.03,0.0,0,0.33,obligation(1.00)
123,player,100,100,0.0,0.0,1.0,survive,0.0,спокоен,47.34,0.0,0.0,0,0.95,hunger
124,guard_borko,30,30,10.87,0.0,0.004,block_path,0.443,нейтрально,18.9,0.0,0.0,0,0.5,
124,merchant_goran,20,20,14.48,0.0,0.0,request_service,0.778,нейтрально,109.44,0.0,0.0,0,0.34,
124,maid_lusya,15,15,18.28,0.0,0.0,call_for_help,0.368,нейтрально,7.13,0.01,0.0,0,0.34,
124,blacksmith_orm,45,45,25.28,0.0,0.0,request_service,0.806,нейтрально,63.84,0.0,0.0,0,0.34,
124,thief_shadow,35,35,68.97,0.0,0.0,ambush,0.521,нейтрально,35.03,1.0,0.0,0,0.95,income_urge(0.95)
124,tavern_keeper_tornin,40,40,0.12,0.0,0.989,talk,0.534,нейтрально,45.11,0.03,0.0,0,0.34,obligation(1.00)
124,player,100,100,0.0,0.0,1.0,survive,0.0,спокоен,47.34,0.0,0.0,0,0.95,hunger
125,guard_borko,30,30,10.87,0.0,0.005,block_path,0.497,нейтрально,18.9,0.0,0.0,0,0.57,
125,merchant_goran,20,20,14.48,0.0,0.0,request_service,0.768,нейтрально,109.44,0.0,0.0,0,0.35,
125,maid_lusya,15,15,18.29,0.0,0.0,call_for_help,0.346,нейтрально,7.13,0.01,0.0,0,0.35,
125,blacksmith_orm,45,45,25.28,0.0,0.0,request_service,0.782,нейтрально,63.84,0.0,0.0,0,0.35,
125,thief_shadow,35,35,69.97,0.0,0.0,ambush,0.574,нейтрально,35.03,1.0,0.0,0,0.95,income_urge(0.95)
125,tavern_keeper_tornin,40,40,0.15,0.0,0.989,talk,0.495,нейтрально,45.11,0.03,0.0,0,0.35,obligation(1.00)
125,player,100,100,0.0,0.0,1.0,survive,0.0,спокоен,47.34,0.0,0.0,0,0.95,hunger
126,guard_borko,30,30,14.62,0.0,0.006,block_path,0.405,тревога,18.9,3.76,0.0,0,0.64,hunger(0.64)
126,merchant_goran,20,20,14.48,0.0,0.0,request_service,0.71,нейтрально,109.44,0.0,0.0,0,0.36,
126,maid_lusya,15,15,18.3,0.0,0.0,call_for_help,0.27,нейтрально,7.13,0.01,0.0,0,0.36,
126,blacksmith_orm,45,45,25.28,0.0,0.0,request_service,0.721,нейтрально,63.84,0.0,0.0,0,0.36,
126,thief_shadow,35,35,70.97,0.0,0.0,ambush,0.714,нейтрально,35.03,1.0,0.0,0,0.95,income_urge(0.95)
126,tavern_keeper_tornin,40,40,0.18,0.0,0.989,talk,0.368,нейтрально,45.11,0.03,0.0,0,0.37,obligation(1.00)
126,player,100,100,0.0,0.0,1.0,survive,0.0,спокоен,47.34,0.0,0.0,0,0.95,hunger
127,guard_borko,30,30,14.62,0.0,0.0,block_path,0.259,тревога,18.79,0.0,0.0,0,0.37,
127,merchant_goran,20,20,14.48,0.0,0.0,request_service,0.717,нейтрально,109.44,0.0,0.0,0,0.37,
127,maid_lusya,15,15,18.31,0.0,0.0,call_for_help,0.181,нейтрально,7.13,0.01,0.0,0,0.41,
127,blacksmith_orm,45,45,25.28,0.0,0.0,request_service,0.501,нейтрально,63.84,0.0,0.0,0,0.37,
127,thief_shadow,35,35,71.97,0.0,0.0,ambush,0.665,нейтрально,35.03,1.0,0.0,0,0.95,income_urge(0.95)
127,tavern_keeper_tornin,40,40,0.21,0.0,0.989,talk,0.169,нейтрально,45.22,0.03,0.0,0,0.42,obligation(1.00)
127,player,100,100,0.0,0.0,1.0,survive,0.0,спокоен,47.34,0.0,0.0,0,0.95,hunger
128,guard_borko,30,30,14.62,0.0,0.0,block_path,0.245,нейтрально,18.79,0.0,0.0,0,0.39,
128,merchant_goran,20,20,14.48,0.0,0.0,request_service,0.647,нейтрально,109.44,0.0,0.0,0,0.43,
128,maid_lusya,15,15,18.32,0.0,0.0,idle,0.0,нейтрально,7.13,0.01,0.0,0,0.37,
128,blacksmith_orm,45,45,25.28,0.0,0.0,request_service,0.446,нейтрально,63.84,0.0,0.0,0,0.42,
128,thief_shadow,35,35,72.97,0.0,0.0,ambush,0.405,нейтрально,35.03,1.0,0.0,0,0.95,income_urge(0.95)
128,tavern_keeper_tornin,40,40,0.24,0.0,0.989,spread_rumor,0.236,нейтрально,45.22,0.03,0.0,0,0.39,obligation(1.00)
128,player,100,100,0.0,0.0,1.0,survive,0.0,спокоен,47.34,0.0,0.0,0,0.95,hunger
129,guard_borko,30,30,14.62,0.0,0.0,ambush,0.19,нейтрально,18.79,0.0,0.0,0,0.4,
129,merchant_goran,20,20,14.48,0.0,0.0,request_service,0.513,нейтрально,109.44,0.0,0.0,0,0.51,
129,maid_lusya,15,15,18.33,0.0,0.0,request_service,0.193,нейтрально,7.13,0.01,0.0,0,0.38,
129,blacksmith_orm,45,45,25.28,0.0,0.0,request_service,0.274,нейтрально,63.84,0.0,0.0,0,0.5,
129,thief_shadow,35,35,73.97,0.0,0.0,ambush,0.444,нейтрально,35.03,1.0,0.0,0,0.95,income_urge(0.95)
129,tavern_keeper_tornin,40,40,0.27,0.0,0.989,spread_rumor,0.336,нейтрально,45.22,0.03,0.0,0,0.4,obligation(1.00)
129,player,100,100,0.0,0.0,1.0,survive,0.0,спокоен,47.34,0.0,0.0,0,0.95,hunger
130,guard_borko,30,30,14.62,0.0,0.0,ambush,0.443,нейтрально,18.79,0.0,0.0,0,0.41,
130,merchant_goran,20,20,14.48,0.0,0.0,request_service,0.382,нейтрально,109.44,0.0,0.0,0,0.6,
130,maid_lusya,15,15,18.34,0.0,0.0,request_service,0.237,нейтрально,7.13,0.01,0.0,0,0.39,
130,blacksmith_orm,45,45,25.28,0.0,0.0,request_service,0.213,нейтрально,63.84,0.0,0.0,0,0.59,
130,thief_shadow,35,35,74.97,0.0,0.0,ambush,0.308,нейтрально,35.03,1.0,0.0,0,0.95,income_urge(0.95)
130,tavern_keeper_tornin,40,40,0.3,0.0,0.989,spread_rumor,0.391,нейтрально,45.32,0.03,0.0,0,0.41,obligation(1.00)
130,player,100,100,0.0,0.0,1.0,survive,0.0,спокоен,47.34,0.0,0.0,0,0.95,hunger
131,guard_borko,30,30,14.62,0.0,0.0,ambush,0.439,нейтрально,18.79,0.0,0.0,0,0.42,
131,merchant_goran,20,20,18.42,0.0,0.0,offer_job,0.491,тревога,109.44,3.95,0.0,0,0.68,hunger(0.68)
131,maid_lusya,15,15,18.35,0.0,0.0,idle,0.0,нейтрально,7.13,0.01,0.0,0,0.4,
131,blacksmith_orm,45,45,29.15,0.0,0.0,idle,0.0,тревога,63.84,3.87,0.0,0,0.67,hunger(0.67)
131,thief_shadow,35,35,75.97,0.0,0.0,ambush,0.29,нейтрально,35.03,1.0,0.0,0,0.95,income_urge(0.95)
131,tavern_keeper_tornin,40,40,0.33,0.0,0.989,talk,0.489,нейтрально,45.32,0.03,0.0,0,0.42,obligation(1.00)
131,player,100,100,0.0,0.0,1.0,survive,0.0,спокоен,47.34,0.0,0.0,0,0.95,hunger
132,guard_borko,30,30,14.62,0.0,0.0,ambush,0.41,нейтрально,18.79,0.0,0.0,0,0.43,
132,merchant_goran,20,20,18.42,0.0,0.0,offer_job,0.647,тревога,109.33,0.0,0.0,0,0.42,
132,maid_lusya,15,15,18.36,0.0,0.0,seek_ally,0.221,нейтрально,7.13,0.01,0.0,0,0.41,
132,blacksmith_orm,45,45,29.15,0.0,0.0,request_service,0.692,тревога,63.73,0.0,0.0,0,0.42,
132,thief_shadow,35,35,76.97,0.0,0.0,ambush,0.177,нейтрально,35.03,1.0,0.0,0,0.95,income_urge(0.95)
132,tavern_keeper_tornin,40,40,0.36,0.0,0.989,talk,0.525,нейтрально,45.59,0.03,0.0,0,0.43,obligation(1.00)
132,player,100,100,0.0,0.0,1.0,survive,0.0,спокоен,47.34,0.0,0.0,0,0.95,hunger
133,guard_borko,30,30,14.62,0.0,0.0,ambush,0.516,нейтрально,18.79,0.0,0.0,0,0.44,
133,merchant_goran,20,20,18.42,0.0,0.0,offer_job,0.697,нейтрально,109.33,0.0,0.0,0,0.43,
133,maid_lusya,15,15,18.37,0.0,0.0,call_for_help,0.251,нейтрально,7.13,0.01,0.0,0,0.42,
133,blacksmith_orm,45,45,29.15,0.0,0.0,request_service,0.831,нейтрально,63.73,0.0,0.0,0,0.43,
133,thief_shadow,35,35,77.97,0.0,0.0,change_role,0.291,нейтрально,35.03,1.0,0.0,0,0.95,income_urge(0.95)
133,tavern_keeper_tornin,40,40,0.39,0.0,0.989,talk,0.539,нейтрально,45.64,0.03,0.0,0,0.44,obligation(1.00)
133,player,100,100,0.0,0.0,1.0,survive,0.0,спокоен,47.34,0.0,0.0,0,0.95,hunger
134,guard_borko,30,30,14.62,0.0,0.0,ambush,0.445,нейтрально,18.79,0.0,0.0,0,0.45,
134,merchant_goran,20,20,18.42,0.0,0.0,offer_job,0.764,нейтрально,109.33,0.0,0.0,0,0.44,
134,maid_lusya,15,15,18.38,0.0,0.0,seek_ally,0.222,нейтрально,7.13,0.01,0.0,0,0.43,
134,blacksmith_orm,45,45,29.15,0.0,0.0,request_service,0.792,нейтрально,63.73,0.0,0.0,0,0.44,
134,thief_shadow,35,35,78.97,0.0,0.0,change_role,0.445,нейтрально,35.03,1.0,0.0,0,0.95,income_urge(0.95)
134,tavern_keeper_tornin,40,40,0.42,0.0,0.989,talk,0.476,нейтрально,45.64,0.03,0.0,0,0.49,obligation(1.00)
134,player,100,100,0.0,0.0,1.0,survive,0.0,спокоен,47.34,0.0,0.0,0,0.95,hunger
135,guard_borko,30,30,14.62,0.0,0.0,ambush,0.58,нейтрально,18.79,0.0,0.0,0,0.46,
135,merchant_goran,20,20,18.42,0.0,0.0,offer_job,0.68,нейтрально,109.33,0.0,0.0,0,0.45,
135,maid_lusya,15,15,18.39,0.0,0.0,seek_ally,0.306,нейтрально,7.13,0.01,0.0,0,0.44,
135,blacksmith_orm,45,45,29.15,0.0,0.0,request_service,0.807,нейтрально,63.73,0.0,0.0,0,0.45,
135,thief_shadow,35,35,79.97,0.0,0.0,change_role,0.358,нейтрально,35.03,1.0,0.0,0,0.95,income_urge(0.95)
135,tavern_keeper_tornin,40,40,0.45,0.0,0.989,talk,0.636,нейтрально,45.64,0.03,0.0,0,0.56,obligation(1.00)
135,player,100,100,0.0,0.0,1.0,survive,0.0,спокоен,47.34,0.0,0.0,0,0.95,hunger
136,guard_borko,30,30,14.62,0.0,0.0,ambush,0.484,нейтрально,18.79,0.0,0.0,0,0.47,
136,merchant_goran,20,20,18.42,0.0,0.0,offer_job,0.838,нейтрально,109.33,0.0,0.0,0,0.46,
136,maid_lusya,15,15,18.4,0.0,0.0,seek_ally,0.272,нейтрально,7.13,0.01,0.0,0,0.45,
136,blacksmith_orm,45,45,29.15,0.0,0.0,request_service,0.753,нейтрально,63.73,0.0,0.0,0,0.46,
136,thief_shadow,35,35,80.97,0.0,0.0,change_role,0.517,нейтрально,35.03,1.0,0.0,0,0.95,income_urge(0.95)
136,tavern_keeper_tornin,40,40,4.19,0.0,0.989,talk,0.686,тревога,45.64,3.74,0.0,0,0.62,hunger(0.62); obligation(1.00)
136,player,100,100,0.0,0.0,1.0,survive,0.0,спокоен,47.34,0.0,0.0,0,0.95,hunger
137,guard_borko,30,30,14.62,0.0,0.0,ambush,0.452,нейтрально,18.79,0.0,0.0,0,0.48,
137,merchant_goran,20,20,18.42,0.0,0.0,offer_job,0.828,нейтрально,109.33,0.0,0.0,0,0.47,
137,maid_lusya,15,15,18.41,0.0,0.0,seek_ally,0.319,нейтрально,7.13,0.01,0.0,0,0.46,
137,blacksmith_orm,45,45,29.15,0.0,0.0,request_service,0.899,нейтрально,63.73,0.0,0.0,0,0.47,
137,thief_shadow,35,35,81.97,0.0,0.0,ambush,0.36,нейтрально,35.03,1.0,0.0,0,0.95,income_urge(0.95)
137,tavern_keeper_tornin,40,40,4.22,0.0,0.976,talk,0.73,тревога,45.64,0.03,0.0,0,0.69,hunger(0.69); obligation(1.00)
137,player,100,100,0.0,0.0,1.0,survive,0.0,спокоен,47.34,0.0,0.0,0,0.95,hunger
138,guard_borko,30,30,14.62,0.0,0.0,ambush,0.28,нейтрально,18.79,0.0,0.0,0,0.49,
138,merchant_goran,20,20,18.42,0.0,0.0,offer_job,0.827,нейтрально,109.33,0.0,0.0,0,0.48,
138,maid_lusya,15,15,18.42,0.0,0.0,seek_ally,0.252,нейтрально,7.13,0.01,0.0,0,0.49,
138,blacksmith_orm,45,45,29.15,0.0,0.0,request_service,0.95,нейтрально,63.73,0.0,0.0,0,0.48,
138,thief_shadow,35,35,82.97,0.0,0.0,ambush,0.527,нейтрально,35.03,1.0,0.0,0,0.95,income_urge(0.95)
138,tavern_keeper_tornin,40,40,4.25,0.0,0.962,talk,0.794,тревога,45.64,0.03,0.0,0,0.76,hunger(0.76); obligation(1.00)
138,player,100,100,0.0,0.0,1.0,survive,0.0,спокоен,47.34,0.0,0.0,0,0.95,hunger
139,guard_borko,30,30,14.62,0.0,0.0,ambush,0.31,нейтрально,18.79,0.0,0.0,0,0.5,
139,merchant_goran,20,20,18.42,0.0,0.0,offer_job,0.748,нейтрально,109.33,0.0,0.0,0,0.49,
139,maid_lusya,15,15,18.43,0.0,0.0,seek_ally,0.449,нейтрально,7.13,0.01,0.0,0,0.58,
139,blacksmith_orm,45,45,29.15,0.0,0.0,request_service,0.831,нейтрально,63.73,0.0,0.0,0,0.49,
139,thief_shadow,35,35,83.97,0.0,0.0,ambush,0.517,нейтрально,35.03,1.0,0.0,0,0.95,income_urge(0.95)
139,tavern_keeper_tornin,40,40,4.28,0.0,0.949,talk,0.69,тревога,45.64,0.03,0.0,0,0.83,hunger(0.83); obligation(1.00)
139,player,100,100,0.0,0.0,1.0,survive,0.0,спокоен,47.34,0.0,0.0,0,0.95,hunger
140,guard_borko,30,30,14.62,0.0,0.0,idle,0.0,нейтрально,18.79,0.0,0.0,0,0.51,
140,merchant_goran,20,20,18.42,0.0,0.0,offer_job,0.686,нейтрально,109.33,0.0,0.0,0,0.5,
140,maid_lusya,15,15,22.17,0.0,0.0,seek_ally,0.433,тревога,7.13,3.74,0.0,0,0.66,hunger(0.66)
140,blacksmith_orm,45,45,29.15,0.0,0.0,request_service,0.908,нейтрально,63.73,0.0,0.0,0,0.5,
140,thief_shadow,35,35,89.77,0.0,0.0,ambush,0.501,страх,35.03,5.8,0.0,0,0.95,hunger(0.66); income_urge(0.95)
140,tavern_keeper_tornin,40,40,4.84,0.0,0.936,talk,0.519,тревога,45.64,0.55,0.0,0,0.9,hunger(0.90); obligation(1.00)
140,player,100,100,0.0,0.0,1.0,survive,0.0,спокоен,47.34,0.0,0.0,0,0.95,hunger
141,guard_borko,30,30,14.62,0.0,0.0,block_path,0.391,нейтрально,18.79,0.0,0.0,0,0.52,
141,merchant_goran,20,20,18.42,0.0,0.0,offer_job,0.572,нейтрально,109.33,0.0,0.0,0,0.51,
141,maid_lusya,15,15,22.18,0.0,0.0,seek_ally,0.471,тревога,7.13,0.01,0.0,0,0.74,hunger(0.74)
141,blacksmith_orm,45,45,29.15,0.0,0.0,request_service,0.776,нейтрально,63.73,0.0,0.0,0,0.51,
141,thief_shadow,35,35,90.77,0.0,0.0,ambush,0.486,тревога,35.03,1.0,0.0,0,0.95,hunger(0.75); income_urge(0.95)
141,tavern_keeper_tornin,38,40,5.87,0.0,0.923,talk,0.544,тревога,45.64,1.03,0.0,-2,0.95,hunger(0.95); obligation(1.00)
141,player,100,100,0.0,0.0,1.0,survive,0.0,спокоен,47.34,0.0,0.0,0,0.95,hunger
142,guard_borko,30,30,14.62,0.0,0.0,block_path,0.373,нейтрально,18.79,0.0,0.0,0,0.54,
142,merchant_goran,20,20,18.42,0.0,0.0,offer_job,0.459,нейтрально,109.33,0.0,0.0,0,0.52,
142,maid_lusya,15,15,22.19,0.0,0.0,seek_ally,0.27,тревога,7.13,0.01,0.0,0,0.82,hunger(0.82)
142,blacksmith_orm,45,45,29.15,0.0,0.0,request_service,0.656,нейтрально,63.73,0.0,0.0,0,0.52,
142,thief_shadow,35,35,91.77,0.0,0.0,ambush,0.559,тревога,35.03,1.0,0.0,0,0.95,hunger(0.83); income_urge(0.95)
142,tavern_keeper_tornin,36,40,6.9,0.0,0.909,talk,0.384,тревога,45.64,1.03,0.0,-2,0.95,hunger(0.95); obligation(1.00)
142,player,100,100,0.0,0.0,1.0,survive,0.0,спокоен,47.34,0.0,0.0,0,0.95,hunger
143,guard_borko,30,30,14.62,0.0,0.0,block_path,0.372,нейтрально,18.79,0.0,0.0,0,0.55,
143,merchant_goran,20,20,18.42,0.0,0.0,offer_job,0.329,нейтрально,109.33,0.0,0.0,0,0.53,
143,maid_lusya,15,15,22.76,0.0,0.0,seek_ally,0.344,тревога,7.13,0.57,0.0,0,0.91,hunger(0.91)
143,blacksmith_orm,45,45,29.15,0.0,0.0,request_service,0.643,нейтрально,63.73,0.0,0.0,0,0.53,
143,thief_shadow,35,35,93.4,0.0,0.0,ambush,0.636,тревога,35.03,1.63,0.0,0,0.95,hunger(0.91); income_urge(0.95)
143,tavern_keeper_tornin,34,40,7.93,0.0,0.896,talk,0.338,тревога,45.64,1.03,0.0,-2,0.95,hunger(0.95); obligation(1.00)
143,player,100,100,0.0,0.0,1.0,survive,0.0,спокоен,47.34,0.0,0.0,0,0.95,hunger
144,guard_borko,30,30,12.43,0.0,0.0,block_path,0.392,нейтрально,19.49,-2.19,0.0,0,0.56,
144,merchant_goran,20,20,15.66,0.0,0.0,request_service,0.502,нейтрально,108.63,-2.76,0.0,0,0.54,
144,maid_lusya,13,15,20.21,0.0,0.0,idle,0.0,тревога,7.43,-2.56,0.0,-2,0.95,hunger(0.95)
144,blacksmith_orm,45,45,24.78,0.0,0.0,request_service,0.399,нейтрально,63.73,-4.37,0.0,0,0.54,
144,thief_shadow,33,35,81.09,0.0,0.0,ambush,0.746,тревога,35.03,-12.31,0.0,-2,0.95,hunger(0.95); income_urge(0.95)
144,tavern_keeper_tornin,32,40,7.46,0.0,0.883,trade,0.609,тревога,45.34,-0.47,0.0,-2,0.95,hunger(0.95); obligation(1.00)
144,player,100,100,0.0,0.0,1.0,survive,0.0,спокоен,47.34,0.0,0.0,0,0.95,hunger
145,guard_borko,30,30,12.43,0.0,0.001,block_path,0.465,нейтрально,19.34,0.0,0.0,0,0.5,
145,merchant_goran,20,20,15.66,0.0,0.0,request_service,0.702,нейтрально,108.23,0.0,0.0,0,0.55,
145,maid_lusya,11,15,21.22,0.0,0.0,talk,0.302,тревога,7.33,1.01,0.0,-2,0.95,hunger(0.95)
145,blacksmith_orm,45,45,24.78,0.0,0.0,request_service,0.415,нейтрально,63.43,0.0,0.0,0,0.55,
145,thief_shadow,31,35,83.09,0.0,0.0,ambush,0.607,тревога,34.93,2.0,0.0,-2,0.95,hunger(0.95); income_urge(0.95)
145,tavern_keeper_tornin,30,40,11.14,0.0,0.871,trade,0.529,тревога,45.09,3.69,0.0,-2,0.95,hunger(0.95); obligation(1.00)
145,player,100,100,0.0,0.0,1.0,survive,0.0,спокоен,47.34,0.0,0.0,0,0.95,hunger
146,guard_borko,30,30,12.43,0.0,0.002,block_path,0.394,нейтрально,19.34,0.0,0.0,0,0.57,
146,merchant_goran,20,20,15.66,0.0,0.0,request_service,0.667,нейтрально,108.23,0.0,0.0,0,0.56,
146,maid_lusya,9,15,22.23,0.0,0.0,talk,0.388,тревога,7.33,1.01,0.0,-2,0.95,hunger(0.95)
146,blacksmith_orm,45,45,24.78,0.0,0.0,request_service,0.29,нейтрально,63.43,0.0,0.0,0,0.56,
146,thief_shadow,29,35,85.09,0.0,0.0,ambush,0.534,тревога,34.93,2.0,0.0,-2,0.95,hunger(0.95); income_urge(0.95)
146,tavern_keeper_tornin,30,40,11.17,0.0,0.858,trade,0.456,нейтрально,45.09,0.03,0.0,0,0.32,obligation(1.00)
146,player,100,100,0.0,0.0,1.0,survive,0.0,спокоен,47.34,0.0,0.0,0,0.95,hunger
147,guard_borko,30,30,16.19,0.0,0.003,block_path,0.528,тревога,19.34,3.76,0.0,0,0.64,hunger(0.64)
147,merchant_goran,20,20,15.66,0.0,0.0,request_service,0.69,нейтрально,108.23,0.0,0.0,0,0.57,
147,maid_lusya,9,15,22.24,0.0,0.0,talk,0.161,нейтрально,7.22,0.01,0.0,0,0.33,
147,blacksmith_orm,45,45,24.78,0.0,0.0,change_role,0.306,нейтрально,63.43,0.0,0.0,0,0.57,
147,thief_shadow,29,35,86.09,0.0,0.0,ambush,0.32,тревога,34.82,1.0,0.0,0,0.95,income_urge(0.95)
147,tavern_keeper_tornin,30,40,11.2,0.0,0.845,trade,0.423,нейтрально,45.42,0.03,0.0,0,0.33,obligation(1.00)
147,player,100,100,0.0,0.0,1.0,survive,0.0,спокоен,47.23,0.0,0.0,0,0.95,hunger
148,guard_borko,30,30,16.19,0.0,0.0,block_path,0.503,тревога,19.23,0.0,0.0,0,0.34,
148,merchant_goran,20,20,15.66,0.0,0.0,request_service,0.73,нейтрально,108.23,0.0,0.0,0,0.6,
148,maid_lusya,9,15,22.25,0.0,0.0,talk,0.225,нейтрально,7.22,0.01,0.0,0,0.34,
148,blacksmith_orm,45,45,24.78,0.0,0.0,request_service,0.627,нейтрально,63.43,0.0,0.0,0,0.59,
148,thief_shadow,29,35,87.09,0.0,0.0,ambush,0.266,нейтрально,34.82,1.0,0.0,0,0.95,income_urge(0.95)
148,tavern_keeper_tornin,30,40,11.23,0.0,0.833,trade,0.363,нейтрально,45.53,0.03,0.0,0,0.34,obligation(1.00)
148,player,100,100,0.0,0.0,1.0,survive,0.0,спокоен,47.23,0.0,0.0,0,0.95,hunger
149,guard_borko,30,30,16.19,0.0,0.0,block_path,0.414,нейтрально,19.23,0.0,0.0,0,0.35,
149,merchant_goran,20,20,19.6,0.0,0.0,request_service,0.792,тревога,108.23,3.95,0.0,0,0.68,hunger(0.68)
149,maid_lusya,9,15,22.26,0.0,0.0,talk,0.236,нейтрально,7.22,0.01,0.0,0,0.35,
149,blacksmith_orm,45,45,28.65,0.0,0.0,request_service,0.804,тревога,63.43,3.87,0.0,0,0.67,hunger(0.67)
149,thief_shadow,29,35,88.09,0.0,0.0,change_role,0.288,нейтрально,34.82,1.0,0.0,0,0.95,income_urge(0.95)
149,tavern_keeper_tornin,30,40,11.26,0.0,0.822,trade,0.385,нейтрально,45.53,0.03,0.0,0,0.35,obligation(1.00)
149,player,100,100,0.0,0.0,1.0,survive,0.0,спокоен,47.23,0.0,0.0,0,0.95,hunger
150,guard_borko,30,30,16.19,0.0,0.0,block_path,0.378,нейтрально,19.23,0.0,0.0,0,0.36,
150,merchant_goran,20,20,19.6,0.0,0.0,request_service,0.839,тревога,108.12,0.0,0.0,0,0.6,income_urge(0.60)
150,maid_lusya,9,15,22.27,0.0,0.0,talk,0.39,нейтрально,7.22,0.01,0.0,0,0.36,
150,blacksmith_orm,45,45,28.65,0.0,0.0,request_service,0.853,тревога,63.32,0.0,0.0,0,0.6,income_urge(0.60)
150,thief_shadow,29,35,89.09,0.0,0.0,ambush,0.42,нейтрально,34.82,1.0,0.0,0,0.95,income_urge(0.95)
150,tavern_keeper_tornin,30,40,11.29,0.0,0.81,trade,0.409,нейтрально,45.75,0.03,0.0,0,0.37,obligation(1.00)
150,player,100,100,0.0,0.0,1.0,survive,0.0,спокоен,47.23,0.0,0.0,0,0.95,hunger
151,guard_borko,30,30,16.19,0.0,0.0,block_path,0.19,нейтрально,19.23,0.0,0.0,0,0.37,
151,merchant_goran,20,20,19.6,0.0,0.0,request_service,0.803,нейтрально,108.12,0.0,0.0,0,0.61,income_urge(0.61)
151,maid_lusya,9,15,22.28,0.0,0.0,talk,0.248,нейтрально,7.22,0.01,0.0,0,0.41,
151,blacksmith_orm,45,45,28.65,0.0,0.0,request_service,0.799,нейтрально,63.32,0.0,0.0,0,0.61,income_urge(0.61)
151,thief_shadow,29,35,90.09,0.0,0.0,ambush,0.57,нейтрально,34.82,1.0,0.0,0,0.95,income_urge(0.95)
151,tavern_keeper_tornin,30,40,11.32,0.0,0.798,trade,0.558,нейтрально,45.75,0.03,0.0,0,0.42,obligation(1.00)
151,player,100,100,0.0,0.0,1.0,survive,0.0,спокоен,47.23,0.0,0.0,0,0.95,hunger
152,guard_borko,30,30,16.19,0.0,0.0,idle,0.0,нейтрально,19.23,0.0,0.0,0,0.39,
152,merchant_goran,20,20,19.6,0.0,0.0,request_service,0.659,нейтрально,108.12,0.0,0.0,0,0.62,income_urge(0.62)
152,maid_lusya,9,15,22.29,0.0,0.0,talk,0.417,нейтрально,7.22,0.01,0.0,0,0.37,
152,blacksmith_orm,45,45,28.65,0.0,0.0,request_service,0.801,нейтрально,63.32,0.0,0.0,0,0.62,income_urge(0.62)
152,thief_shadow,29,35,91.09,0.0,0.0,ambush,0.52,нейтрально,34.82,1.0,0.0,0,0.95,income_urge(0.95)
152,tavern_keeper_tornin,30,40,11.35,0.0,0.761,trade,0.485,нейтрально,45.75,0.03,0.0,0,0.39,obligation(1.00)
152,player,100,100,0.0,0.0,1.0,survive,0.0,спокоен,47.23,0.0,0.0,0,0.95,hunger
153,guard_borko,30,30,16.19,0.0,0.0,block_path,0.364,нейтрально,19.23,0.0,0.0,0,0.43,
153,merchant_goran,20,20,19.6,0.0,0.0,request_service,0.575,нейтрально,108.12,0.0,0.0,0,0.63,income_urge(0.63)
153,maid_lusya,9,15,22.3,0.0,0.0,talk,0.372,нейтрально,7.22,0.01,0.0,0,0.38,
153,blacksmith_orm,45,45,28.65,0.0,0.0,request_service,0.834,нейтрально,63.32,0.0,0.0,0,0.63,income_urge(0.63)
153,thief_shadow,29,35,92.09,0.0,0.0,ambush,0.492,нейтрально,34.82,1.0,0.0,0,0.95,income_urge(0.95)
153,tavern_keeper_tornin,30,40,11.38,0.0,0.724,trade,0.371,нейтрально,45.75,0.03,0.0,0,0.4,obligation(1.00)
153,player,100,100,0.0,0.0,1.0,survive,0.0,спокоен,47.23,0.0,0.0,0,0.95,hunger
154,guard_borko,30,30,16.19,0.0,0.0,ambush,0.318,нейтрально,19.23,0.0,0.0,0,0.41,
154,merchant_goran,20,20,19.6,0.0,0.0,request_service,0.634,нейтрально,108.12,0.0,0.0,0,0.64,income_urge(0.64)
154,maid_lusya,9,15,22.31,0.0,0.0,talk,0.184,нейтрально,7.22,0.01,0.0,0,0.39,
154,blacksmith_orm,45,45,28.65,0.0,0.0,request_service,0.852,нейтрально,64.82,0.0,0.0,0,0.64,income_urge(0.64)
154,thief_shadow,29,35,93.09,0.0,0.0,ambush,0.567,нейтрально,34.82,1.0,0.0,0,0.95,income_urge(0.95)
154,tavern_keeper_tornin,30,40,11.41,0.0,0.686,trade,0.214,нейтрально,45.75,0.03,0.0,0,0.41,obligation(1.00)
154,player,100,100,0.0,0.0,1.0,survive,0.0,спокоен,47.23,0.0,0.0,0,0.95,hunger
155,guard_borko,30,30,16.19,0.0,0.0,ambush,0.342,нейтрально,19.23,0.0,0.0,0,0.42,
155,merchant_goran,20,20,19.6,0.0,0.0,request_service,0.578,нейтрально,108.12,0.0,0.0,0,0.65,income_urge(0.65)
155,maid_lusya,9,15,22.32,0.0,0.0,talk,0.184,нейтрально,7.22,0.01,0.0,0,0.4,
155,blacksmith_orm,45,45,28.65,0.0,0.0,request_service,0.89,нейтрально,64.82,0.0,0.0,0,0.65,income_urge(0.65)
155,thief_shadow,29,35,94.09,0.0,0.0,ambush,0.664,нейтрально,34.82,1.0,0.0,0,0.95,income_urge(0.95)
155,tavern_keeper_tornin,30,40,11.44,0.0,0.648,trade,0.195,нейтрально,45.75,0.03,0.0,0,0.42,obligation(1.00)
155,player,100,100,0.0,0.0,1.0,survive,0.0,спокоен,47.23,0.0,0.0,0,0.95,hunger
156,guard_borko,30,30,16.19,0.0,0.0,ambush,0.313,нейтрально,19.23,0.0,0.0,0,0.43,
156,merchant_goran,20,20,19.6,0.0,0.0,request_service,0.348,нейтрально,108.12,0.0,0.0,0,0.66,income_urge(0.66)
156,maid_lusya,9,15,22.33,0.0,0.0,idle,0.0,нейтрально,7.22,0.01,0.0,0,0.41,
156,blacksmith_orm,45,45,28.65,0.0,0.0,request_service,0.857,нейтрально,64.82,0.0,0.0,0,0.66,income_urge(0.66)
156,thief_shadow,29,35,95.09,0.0,0.0,ambush,0.728,нейтрально,34.82,1.0,0.0,0,0.95,income_urge(0.95)
156,tavern_keeper_tornin,30,40,11.47,0.0,0.61,talk,0.423,нейтрально,45.75,0.03,0.0,0,0.43,obligation(1.00)
156,player,100,100,0.0,0.0,1.0,survive,0.0,спокоен,47.23,0.0,0.0,0,0.95,hunger
157,guard_borko,30,30,16.19,0.0,0.0,ambush,0.511,нейтрально,19.23,0.0,0.0,0,0.44,
157,merchant_goran,20,20,19.6,0.0,0.0,request_service,0.288,нейтрально,108.12,0.0,0.0,0,0.67,income_urge(0.67)
157,maid_lusya,9,15,22.34,0.0,0.0,call_for_help,0.237,нейтрально,7.22,0.01,0.0,0,0.42,
157,blacksmith_orm,45,45,28.65,0.0,0.0,request_service,0.69,нейтрально,64.82,0.0,0.0,0,0.67,income_urge(0.67)
157,thief_shadow,29,35,96.09,0.0,0.0,ambush,0.687,нейтрально,34.82,1.0,0.0,0,0.95,income_urge(0.95)
157,tavern_keeper_tornin,30,40,11.5,0.0,0.574,talk,0.482,нейтрально,45.75,0.03,0.0,0,0.44,obligation(1.00)
157,player,100,100,0.0,0.0,1.0,survive,0.0,спокоен,47.23,0.0,0.0,0,0.95,hunger
158,guard_borko,30,30,16.19,0.0,0.0,ambush,0.426,нейтрально,19.23,0.0,0.0,0,0.45,
158,merchant_goran,20,20,19.6,0.0,0.0,offer_job,0.534,нейтрально,108.12,0.0,0.0,0,0.68,income_urge(0.68)
158,maid_lusya,9,15,22.35,0.0,0.0,call_for_help,0.332,нейтрально,7.22,0.01,0.0,0,0.43,
158,blacksmith_orm,45,45,28.65,0.0,0.0,request_service,0.577,нейтрально,64.82,0.0,0.0,0,0.68,income_urge(0.68)
158,thief_shadow,29,35,97.09,0.0,0.0,ambush,0.566,нейтрально,34.82,1.0,0.0,0,0.95,income_urge(0.95)
158,tavern_keeper_tornin,30,40,11.53,0.0,0.55,talk,0.522,нейтрально,45.75,0.03,0.0,0,0.45,obligation(1.00)
158,player,100,100,0.0,0.0,1.0,survive,0.0,спокоен,47.23,0.0,0.0,0,0.95,hunger
159,guard_borko,30,30,16.19,0.0,0.0,ambush,0.417,нейтрально,19.23,0.0,0.0,0,0.46,
159,merchant_goran,20,20,19.6,0.0,0.0,offer_job,0.567,нейтрально,108.12,0.0,0.0,0,0.69,income_urge(0.69)
159,maid_lusya,9,15,22.36,0.0,0.0,call_for_help,0.266,нейтрально,7.22,0.01,0.0,0,0.44,
159,blacksmith_orm,45,45,28.65,0.0,0.0,request_service,0.626,нейтрально,64.82,0.0,0.0,0,0.69,income_urge(0.69)
159,thief_shadow,29,35,98.09,0.0,0.0,ambush,0.533,нейтрально,34.82,1.0,0.0,0,0.95,income_urge(0.95)
159,tavern_keeper_tornin,30,40,11.56,0.0,0.527,talk,0.468,нейтрально,45.75,0.03,0.0,0,0.46,obligation(1.00)
159,player,100,100,0.0,0.0,1.0,survive,0.0,спокоен,47.23,0.0,0.0,0,0.95,hunger
160,guard_borko,30,30,16.19,0.0,0.0,ambush,0.414,нейтрально,19.23,0.0,0.0,0,0.47,
160,merchant_goran,20,20,19.6,0.0,0.0,offer_job,0.702,нейтрально,108.12,0.0,0.0,0,0.7,income_urge(0.70)
160,maid_lusya,9,15,22.37,0.0,0.0,call_for_help,0.358,нейтрально,7.22,0.01,0.0,0,0.45,
160,blacksmith_orm,45,45,28.65,0.0,0.0,request_service,0.483,нейтрально,66.32,0.0,0.0,0,0.7,income_urge(0.70)
160,thief_shadow,29,35,99.09,0.0,0.0,ambush,0.481,нейтрально,34.82,1.0,0.0,0,0.95,income_urge(0.95)
160,tavern_keeper_tornin,30,40,11.59,0.0,0.503,talk,0.627,нейтрально,45.75,0.03,0.0,0,0.47,obligation(1.00)
160,player,100,100,0.0,0.0,1.0,survive,0.0,спокоен,47.23,0.0,0.0,0,0.95,hunger
161,guard_borko,30,30,16.19,0.0,0.0,ambush,0.503,нейтрально,19.23,0.0,0.0,0,0.48,
161,merchant_goran,20,20,19.6,0.0,0.0,offer_job,0.794,нейтрально,108.12,0.0,0.0,0,0.71,income_urge(0.71)
161,maid_lusya,9,15,22.38,0.0,0.0,call_for_help,0.427,нейтрально,7.22,0.01,0.0,0,0.46,
161,blacksmith_orm,45,45,28.65,0.0,0.0,request_service,0.424,нейтрально,66.32,0.0,0.0,0,0.71,income_urge(0.71)
161,thief_shadow,29,35,100.0,0.0,0.0,ambush,0.295,нейтрально,34.82,0.91,0.0,0,0.95,income_urge(0.95)
161,tavern_keeper_tornin,30,40,11.62,0.0,0.48,talk,0.655,нейтрально,45.75,0.03,0.0,0,0.49,obligation(1.00)
161,player,100,100,0.0,0.0,1.0,survive,0.0,спокоен,47.23,0.0,0.0,0,0.95,hunger
162,guard_borko,30,30,16.19,0.0,0.0,ambush,0.499,нейтрально,19.23,0.0,0.0,0,0.49,
162,merchant_goran,20,20,19.6,0.0,0.0,offer_job,0.761,нейтрально,108.12,0.0,0.0,0,0.72,income_urge(0.72)
162,maid_lusya,9,15,22.39,0.0,0.0,call_for_help,0.373,нейтрально,7.22,0.01,0.0,0,0.49,
162,blacksmith_orm,45,45,28.65,0.0,0.0,request_service,0.285,нейтрально,66.32,0.0,0.0,0,0.72,income_urge(0.72)
162,thief_shadow,29,35,100.0,0.0,0.0,block_path,0.384,нейтрально,34.82,0.0,0.0,0,0.95,income_urge(0.95)
162,tavern_keeper_tornin,30,40,11.65,0.0,0.458,talk,0.589,нейтрально,45.75,0.03,0.0,0,0.5,obligation(1.00)
162,player,100,100,0.0,0.0,1.0,survive,0.0,спокоен,47.23,0.0,0.0,0,0.95,hunger
163,guard_borko,30,30,16.19,0.0,0.0,ambush,0.284,нейтрально,19.23,0.0,0.0,0,0.5,
163,merchant_goran,20,20,19.6,0.0,0.0,offer_job,0.83,нейтрально,108.12,0.0,0.0,0,0.73,income_urge(0.73)
163,maid_lusya,9,15,22.4,0.0,0.0,call_for_help,0.429,нейтрально,7.22,0.01,0.0,0,0.58,
163,blacksmith_orm,45,45,28.65,0.0,0.0,request_service,0.183,нейтрально,66.32,0.0,0.0,0,0.73,income_urge(0.73)
163,thief_shadow,29,35,100.0,0.0,0.0,block_path,0.479,нейтрально,34.82,0.0,0.0,0,0.95,income_urge(0.95)
163,tavern_keeper_tornin,30,40,11.68,0.0,0.435,talk,0.624,нейтрально,45.75,0.03,0.0,0,0.51,obligation(1.00)
163,player,100,100,0.0,0.0,1.0,survive,0.0,спокоен,47.23,0.0,0.0,0,0.95,hunger
164,guard_borko,30,30,16.19,0.0,0.0,ambush,0.297,нейтрально,19.23,0.0,0.0,0,0.51,
164,merchant_goran,20,20,19.6,0.0,0.0,offer_job,0.74,нейтрально,108.12,0.0,0.0,0,0.74,income_urge(0.74)
164,maid_lusya,9,15,25.86,0.0,0.0,call_for_help,0.346,тревога,7.22,3.46,0.0,0,0.66,hunger(0.66)
164,blacksmith_orm,45,45,28.65,0.0,0.0,change_role,0.249,нейтрально,66.32,0.0,0.0,0,0.74,income_urge(0.74)
164,thief_shadow,29,35,100.0,0.0,0.0,block_path,0.443,тревога,34.82,0.0,0.0,0,0.95,hunger(0.66); income_urge(0.95)
164,tavern_keeper_tornin,30,40,11.71,0.0,0.413,talk,0.488,нейтрально,45.75,0.03,0.0,0,0.52,obligation(1.00)
164,player,100,100,0.0,0.0,1.0,survive,0.0,спокоен,47.23,0.0,0.0,0,0.95,hunger
165,guard_borko,30,30,16.19,0.0,0.0,ambush,0.256,нейтрально,19.23,0.0,0.0,0,0.52,
165,merchant_goran,20,20,19.6,0.0,0.0,offer_job,0.827,нейтрально,108.12,0.0,0.0,0,0.75,income_urge(0.75)
165,maid_lusya,9,15,25.87,0.0,0.0,call_for_help,0.338,нейтрально,7.11,0.01,0.0,0,0.5,
165,blacksmith_orm,45,45,28.65,0.0,0.0,change_role,0.417,нейтрально,66.32,0.0,0.0,0,0.75,income_urge(0.75)
165,thief_shadow,29,35,100.0,0.0,0.0,block_path,0.559,тревога,34.71,0.0,0.0,0,0.95,income_urge(0.95)
165,tavern_keeper_tornin,30,40,11.74,0.0,0.39,talk,0.399,нейтрально,45.97,0.03,0.0,0,0.53,obligation(1.00)
165,player,100,100,0.0,0.0,1.0,survive,0.0,спокоен,47.23,0.0,0.0,0,0.95,hunger
166,guard_borko,30,30,16.19,0.0,0.0,idle,0.0,нейтрально,19.23,0.0,0.0,0,0.54,
166,merchant_goran,20,20,19.6,0.0,0.0,offer_job,0.824,нейтрально,108.12,0.0,0.0,0,0.76,income_urge(0.76)
166,maid_lusya,9,15,25.88,0.0,0.0,call_for_help,0.201,нейтрально,7.11,0.01,0.0,0,0.5,
166,blacksmith_orm,45,45,28.65,0.0,0.0,request_service,0.653,нейтрально,66.32,0.0,0.0,0,0.76,income_urge(0.76)
166,thief_shadow,29,35,100.0,0.0,0.0,block_path,0.522,нейтрально,34.71,0.0,0.0,0,0.95,income_urge(0.95)
166,tavern_keeper_tornin,30,40,11.77,0.0,0.335,talk,0.357,нейтрально,45.97,0.03,0.0,0,0.54,obligation(1.00)
166,player,100,100,0.0,0.0,1.0,survive,0.0,спокоен,47.23,0.0,0.0,0,0.95,hunger
167,guard_borko,30,30,16.19,0.0,0.0,ambush,0.396,нейтрально,19.23,0.0,0.0,0,0.57,
167,merchant_goran,20,20,23.55,0.0,0.0,offer_job,0.707,тревога,108.12,3.95,0.0,0,0.77,hunger(0.68); income_urge(0.77)
167,maid_lusya,9,15,25.89,0.0,0.0,idle,0.0,нейтрально,7.11,0.01,0.0,0,0.51,
167,blacksmith_orm,45,45,32.53,0.0,0.0,request_service,0.839,тревога,66.32,3.87,0.0,0,0.77,hunger(0.67); income_urge(0.77)
167,thief_shadow,29,35,100.0,0.0,0.0,block_path,0.552,нейтрально,34.71,0.0,0.0,0,0.95,income_urge(0.95)
167,tavern_keeper_tornin,30,40,11.8,0.0,0.28,talk,0.24,нейтрально,45.97,0.03,0.0,0,0.55,obligation(1.00)
167,player,100,100,0.0,0.0,1.0,survive,0.0,спокоен,47.23,0.0,0.0,0,0.95,hunger
168,guard_borko,30,30,16.95,0.0,0.0,ambush,0.39,тревога,19.93,0.77,0.0,0,0.64,hunger(0.64)
168,merchant_goran,20,20,20.02,0.0,0.0,offer_job,0.49,тревога,107.42,-3.53,0.0,0,0.78,hunger(0.77); income_urge(0.78)
168,maid_lusya,9,15,22.01,0.0,0.0,seek_ally,0.251,нейтрально,7.41,-3.87,0.0,0,0.52,
168,blacksmith_orm,45,45,27.65,0.0,0.0,request_service,0.708,тревога,66.32,-4.88,0.0,0,0.78,hunger(0.75); income_urge(0.78)
168,thief_shadow,29,35,85.0,0.0,0.0,block_path,0.583,нейтрально,34.71,-15.0,0.0,0,0.95,income_urge(0.95)
168,tavern_keeper_tornin,30,40,10.06,0.0,0.224,talk,0.162,нейтрально,45.73,-1.75,0.0,0,0.56,obligation(1.00)
168,player,100,100,0.0,0.0,1.0,survive,0.0,спокоен,47.23,0.0,0.0,0,0.95,hunger
